question_id,question_number,subject,question_text,predicted_blooms_level,confidence_score,cognitive_depth,identified_action_verb,estimated_difficulty,word_count
BANK_0001,Q1,Computer Networks,"In the following pairs of OSI protocol layer/sub-layer and its functionality, the INCORRECT pair is",Understand,0.5,2,N/A,Easy,15
BANK_0002,Q2,Computer Networks,"An IP machine Q has a path to another IP machine H via three IP routers R1, R2, and R3. Which information can an intruder learn through sniffing at R2 alone?",Understand,0.5,2,N/A,Medium,31
BANK_0003,Q3,Computer Networks,"To send same bit sequence, NRZ encoding require",Understand,0.5,2,N/A,Easy,8
BANK_0004,Q4,Computer Networks,"If there are n devices in a network, what is the number of cable links required for a fully connected mesh and star topology respectively?",Remember,0.98,1,what is,Medium,25
BANK_0005,Q5,Computer Networks,In networking terminology UTP means,Understand,0.5,2,N/A,Easy,5
BANK_0006,Q6,Computer Networks,Physical topology of FDDI is?,Understand,0.5,2,N/A,Easy,5
BANK_0007,Q7,Computer Networks,Bit stuffing refers to,Understand,0.5,2,N/A,Easy,4
BANK_0008,Q8,Computer Networks,How many characters per sec (7 bits + 1 parity) can be transmitted over a 2400 bps line if transfer is synchronous?,Understand,0.5,2,N/A,Medium,22
BANK_0009,Q9,Computer Networks,"What frequency range is used for microwave communications, satellite and radar?",Apply,0.98,3,use,Medium,11
BANK_0010,Q10,Computer Networks,A T-switch is used to,Apply,0.98,3,use,Medium,5
BANK_0011,Q11,Computer Networks,Consider a 50 kbps satellite channel with a 500 ms round trip propagation delay. How long to transmit 1000 bit frames?,Understand,0.5,2,N/A,Medium,21
BANK_0012,Q12,Computer Networks,"In Ethernet, which field is actually added at the physical layer and is not part of the frame?",Understand,0.5,2,N/A,Easy,18
BANK_0013,Q13,Computer Networks,The voltage ranges for a logic high and a logic low in RS-232 C standard is,Understand,0.5,2,N/A,Easy,16
BANK_0014,Q14,Computer Networks,IEEE 1394 is related to,Understand,0.5,2,N/A,Easy,5
BANK_0015,Q15,Computer Networks,One SAN switch has 24 ports supporting 8 Gbps Fiber Channel. What is the aggregate bandwidth?,Remember,0.98,1,what is,Easy,16
BANK_0016,Q16,Computer Networks,Data is transmitted continuously at 2.048 Mbps for 10 hours and received 512 bits errors. What is the bit error rate?,Remember,0.98,1,what is,Medium,21
BANK_0017,Q17,Computer Networks,What is the bit rate of a video terminal unit with 80 characters/line and 100ms sweep time?,Remember,0.98,1,what is,Easy,17
BANK_0018,Q18,Computer Networks,The encoding technique used to transmit the signal in gigabit ethernet over fiber optic is,Apply,0.98,3,use,Medium,15
BANK_0019,Q19,Computer Networks,Assume character code consists of 8 bits. Calculate number of characters transmitted per second at 2400 baud rate.,Apply,0.98,3,calculate,Medium,18
BANK_0020,Q20,Computer Networks,What is the bandwidth of the signal that ranges from 40 kHz to 4 MHz?,Remember,0.98,1,what is,Easy,15
BANK_0021,Q21,Computer Networks,How many bytes of data can be sent in 15 seconds over a serial link with baud rate of 9600 in asynchronous mode?,Understand,0.5,2,N/A,Medium,23
BANK_0022,Q22,Computer Networks,By using an eight bit optical encoder the degree of resolution that can be obtained is,Understand,0.5,2,N/A,Easy,16
BANK_0023,Q23,Computer Networks,Phase transition for each bit are used in,Apply,0.98,3,use,Medium,8
BANK_0024,Q24,Computer Networks,"In Ethernet when Manchester encoding is used, the bit rate is",Apply,0.6,3,use,Medium,11
BANK_0025,Q25,Computer Networks,Purpose of a start bit in RS-232 serial communication protocol is,Understand,0.5,2,N/A,Easy,11
BANK_0026,Q26,Computer Networks,Consider an Ethernet segment with transmission speed of 10^8 bits/sec and max segment length 500m. Calculate min frame size.,Apply,0.98,3,calculate,Medium,19
BANK_0027,Q27,Computer Networks,Consider a 100 Mbps link between earth station and satellite at altitude 2100 km. Calculate time taken to receive 1000 byte packet.,Apply,0.98,3,calculate,Medium,22
BANK_0028,Q28,Computer Networks,Consider a network using pure ALOHA protocol with 1000 bit frames and 1 Mbps rate. Calculate network throughput.,Apply,0.98,3,calculate,Medium,18
BANK_0029,Q29,Computer Networks,"In an IP-over-Ethernet network, machine X wishes to find MAC address of machine Y. Which protocol is used?",Apply,0.98,3,use,Medium,18
BANK_0030,Q30,Computer Networks,Which media access control protocol is used by IEEE 802.11 wireless LAN?,Apply,0.98,3,use,Medium,12
BANK_0031,Q31,Computer Networks,"[Computer Networks Item #31] In the following pairs of OSI protocol layer/sub-layer and its functionality, the INCORRECT pair is (Variant B1)",Apply,0.98,3,compute,Medium,21
BANK_0032,Q32,Computer Networks,"[Computer Networks Item #32] An IP machine Q has a path to another IP machine H via three IP routers R1, R2, and R3. Which information can an intruder learn through sniffing at R2 alone? (Variant B1)",Apply,0.98,3,compute,Medium,37
BANK_0033,Q33,Computer Networks,"[Computer Networks Item #33] To send same bit sequence, NRZ encoding require (Variant B1)",Apply,0.98,3,compute,Medium,14
BANK_0034,Q34,Computer Networks,"[Computer Networks Item #34] If there are n devices in a network, what is the number of cable links required for a fully connected mesh and star topology respectively? (Variant B1)",Apply,0.6,3,compute,Medium,31
BANK_0035,Q35,Computer Networks,[Computer Networks Item #35] In networking terminology UTP means (Variant B1),Apply,0.98,3,compute,Medium,11
BANK_0036,Q36,Computer Networks,[Computer Networks Item #36] Physical topology of FDDI is? (Variant B1),Apply,0.98,3,compute,Medium,11
BANK_0037,Q37,Computer Networks,[Computer Networks Item #37] Bit stuffing refers to (Variant B1),Apply,0.98,3,compute,Medium,10
BANK_0038,Q38,Computer Networks,[Computer Networks Item #38] How many characters per sec (7 bits + 1 parity) can be transmitted over a 2400 bps line if transfer is synchronous? (Variant B1),Apply,0.98,3,compute,Medium,28
BANK_0039,Q39,Computer Networks,"[Computer Networks Item #39] What frequency range is used for microwave communications, satellite and radar? (Variant B1)",Apply,0.98,3,compute,Medium,17
BANK_0040,Q40,Computer Networks,[Computer Networks Item #40] A T-switch is used to (Variant B1),Apply,0.98,3,compute,Medium,11
BANK_0041,Q41,Computer Networks,[Computer Networks Item #41] Consider a 50 kbps satellite channel with a 500 ms round trip propagation delay. How long to transmit 1000 bit frames? (Variant B1),Apply,0.98,3,compute,Medium,27
BANK_0042,Q42,Computer Networks,"[Computer Networks Item #42] In Ethernet, which field is actually added at the physical layer and is not part of the frame? (Variant B1)",Apply,0.98,3,compute,Medium,24
BANK_0043,Q43,Computer Networks,[Computer Networks Item #43] The voltage ranges for a logic high and a logic low in RS-232 C standard is (Variant B1),Apply,0.98,3,compute,Medium,22
BANK_0044,Q44,Computer Networks,[Computer Networks Item #44] IEEE 1394 is related to (Variant B1),Apply,0.98,3,compute,Medium,11
BANK_0045,Q45,Computer Networks,[Computer Networks Item #45] One SAN switch has 24 ports supporting 8 Gbps Fiber Channel. What is the aggregate bandwidth? (Variant B1),Apply,0.6,3,compute,Medium,22
BANK_0046,Q46,Computer Networks,[Computer Networks Item #46] Data is transmitted continuously at 2.048 Mbps for 10 hours and received 512 bits errors. What is the bit error rate? (Variant B1),Apply,0.6,3,compute,Medium,27
BANK_0047,Q47,Computer Networks,[Computer Networks Item #47] What is the bit rate of a video terminal unit with 80 characters/line and 100ms sweep time? (Variant B1),Apply,0.6,3,compute,Medium,23
BANK_0048,Q48,Computer Networks,[Computer Networks Item #48] The encoding technique used to transmit the signal in gigabit ethernet over fiber optic is (Variant B1),Apply,0.98,3,compute,Medium,21
BANK_0049,Q49,Computer Networks,[Computer Networks Item #49] Assume character code consists of 8 bits. Calculate number of characters transmitted per second at 2400 baud rate. (Variant B1),Apply,0.98,3,calculate,Medium,24
BANK_0050,Q50,Computer Networks,[Computer Networks Item #50] What is the bandwidth of the signal that ranges from 40 kHz to 4 MHz? (Variant B1),Apply,0.6,3,compute,Medium,21
BANK_0051,Q51,Computer Networks,[Computer Networks Item #51] How many bytes of data can be sent in 15 seconds over a serial link with baud rate of 9600 in asynchronous mode? (Variant B1),Apply,0.98,3,compute,Medium,29
BANK_0052,Q52,Computer Networks,[Computer Networks Item #52] By using an eight bit optical encoder the degree of resolution that can be obtained is (Variant B1),Apply,0.98,3,compute,Medium,22
BANK_0053,Q53,Computer Networks,[Computer Networks Item #53] Phase transition for each bit are used in (Variant B1),Apply,0.98,3,compute,Medium,14
BANK_0054,Q54,Computer Networks,"[Computer Networks Item #54] In Ethernet when Manchester encoding is used, the bit rate is (Variant B1)",Apply,0.74,3,compute,Medium,17
BANK_0055,Q55,Computer Networks,[Computer Networks Item #55] Purpose of a start bit in RS-232 serial communication protocol is (Variant B1),Apply,0.98,3,compute,Medium,17
BANK_0056,Q56,Computer Networks,[Computer Networks Item #56] Consider an Ethernet segment with transmission speed of 10^8 bits/sec and max segment length 500m. Calculate min frame size. (Variant B1),Apply,0.98,3,calculate,Medium,25
BANK_0057,Q57,Computer Networks,[Computer Networks Item #57] Consider a 100 Mbps link between earth station and satellite at altitude 2100 km. Calculate time taken to receive 1000 byte packet. (Variant B1),Apply,0.98,3,calculate,Medium,28
BANK_0058,Q58,Computer Networks,[Computer Networks Item #58] Consider a network using pure ALOHA protocol with 1000 bit frames and 1 Mbps rate. Calculate network throughput. (Variant B1),Apply,0.98,3,calculate,Medium,24
BANK_0059,Q59,Computer Networks,"[Computer Networks Item #59] In an IP-over-Ethernet network, machine X wishes to find MAC address of machine Y. Which protocol is used? (Variant B1)",Apply,0.98,3,compute,Medium,24
BANK_0060,Q60,Computer Networks,[Computer Networks Item #60] Which media access control protocol is used by IEEE 802.11 wireless LAN? (Variant B1),Apply,0.98,3,compute,Medium,18
BANK_0061,Q61,Computer Networks,"[Computer Networks Item #61] In the following pairs of OSI protocol layer/sub-layer and its functionality, the INCORRECT pair is (Variant B2)",Apply,0.98,3,compute,Medium,21
BANK_0062,Q62,Computer Networks,"[Computer Networks Item #62] An IP machine Q has a path to another IP machine H via three IP routers R1, R2, and R3. Which information can an intruder learn through sniffing at R2 alone? (Variant B2)",Apply,0.98,3,compute,Medium,37
BANK_0063,Q63,Computer Networks,"[Computer Networks Item #63] To send same bit sequence, NRZ encoding require (Variant B2)",Apply,0.98,3,compute,Medium,14
BANK_0064,Q64,Computer Networks,"[Computer Networks Item #64] If there are n devices in a network, what is the number of cable links required for a fully connected mesh and star topology respectively? (Variant B2)",Apply,0.6,3,compute,Medium,31
BANK_0065,Q65,Computer Networks,[Computer Networks Item #65] In networking terminology UTP means (Variant B2),Apply,0.98,3,compute,Medium,11
BANK_0066,Q66,Computer Networks,[Computer Networks Item #66] Physical topology of FDDI is? (Variant B2),Apply,0.98,3,compute,Medium,11
BANK_0067,Q67,Computer Networks,[Computer Networks Item #67] Bit stuffing refers to (Variant B2),Apply,0.98,3,compute,Medium,10
BANK_0068,Q68,Computer Networks,[Computer Networks Item #68] How many characters per sec (7 bits + 1 parity) can be transmitted over a 2400 bps line if transfer is synchronous? (Variant B2),Apply,0.98,3,compute,Medium,28
BANK_0069,Q69,Computer Networks,"[Computer Networks Item #69] What frequency range is used for microwave communications, satellite and radar? (Variant B2)",Apply,0.98,3,compute,Medium,17
BANK_0070,Q70,Computer Networks,[Computer Networks Item #70] A T-switch is used to (Variant B2),Apply,0.98,3,compute,Medium,11
BANK_0071,Q71,Computer Networks,[Computer Networks Item #71] Consider a 50 kbps satellite channel with a 500 ms round trip propagation delay. How long to transmit 1000 bit frames? (Variant B2),Apply,0.98,3,compute,Medium,27
BANK_0072,Q72,Computer Networks,"[Computer Networks Item #72] In Ethernet, which field is actually added at the physical layer and is not part of the frame? (Variant B2)",Apply,0.98,3,compute,Medium,24
BANK_0073,Q73,Computer Networks,[Computer Networks Item #73] The voltage ranges for a logic high and a logic low in RS-232 C standard is (Variant B2),Apply,0.98,3,compute,Medium,22
BANK_0074,Q74,Computer Networks,[Computer Networks Item #74] IEEE 1394 is related to (Variant B2),Apply,0.98,3,compute,Medium,11
BANK_0075,Q75,Computer Networks,[Computer Networks Item #75] One SAN switch has 24 ports supporting 8 Gbps Fiber Channel. What is the aggregate bandwidth? (Variant B2),Apply,0.6,3,compute,Medium,22
BANK_0076,Q76,Computer Networks,[Computer Networks Item #76] Data is transmitted continuously at 2.048 Mbps for 10 hours and received 512 bits errors. What is the bit error rate? (Variant B2),Apply,0.6,3,compute,Medium,27
BANK_0077,Q77,Computer Networks,[Computer Networks Item #77] What is the bit rate of a video terminal unit with 80 characters/line and 100ms sweep time? (Variant B2),Apply,0.6,3,compute,Medium,23
BANK_0078,Q78,Computer Networks,[Computer Networks Item #78] The encoding technique used to transmit the signal in gigabit ethernet over fiber optic is (Variant B2),Apply,0.98,3,compute,Medium,21
BANK_0079,Q79,Computer Networks,[Computer Networks Item #79] Assume character code consists of 8 bits. Calculate number of characters transmitted per second at 2400 baud rate. (Variant B2),Apply,0.98,3,calculate,Medium,24
BANK_0080,Q80,Computer Networks,[Computer Networks Item #80] What is the bandwidth of the signal that ranges from 40 kHz to 4 MHz? (Variant B2),Apply,0.6,3,compute,Medium,21
BANK_0081,Q81,Computer Networks,[Computer Networks Item #81] How many bytes of data can be sent in 15 seconds over a serial link with baud rate of 9600 in asynchronous mode? (Variant B2),Apply,0.98,3,compute,Medium,29
BANK_0082,Q82,Computer Networks,[Computer Networks Item #82] By using an eight bit optical encoder the degree of resolution that can be obtained is (Variant B2),Apply,0.98,3,compute,Medium,22
BANK_0083,Q83,Computer Networks,[Computer Networks Item #83] Phase transition for each bit are used in (Variant B2),Apply,0.98,3,compute,Medium,14
BANK_0084,Q84,Computer Networks,"[Computer Networks Item #84] In Ethernet when Manchester encoding is used, the bit rate is (Variant B2)",Apply,0.74,3,compute,Medium,17
BANK_0085,Q85,Computer Networks,[Computer Networks Item #85] Purpose of a start bit in RS-232 serial communication protocol is (Variant B2),Apply,0.98,3,compute,Medium,17
BANK_0086,Q86,Computer Networks,[Computer Networks Item #86] Consider an Ethernet segment with transmission speed of 10^8 bits/sec and max segment length 500m. Calculate min frame size. (Variant B2),Apply,0.98,3,calculate,Medium,25
BANK_0087,Q87,Computer Networks,[Computer Networks Item #87] Consider a 100 Mbps link between earth station and satellite at altitude 2100 km. Calculate time taken to receive 1000 byte packet. (Variant B2),Apply,0.98,3,calculate,Medium,28
BANK_0088,Q88,Computer Networks,[Computer Networks Item #88] Consider a network using pure ALOHA protocol with 1000 bit frames and 1 Mbps rate. Calculate network throughput. (Variant B2),Apply,0.98,3,calculate,Medium,24
BANK_0089,Q89,Computer Networks,"[Computer Networks Item #89] In an IP-over-Ethernet network, machine X wishes to find MAC address of machine Y. Which protocol is used? (Variant B2)",Apply,0.98,3,compute,Medium,24
BANK_0090,Q90,Computer Networks,[Computer Networks Item #90] Which media access control protocol is used by IEEE 802.11 wireless LAN? (Variant B2),Apply,0.98,3,compute,Medium,18
BANK_0091,Q91,Computer Networks,"[Computer Networks Item #91] In the following pairs of OSI protocol layer/sub-layer and its functionality, the INCORRECT pair is (Variant B3)",Apply,0.98,3,compute,Medium,21
BANK_0092,Q92,Computer Networks,"[Computer Networks Item #92] An IP machine Q has a path to another IP machine H via three IP routers R1, R2, and R3. Which information can an intruder learn through sniffing at R2 alone? (Variant B3)",Apply,0.98,3,compute,Medium,37
BANK_0093,Q93,Computer Networks,"[Computer Networks Item #93] To send same bit sequence, NRZ encoding require (Variant B3)",Apply,0.98,3,compute,Medium,14
BANK_0094,Q94,Computer Networks,"[Computer Networks Item #94] If there are n devices in a network, what is the number of cable links required for a fully connected mesh and star topology respectively? (Variant B3)",Apply,0.6,3,compute,Medium,31
BANK_0095,Q95,Computer Networks,[Computer Networks Item #95] In networking terminology UTP means (Variant B3),Apply,0.98,3,compute,Medium,11
BANK_0096,Q96,Computer Networks,[Computer Networks Item #96] Physical topology of FDDI is? (Variant B3),Apply,0.98,3,compute,Medium,11
BANK_0097,Q97,Computer Networks,[Computer Networks Item #97] Bit stuffing refers to (Variant B3),Apply,0.98,3,compute,Medium,10
BANK_0098,Q98,Computer Networks,[Computer Networks Item #98] How many characters per sec (7 bits + 1 parity) can be transmitted over a 2400 bps line if transfer is synchronous? (Variant B3),Apply,0.98,3,compute,Medium,28
BANK_0099,Q99,Computer Networks,"[Computer Networks Item #99] What frequency range is used for microwave communications, satellite and radar? (Variant B3)",Apply,0.98,3,compute,Medium,17
BANK_0100,Q100,Computer Networks,[Computer Networks Item #100] A T-switch is used to (Variant B3),Apply,0.98,3,compute,Medium,11
BANK_0101,Q101,Computer Networks,[Computer Networks Item #101] Consider a 50 kbps satellite channel with a 500 ms round trip propagation delay. How long to transmit 1000 bit frames? (Variant B3),Apply,0.98,3,compute,Medium,27
BANK_0102,Q102,Computer Networks,"[Computer Networks Item #102] In Ethernet, which field is actually added at the physical layer and is not part of the frame? (Variant B3)",Apply,0.98,3,compute,Medium,24
BANK_0103,Q103,Computer Networks,[Computer Networks Item #103] The voltage ranges for a logic high and a logic low in RS-232 C standard is (Variant B3),Apply,0.98,3,compute,Medium,22
BANK_0104,Q104,Computer Networks,[Computer Networks Item #104] IEEE 1394 is related to (Variant B3),Apply,0.98,3,compute,Medium,11
BANK_0105,Q105,Computer Networks,[Computer Networks Item #105] One SAN switch has 24 ports supporting 8 Gbps Fiber Channel. What is the aggregate bandwidth? (Variant B3),Apply,0.6,3,compute,Medium,22
BANK_0106,Q106,Computer Networks,[Computer Networks Item #106] Data is transmitted continuously at 2.048 Mbps for 10 hours and received 512 bits errors. What is the bit error rate? (Variant B3),Apply,0.6,3,compute,Medium,27
BANK_0107,Q107,Computer Networks,[Computer Networks Item #107] What is the bit rate of a video terminal unit with 80 characters/line and 100ms sweep time? (Variant B3),Apply,0.6,3,compute,Medium,23
BANK_0108,Q108,Computer Networks,[Computer Networks Item #108] The encoding technique used to transmit the signal in gigabit ethernet over fiber optic is (Variant B3),Apply,0.98,3,compute,Medium,21
BANK_0109,Q109,Computer Networks,[Computer Networks Item #109] Assume character code consists of 8 bits. Calculate number of characters transmitted per second at 2400 baud rate. (Variant B3),Apply,0.98,3,calculate,Medium,24
BANK_0110,Q110,Computer Networks,[Computer Networks Item #110] What is the bandwidth of the signal that ranges from 40 kHz to 4 MHz? (Variant B3),Apply,0.6,3,compute,Medium,21
BANK_0111,Q111,Computer Networks,[Computer Networks Item #111] How many bytes of data can be sent in 15 seconds over a serial link with baud rate of 9600 in asynchronous mode? (Variant B3),Apply,0.98,3,compute,Medium,29
BANK_0112,Q112,Computer Networks,[Computer Networks Item #112] By using an eight bit optical encoder the degree of resolution that can be obtained is (Variant B3),Apply,0.98,3,compute,Medium,22
BANK_0113,Q113,Computer Networks,[Computer Networks Item #113] Phase transition for each bit are used in (Variant B3),Apply,0.98,3,compute,Medium,14
BANK_0114,Q114,Computer Networks,"[Computer Networks Item #114] In Ethernet when Manchester encoding is used, the bit rate is (Variant B3)",Apply,0.74,3,compute,Medium,17
BANK_0115,Q115,Computer Networks,[Computer Networks Item #115] Purpose of a start bit in RS-232 serial communication protocol is (Variant B3),Apply,0.98,3,compute,Medium,17
BANK_0116,Q116,Computer Networks,[Computer Networks Item #116] Consider an Ethernet segment with transmission speed of 10^8 bits/sec and max segment length 500m. Calculate min frame size. (Variant B3),Apply,0.98,3,calculate,Medium,25
BANK_0117,Q117,Computer Networks,[Computer Networks Item #117] Consider a 100 Mbps link between earth station and satellite at altitude 2100 km. Calculate time taken to receive 1000 byte packet. (Variant B3),Apply,0.98,3,calculate,Medium,28
BANK_0118,Q118,Computer Networks,[Computer Networks Item #118] Consider a network using pure ALOHA protocol with 1000 bit frames and 1 Mbps rate. Calculate network throughput. (Variant B3),Apply,0.98,3,calculate,Medium,24
BANK_0119,Q119,Computer Networks,"[Computer Networks Item #119] In an IP-over-Ethernet network, machine X wishes to find MAC address of machine Y. Which protocol is used? (Variant B3)",Apply,0.98,3,compute,Medium,24
BANK_0120,Q120,Computer Networks,[Computer Networks Item #120] Which media access control protocol is used by IEEE 802.11 wireless LAN? (Variant B3),Apply,0.98,3,compute,Medium,18
BANK_0121,Q121,Computer Networks,"[Computer Networks Item #121] In the following pairs of OSI protocol layer/sub-layer and its functionality, the INCORRECT pair is (Variant B4)",Apply,0.98,3,compute,Medium,21
BANK_0122,Q122,Computer Networks,"[Computer Networks Item #122] An IP machine Q has a path to another IP machine H via three IP routers R1, R2, and R3. Which information can an intruder learn through sniffing at R2 alone? (Variant B4)",Apply,0.98,3,compute,Medium,37
BANK_0123,Q123,Computer Networks,"[Computer Networks Item #123] To send same bit sequence, NRZ encoding require (Variant B4)",Apply,0.98,3,compute,Medium,14
BANK_0124,Q124,Computer Networks,"[Computer Networks Item #124] If there are n devices in a network, what is the number of cable links required for a fully connected mesh and star topology respectively? (Variant B4)",Apply,0.6,3,compute,Medium,31
BANK_0125,Q125,Computer Networks,[Computer Networks Item #125] In networking terminology UTP means (Variant B4),Apply,0.98,3,compute,Medium,11
BANK_0126,Q126,Computer Networks,[Computer Networks Item #126] Physical topology of FDDI is? (Variant B4),Apply,0.98,3,compute,Medium,11
BANK_0127,Q127,Computer Networks,[Computer Networks Item #127] Bit stuffing refers to (Variant B4),Apply,0.98,3,compute,Medium,10
BANK_0128,Q128,Computer Networks,[Computer Networks Item #128] How many characters per sec (7 bits + 1 parity) can be transmitted over a 2400 bps line if transfer is synchronous? (Variant B4),Apply,0.98,3,compute,Medium,28
BANK_0129,Q129,Computer Networks,"[Computer Networks Item #129] What frequency range is used for microwave communications, satellite and radar? (Variant B4)",Apply,0.98,3,compute,Medium,17
BANK_0130,Q130,Computer Networks,[Computer Networks Item #130] A T-switch is used to (Variant B4),Apply,0.98,3,compute,Medium,11
BANK_0131,Q131,Computer Networks,[Computer Networks Item #131] Consider a 50 kbps satellite channel with a 500 ms round trip propagation delay. How long to transmit 1000 bit frames? (Variant B4),Apply,0.98,3,compute,Medium,27
BANK_0132,Q132,Computer Networks,"[Computer Networks Item #132] In Ethernet, which field is actually added at the physical layer and is not part of the frame? (Variant B4)",Apply,0.98,3,compute,Medium,24
BANK_0133,Q133,Computer Networks,[Computer Networks Item #133] The voltage ranges for a logic high and a logic low in RS-232 C standard is (Variant B4),Apply,0.98,3,compute,Medium,22
BANK_0134,Q134,Computer Networks,[Computer Networks Item #134] IEEE 1394 is related to (Variant B4),Apply,0.98,3,compute,Medium,11
BANK_0135,Q135,Computer Networks,[Computer Networks Item #135] One SAN switch has 24 ports supporting 8 Gbps Fiber Channel. What is the aggregate bandwidth? (Variant B4),Apply,0.6,3,compute,Medium,22
BANK_0136,Q136,Computer Networks,[Computer Networks Item #136] Data is transmitted continuously at 2.048 Mbps for 10 hours and received 512 bits errors. What is the bit error rate? (Variant B4),Apply,0.6,3,compute,Medium,27
BANK_0137,Q137,Computer Networks,[Computer Networks Item #137] What is the bit rate of a video terminal unit with 80 characters/line and 100ms sweep time? (Variant B4),Apply,0.6,3,compute,Medium,23
BANK_0138,Q138,Computer Networks,[Computer Networks Item #138] The encoding technique used to transmit the signal in gigabit ethernet over fiber optic is (Variant B4),Apply,0.98,3,compute,Medium,21
BANK_0139,Q139,Computer Networks,[Computer Networks Item #139] Assume character code consists of 8 bits. Calculate number of characters transmitted per second at 2400 baud rate. (Variant B4),Apply,0.98,3,calculate,Medium,24
BANK_0140,Q140,Computer Networks,[Computer Networks Item #140] What is the bandwidth of the signal that ranges from 40 kHz to 4 MHz? (Variant B4),Apply,0.6,3,compute,Medium,21
BANK_0141,Q141,Computer Networks,[Computer Networks Item #141] How many bytes of data can be sent in 15 seconds over a serial link with baud rate of 9600 in asynchronous mode? (Variant B4),Apply,0.98,3,compute,Medium,29
BANK_0142,Q142,Computer Networks,[Computer Networks Item #142] By using an eight bit optical encoder the degree of resolution that can be obtained is (Variant B4),Apply,0.98,3,compute,Medium,22
BANK_0143,Q143,Computer Networks,[Computer Networks Item #143] Phase transition for each bit are used in (Variant B4),Apply,0.98,3,compute,Medium,14
BANK_0144,Q144,Computer Networks,"[Computer Networks Item #144] In Ethernet when Manchester encoding is used, the bit rate is (Variant B4)",Apply,0.74,3,compute,Medium,17
BANK_0145,Q145,Computer Networks,[Computer Networks Item #145] Purpose of a start bit in RS-232 serial communication protocol is (Variant B4),Apply,0.98,3,compute,Medium,17
BANK_0146,Q146,Computer Networks,[Computer Networks Item #146] Consider an Ethernet segment with transmission speed of 10^8 bits/sec and max segment length 500m. Calculate min frame size. (Variant B4),Apply,0.98,3,calculate,Medium,25
BANK_0147,Q147,Computer Networks,[Computer Networks Item #147] Consider a 100 Mbps link between earth station and satellite at altitude 2100 km. Calculate time taken to receive 1000 byte packet. (Variant B4),Apply,0.98,3,calculate,Medium,28
BANK_0148,Q148,Computer Networks,[Computer Networks Item #148] Consider a network using pure ALOHA protocol with 1000 bit frames and 1 Mbps rate. Calculate network throughput. (Variant B4),Apply,0.98,3,calculate,Medium,24
BANK_0149,Q149,Computer Networks,"[Computer Networks Item #149] In an IP-over-Ethernet network, machine X wishes to find MAC address of machine Y. Which protocol is used? (Variant B4)",Apply,0.98,3,compute,Medium,24
BANK_0150,Q150,Computer Networks,[Computer Networks Item #150] Which media access control protocol is used by IEEE 802.11 wireless LAN? (Variant B4),Apply,0.98,3,compute,Medium,18
BANK_0151,Q151,Computer Networks,"[Computer Networks Item #151] In the following pairs of OSI protocol layer/sub-layer and its functionality, the INCORRECT pair is (Variant B5)",Apply,0.98,3,compute,Medium,21
BANK_0152,Q152,Computer Networks,"[Computer Networks Item #152] An IP machine Q has a path to another IP machine H via three IP routers R1, R2, and R3. Which information can an intruder learn through sniffing at R2 alone? (Variant B5)",Apply,0.98,3,compute,Medium,37
BANK_0153,Q153,Computer Networks,"[Computer Networks Item #153] To send same bit sequence, NRZ encoding require (Variant B5)",Apply,0.98,3,compute,Medium,14
BANK_0154,Q154,Computer Networks,"[Computer Networks Item #154] If there are n devices in a network, what is the number of cable links required for a fully connected mesh and star topology respectively? (Variant B5)",Apply,0.6,3,compute,Medium,31
BANK_0155,Q155,Computer Networks,[Computer Networks Item #155] In networking terminology UTP means (Variant B5),Apply,0.98,3,compute,Medium,11
BANK_0156,Q156,Computer Networks,[Computer Networks Item #156] Physical topology of FDDI is? (Variant B5),Apply,0.98,3,compute,Medium,11
BANK_0157,Q157,Computer Networks,[Computer Networks Item #157] Bit stuffing refers to (Variant B5),Apply,0.98,3,compute,Medium,10
BANK_0158,Q158,Computer Networks,[Computer Networks Item #158] How many characters per sec (7 bits + 1 parity) can be transmitted over a 2400 bps line if transfer is synchronous? (Variant B5),Apply,0.98,3,compute,Medium,28
BANK_0159,Q159,Computer Networks,"[Computer Networks Item #159] What frequency range is used for microwave communications, satellite and radar? (Variant B5)",Apply,0.98,3,compute,Medium,17
BANK_0160,Q160,Computer Networks,[Computer Networks Item #160] A T-switch is used to (Variant B5),Apply,0.98,3,compute,Medium,11
BANK_0161,Q161,Computer Networks,[Computer Networks Item #161] Consider a 50 kbps satellite channel with a 500 ms round trip propagation delay. How long to transmit 1000 bit frames? (Variant B5),Apply,0.98,3,compute,Medium,27
BANK_0162,Q162,Computer Networks,"[Computer Networks Item #162] In Ethernet, which field is actually added at the physical layer and is not part of the frame? (Variant B5)",Apply,0.98,3,compute,Medium,24
BANK_0163,Q163,Computer Networks,[Computer Networks Item #163] The voltage ranges for a logic high and a logic low in RS-232 C standard is (Variant B5),Apply,0.98,3,compute,Medium,22
BANK_0164,Q164,Computer Networks,[Computer Networks Item #164] IEEE 1394 is related to (Variant B5),Apply,0.98,3,compute,Medium,11
BANK_0165,Q165,Computer Networks,[Computer Networks Item #165] One SAN switch has 24 ports supporting 8 Gbps Fiber Channel. What is the aggregate bandwidth? (Variant B5),Apply,0.6,3,compute,Medium,22
BANK_0166,Q166,Computer Networks,[Computer Networks Item #166] Data is transmitted continuously at 2.048 Mbps for 10 hours and received 512 bits errors. What is the bit error rate? (Variant B5),Apply,0.6,3,compute,Medium,27
BANK_0167,Q167,Computer Networks,[Computer Networks Item #167] What is the bit rate of a video terminal unit with 80 characters/line and 100ms sweep time? (Variant B5),Apply,0.6,3,compute,Medium,23
BANK_0168,Q168,Computer Networks,[Computer Networks Item #168] The encoding technique used to transmit the signal in gigabit ethernet over fiber optic is (Variant B5),Apply,0.98,3,compute,Medium,21
BANK_0169,Q169,Computer Networks,[Computer Networks Item #169] Assume character code consists of 8 bits. Calculate number of characters transmitted per second at 2400 baud rate. (Variant B5),Apply,0.98,3,calculate,Medium,24
BANK_0170,Q170,Computer Networks,[Computer Networks Item #170] What is the bandwidth of the signal that ranges from 40 kHz to 4 MHz? (Variant B5),Apply,0.6,3,compute,Medium,21
BANK_0171,Q171,Computer Networks,[Computer Networks Item #171] How many bytes of data can be sent in 15 seconds over a serial link with baud rate of 9600 in asynchronous mode? (Variant B5),Apply,0.98,3,compute,Medium,29
BANK_0172,Q172,Computer Networks,[Computer Networks Item #172] By using an eight bit optical encoder the degree of resolution that can be obtained is (Variant B5),Apply,0.98,3,compute,Medium,22
BANK_0173,Q173,Computer Networks,[Computer Networks Item #173] Phase transition for each bit are used in (Variant B5),Apply,0.98,3,compute,Medium,14
BANK_0174,Q174,Computer Networks,"[Computer Networks Item #174] In Ethernet when Manchester encoding is used, the bit rate is (Variant B5)",Apply,0.74,3,compute,Medium,17
BANK_0175,Q175,Computer Networks,[Computer Networks Item #175] Purpose of a start bit in RS-232 serial communication protocol is (Variant B5),Apply,0.98,3,compute,Medium,17
BANK_0176,Q176,Computer Networks,[Computer Networks Item #176] Consider an Ethernet segment with transmission speed of 10^8 bits/sec and max segment length 500m. Calculate min frame size. (Variant B5),Apply,0.98,3,calculate,Medium,25
BANK_0177,Q177,Computer Networks,[Computer Networks Item #177] Consider a 100 Mbps link between earth station and satellite at altitude 2100 km. Calculate time taken to receive 1000 byte packet. (Variant B5),Apply,0.98,3,calculate,Medium,28
BANK_0178,Q178,Computer Networks,[Computer Networks Item #178] Consider a network using pure ALOHA protocol with 1000 bit frames and 1 Mbps rate. Calculate network throughput. (Variant B5),Apply,0.98,3,calculate,Medium,24
BANK_0179,Q179,Computer Networks,"[Computer Networks Item #179] In an IP-over-Ethernet network, machine X wishes to find MAC address of machine Y. Which protocol is used? (Variant B5)",Apply,0.98,3,compute,Medium,24
BANK_0180,Q180,Computer Networks,[Computer Networks Item #180] Which media access control protocol is used by IEEE 802.11 wireless LAN? (Variant B5),Apply,0.98,3,compute,Medium,18
BANK_0181,Q181,Computer Networks,"[Computer Networks Item #181] In the following pairs of OSI protocol layer/sub-layer and its functionality, the INCORRECT pair is (Variant B6)",Apply,0.98,3,compute,Medium,21
BANK_0182,Q182,Computer Networks,"[Computer Networks Item #182] An IP machine Q has a path to another IP machine H via three IP routers R1, R2, and R3. Which information can an intruder learn through sniffing at R2 alone? (Variant B6)",Apply,0.98,3,compute,Medium,37
BANK_0183,Q183,Computer Networks,"[Computer Networks Item #183] To send same bit sequence, NRZ encoding require (Variant B6)",Apply,0.98,3,compute,Medium,14
BANK_0184,Q184,Computer Networks,"[Computer Networks Item #184] If there are n devices in a network, what is the number of cable links required for a fully connected mesh and star topology respectively? (Variant B6)",Apply,0.6,3,compute,Medium,31
BANK_0185,Q185,Computer Networks,[Computer Networks Item #185] In networking terminology UTP means (Variant B6),Apply,0.98,3,compute,Medium,11
BANK_0186,Q186,Computer Networks,[Computer Networks Item #186] Physical topology of FDDI is? (Variant B6),Apply,0.98,3,compute,Medium,11
BANK_0187,Q187,Computer Networks,[Computer Networks Item #187] Bit stuffing refers to (Variant B6),Apply,0.98,3,compute,Medium,10
BANK_0188,Q188,Computer Networks,[Computer Networks Item #188] How many characters per sec (7 bits + 1 parity) can be transmitted over a 2400 bps line if transfer is synchronous? (Variant B6),Apply,0.98,3,compute,Medium,28
BANK_0189,Q189,Computer Networks,"[Computer Networks Item #189] What frequency range is used for microwave communications, satellite and radar? (Variant B6)",Apply,0.98,3,compute,Medium,17
BANK_0190,Q190,Computer Networks,[Computer Networks Item #190] A T-switch is used to (Variant B6),Apply,0.98,3,compute,Medium,11
BANK_0191,Q191,Computer Networks,[Computer Networks Item #191] Consider a 50 kbps satellite channel with a 500 ms round trip propagation delay. How long to transmit 1000 bit frames? (Variant B6),Apply,0.98,3,compute,Medium,27
BANK_0192,Q192,Computer Networks,"[Computer Networks Item #192] In Ethernet, which field is actually added at the physical layer and is not part of the frame? (Variant B6)",Apply,0.98,3,compute,Medium,24
BANK_0193,Q193,Computer Networks,[Computer Networks Item #193] The voltage ranges for a logic high and a logic low in RS-232 C standard is (Variant B6),Apply,0.98,3,compute,Medium,22
BANK_0194,Q194,Computer Networks,[Computer Networks Item #194] IEEE 1394 is related to (Variant B6),Apply,0.98,3,compute,Medium,11
BANK_0195,Q195,Computer Networks,[Computer Networks Item #195] One SAN switch has 24 ports supporting 8 Gbps Fiber Channel. What is the aggregate bandwidth? (Variant B6),Apply,0.6,3,compute,Medium,22
BANK_0196,Q196,Computer Networks,[Computer Networks Item #196] Data is transmitted continuously at 2.048 Mbps for 10 hours and received 512 bits errors. What is the bit error rate? (Variant B6),Apply,0.6,3,compute,Medium,27
BANK_0197,Q197,Computer Networks,[Computer Networks Item #197] What is the bit rate of a video terminal unit with 80 characters/line and 100ms sweep time? (Variant B6),Apply,0.6,3,compute,Medium,23
BANK_0198,Q198,Computer Networks,[Computer Networks Item #198] The encoding technique used to transmit the signal in gigabit ethernet over fiber optic is (Variant B6),Apply,0.98,3,compute,Medium,21
BANK_0199,Q199,Computer Networks,[Computer Networks Item #199] Assume character code consists of 8 bits. Calculate number of characters transmitted per second at 2400 baud rate. (Variant B6),Apply,0.98,3,calculate,Medium,24
BANK_0200,Q200,Computer Networks,[Computer Networks Item #200] What is the bandwidth of the signal that ranges from 40 kHz to 4 MHz? (Variant B6),Apply,0.6,3,compute,Medium,21
BANK_0201,Q201,Computer Networks,[Computer Networks Item #201] How many bytes of data can be sent in 15 seconds over a serial link with baud rate of 9600 in asynchronous mode? (Variant B6),Apply,0.98,3,compute,Medium,29
BANK_0202,Q202,Computer Networks,[Computer Networks Item #202] By using an eight bit optical encoder the degree of resolution that can be obtained is (Variant B6),Apply,0.98,3,compute,Medium,22
BANK_0203,Q203,Computer Networks,[Computer Networks Item #203] Phase transition for each bit are used in (Variant B6),Apply,0.98,3,compute,Medium,14
BANK_0204,Q204,Computer Networks,"[Computer Networks Item #204] In Ethernet when Manchester encoding is used, the bit rate is (Variant B6)",Apply,0.74,3,compute,Medium,17
BANK_0205,Q205,Computer Networks,[Computer Networks Item #205] Purpose of a start bit in RS-232 serial communication protocol is (Variant B6),Apply,0.98,3,compute,Medium,17
BANK_0206,Q206,Computer Networks,[Computer Networks Item #206] Consider an Ethernet segment with transmission speed of 10^8 bits/sec and max segment length 500m. Calculate min frame size. (Variant B6),Apply,0.98,3,calculate,Medium,25
BANK_0207,Q207,Computer Networks,[Computer Networks Item #207] Consider a 100 Mbps link between earth station and satellite at altitude 2100 km. Calculate time taken to receive 1000 byte packet. (Variant B6),Apply,0.98,3,calculate,Medium,28
BANK_0208,Q208,Computer Networks,[Computer Networks Item #208] Consider a network using pure ALOHA protocol with 1000 bit frames and 1 Mbps rate. Calculate network throughput. (Variant B6),Apply,0.98,3,calculate,Medium,24
BANK_0209,Q209,Computer Networks,"[Computer Networks Item #209] In an IP-over-Ethernet network, machine X wishes to find MAC address of machine Y. Which protocol is used? (Variant B6)",Apply,0.98,3,compute,Medium,24
BANK_0210,Q210,Computer Networks,[Computer Networks Item #210] Which media access control protocol is used by IEEE 802.11 wireless LAN? (Variant B6),Apply,0.98,3,compute,Medium,18
BANK_0211,Q211,Computer Networks,"[Computer Networks Item #211] In the following pairs of OSI protocol layer/sub-layer and its functionality, the INCORRECT pair is (Variant B7)",Apply,0.98,3,compute,Medium,21
BANK_0212,Q212,Computer Networks,"[Computer Networks Item #212] An IP machine Q has a path to another IP machine H via three IP routers R1, R2, and R3. Which information can an intruder learn through sniffing at R2 alone? (Variant B7)",Apply,0.98,3,compute,Medium,37
BANK_0213,Q213,Computer Networks,"[Computer Networks Item #213] To send same bit sequence, NRZ encoding require (Variant B7)",Apply,0.98,3,compute,Medium,14
BANK_0214,Q214,Computer Networks,"[Computer Networks Item #214] If there are n devices in a network, what is the number of cable links required for a fully connected mesh and star topology respectively? (Variant B7)",Apply,0.6,3,compute,Medium,31
BANK_0215,Q215,Computer Networks,[Computer Networks Item #215] In networking terminology UTP means (Variant B7),Apply,0.98,3,compute,Medium,11
BANK_0216,Q216,Computer Networks,[Computer Networks Item #216] Physical topology of FDDI is? (Variant B7),Apply,0.98,3,compute,Medium,11
BANK_0217,Q217,Computer Networks,[Computer Networks Item #217] Bit stuffing refers to (Variant B7),Apply,0.98,3,compute,Medium,10
BANK_0218,Q218,Computer Networks,[Computer Networks Item #218] How many characters per sec (7 bits + 1 parity) can be transmitted over a 2400 bps line if transfer is synchronous? (Variant B7),Apply,0.98,3,compute,Medium,28
BANK_0219,Q219,Computer Networks,"[Computer Networks Item #219] What frequency range is used for microwave communications, satellite and radar? (Variant B7)",Apply,0.98,3,compute,Medium,17
BANK_0220,Q220,Computer Networks,[Computer Networks Item #220] A T-switch is used to (Variant B7),Apply,0.98,3,compute,Medium,11
BANK_0221,Q221,Computer Networks,[Computer Networks Item #221] Consider a 50 kbps satellite channel with a 500 ms round trip propagation delay. How long to transmit 1000 bit frames? (Variant B7),Apply,0.98,3,compute,Medium,27
BANK_0222,Q222,Computer Networks,"[Computer Networks Item #222] In Ethernet, which field is actually added at the physical layer and is not part of the frame? (Variant B7)",Apply,0.98,3,compute,Medium,24
BANK_0223,Q223,Computer Networks,[Computer Networks Item #223] The voltage ranges for a logic high and a logic low in RS-232 C standard is (Variant B7),Apply,0.98,3,compute,Medium,22
BANK_0224,Q224,Computer Networks,[Computer Networks Item #224] IEEE 1394 is related to (Variant B7),Apply,0.98,3,compute,Medium,11
BANK_0225,Q225,Computer Networks,[Computer Networks Item #225] One SAN switch has 24 ports supporting 8 Gbps Fiber Channel. What is the aggregate bandwidth? (Variant B7),Apply,0.6,3,compute,Medium,22
BANK_0226,Q226,Computer Networks,[Computer Networks Item #226] Data is transmitted continuously at 2.048 Mbps for 10 hours and received 512 bits errors. What is the bit error rate? (Variant B7),Apply,0.6,3,compute,Medium,27
BANK_0227,Q227,Computer Networks,[Computer Networks Item #227] What is the bit rate of a video terminal unit with 80 characters/line and 100ms sweep time? (Variant B7),Apply,0.6,3,compute,Medium,23
BANK_0228,Q228,Computer Networks,[Computer Networks Item #228] The encoding technique used to transmit the signal in gigabit ethernet over fiber optic is (Variant B7),Apply,0.98,3,compute,Medium,21
BANK_0229,Q229,Computer Networks,[Computer Networks Item #229] Assume character code consists of 8 bits. Calculate number of characters transmitted per second at 2400 baud rate. (Variant B7),Apply,0.98,3,calculate,Medium,24
BANK_0230,Q230,Computer Networks,[Computer Networks Item #230] What is the bandwidth of the signal that ranges from 40 kHz to 4 MHz? (Variant B7),Apply,0.6,3,compute,Medium,21
BANK_0231,Q231,Computer Networks,[Computer Networks Item #231] How many bytes of data can be sent in 15 seconds over a serial link with baud rate of 9600 in asynchronous mode? (Variant B7),Apply,0.98,3,compute,Medium,29
BANK_0232,Q232,Computer Networks,[Computer Networks Item #232] By using an eight bit optical encoder the degree of resolution that can be obtained is (Variant B7),Apply,0.98,3,compute,Medium,22
BANK_0233,Q233,Computer Networks,[Computer Networks Item #233] Phase transition for each bit are used in (Variant B7),Apply,0.98,3,compute,Medium,14
BANK_0234,Q234,Computer Networks,"[Computer Networks Item #234] In Ethernet when Manchester encoding is used, the bit rate is (Variant B7)",Apply,0.74,3,compute,Medium,17
BANK_0235,Q235,Computer Networks,[Computer Networks Item #235] Purpose of a start bit in RS-232 serial communication protocol is (Variant B7),Apply,0.98,3,compute,Medium,17
BANK_0236,Q236,Computer Networks,[Computer Networks Item #236] Consider an Ethernet segment with transmission speed of 10^8 bits/sec and max segment length 500m. Calculate min frame size. (Variant B7),Apply,0.98,3,calculate,Medium,25
BANK_0237,Q237,Computer Networks,[Computer Networks Item #237] Consider a 100 Mbps link between earth station and satellite at altitude 2100 km. Calculate time taken to receive 1000 byte packet. (Variant B7),Apply,0.98,3,calculate,Medium,28
BANK_0238,Q238,Computer Networks,[Computer Networks Item #238] Consider a network using pure ALOHA protocol with 1000 bit frames and 1 Mbps rate. Calculate network throughput. (Variant B7),Apply,0.98,3,calculate,Medium,24
BANK_0239,Q239,Computer Networks,"[Computer Networks Item #239] In an IP-over-Ethernet network, machine X wishes to find MAC address of machine Y. Which protocol is used? (Variant B7)",Apply,0.98,3,compute,Medium,24
BANK_0240,Q240,Computer Networks,[Computer Networks Item #240] Which media access control protocol is used by IEEE 802.11 wireless LAN? (Variant B7),Apply,0.98,3,compute,Medium,18
BANK_0241,Q241,Computer Networks,"[Computer Networks Item #241] In the following pairs of OSI protocol layer/sub-layer and its functionality, the INCORRECT pair is (Variant B8)",Apply,0.98,3,compute,Medium,21
BANK_0242,Q242,Computer Networks,"[Computer Networks Item #242] An IP machine Q has a path to another IP machine H via three IP routers R1, R2, and R3. Which information can an intruder learn through sniffing at R2 alone? (Variant B8)",Apply,0.98,3,compute,Medium,37
BANK_0243,Q243,Computer Networks,"[Computer Networks Item #243] To send same bit sequence, NRZ encoding require (Variant B8)",Apply,0.98,3,compute,Medium,14
BANK_0244,Q244,Computer Networks,"[Computer Networks Item #244] If there are n devices in a network, what is the number of cable links required for a fully connected mesh and star topology respectively? (Variant B8)",Apply,0.6,3,compute,Medium,31
BANK_0245,Q245,Computer Networks,[Computer Networks Item #245] In networking terminology UTP means (Variant B8),Apply,0.98,3,compute,Medium,11
BANK_0246,Q246,Computer Networks,[Computer Networks Item #246] Physical topology of FDDI is? (Variant B8),Apply,0.98,3,compute,Medium,11
BANK_0247,Q247,Computer Networks,[Computer Networks Item #247] Bit stuffing refers to (Variant B8),Apply,0.98,3,compute,Medium,10
BANK_0248,Q248,Computer Networks,[Computer Networks Item #248] How many characters per sec (7 bits + 1 parity) can be transmitted over a 2400 bps line if transfer is synchronous? (Variant B8),Apply,0.98,3,compute,Medium,28
BANK_0249,Q249,Computer Networks,"[Computer Networks Item #249] What frequency range is used for microwave communications, satellite and radar? (Variant B8)",Apply,0.98,3,compute,Medium,17
BANK_0250,Q250,Computer Networks,[Computer Networks Item #250] A T-switch is used to (Variant B8),Apply,0.98,3,compute,Medium,11
BANK_0251,Q251,Computer Networks,[Computer Networks Item #251] Consider a 50 kbps satellite channel with a 500 ms round trip propagation delay. How long to transmit 1000 bit frames? (Variant B8),Apply,0.98,3,compute,Medium,27
BANK_0252,Q252,Computer Networks,"[Computer Networks Item #252] In Ethernet, which field is actually added at the physical layer and is not part of the frame? (Variant B8)",Apply,0.98,3,compute,Medium,24
BANK_0253,Q253,Computer Networks,[Computer Networks Item #253] The voltage ranges for a logic high and a logic low in RS-232 C standard is (Variant B8),Apply,0.98,3,compute,Medium,22
BANK_0254,Q254,Computer Networks,[Computer Networks Item #254] IEEE 1394 is related to (Variant B8),Apply,0.98,3,compute,Medium,11
BANK_0255,Q255,Computer Networks,[Computer Networks Item #255] One SAN switch has 24 ports supporting 8 Gbps Fiber Channel. What is the aggregate bandwidth? (Variant B8),Apply,0.6,3,compute,Medium,22
BANK_0256,Q256,Computer Networks,[Computer Networks Item #256] Data is transmitted continuously at 2.048 Mbps for 10 hours and received 512 bits errors. What is the bit error rate? (Variant B8),Apply,0.6,3,compute,Medium,27
BANK_0257,Q257,Computer Networks,[Computer Networks Item #257] What is the bit rate of a video terminal unit with 80 characters/line and 100ms sweep time? (Variant B8),Apply,0.6,3,compute,Medium,23
BANK_0258,Q258,Computer Networks,[Computer Networks Item #258] The encoding technique used to transmit the signal in gigabit ethernet over fiber optic is (Variant B8),Apply,0.98,3,compute,Medium,21
BANK_0259,Q259,Computer Networks,[Computer Networks Item #259] Assume character code consists of 8 bits. Calculate number of characters transmitted per second at 2400 baud rate. (Variant B8),Apply,0.98,3,calculate,Medium,24
BANK_0260,Q260,Computer Networks,[Computer Networks Item #260] What is the bandwidth of the signal that ranges from 40 kHz to 4 MHz? (Variant B8),Apply,0.6,3,compute,Medium,21
BANK_0261,Q261,Computer Networks,[Computer Networks Item #261] How many bytes of data can be sent in 15 seconds over a serial link with baud rate of 9600 in asynchronous mode? (Variant B8),Apply,0.98,3,compute,Medium,29
BANK_0262,Q262,Computer Networks,[Computer Networks Item #262] By using an eight bit optical encoder the degree of resolution that can be obtained is (Variant B8),Apply,0.98,3,compute,Medium,22
BANK_0263,Q263,Computer Networks,[Computer Networks Item #263] Phase transition for each bit are used in (Variant B8),Apply,0.98,3,compute,Medium,14
BANK_0264,Q264,Computer Networks,"[Computer Networks Item #264] In Ethernet when Manchester encoding is used, the bit rate is (Variant B8)",Apply,0.74,3,compute,Medium,17
BANK_0265,Q265,Computer Networks,[Computer Networks Item #265] Purpose of a start bit in RS-232 serial communication protocol is (Variant B8),Apply,0.98,3,compute,Medium,17
BANK_0266,Q266,Computer Networks,[Computer Networks Item #266] Consider an Ethernet segment with transmission speed of 10^8 bits/sec and max segment length 500m. Calculate min frame size. (Variant B8),Apply,0.98,3,calculate,Medium,25
BANK_0267,Q267,Computer Networks,[Computer Networks Item #267] Consider a 100 Mbps link between earth station and satellite at altitude 2100 km. Calculate time taken to receive 1000 byte packet. (Variant B8),Apply,0.98,3,calculate,Medium,28
BANK_0268,Q268,Computer Networks,[Computer Networks Item #268] Consider a network using pure ALOHA protocol with 1000 bit frames and 1 Mbps rate. Calculate network throughput. (Variant B8),Apply,0.98,3,calculate,Medium,24
BANK_0269,Q269,Computer Networks,"[Computer Networks Item #269] In an IP-over-Ethernet network, machine X wishes to find MAC address of machine Y. Which protocol is used? (Variant B8)",Apply,0.98,3,compute,Medium,24
BANK_0270,Q270,Computer Networks,[Computer Networks Item #270] Which media access control protocol is used by IEEE 802.11 wireless LAN? (Variant B8),Apply,0.98,3,compute,Medium,18
BANK_0271,Q271,Computer Networks,"[Computer Networks Item #271] In the following pairs of OSI protocol layer/sub-layer and its functionality, the INCORRECT pair is (Variant B9)",Apply,0.98,3,compute,Medium,21
BANK_0272,Q272,Computer Networks,"[Computer Networks Item #272] An IP machine Q has a path to another IP machine H via three IP routers R1, R2, and R3. Which information can an intruder learn through sniffing at R2 alone? (Variant B9)",Apply,0.98,3,compute,Medium,37
BANK_0273,Q273,Computer Networks,"[Computer Networks Item #273] To send same bit sequence, NRZ encoding require (Variant B9)",Apply,0.98,3,compute,Medium,14
BANK_0274,Q274,Computer Networks,"[Computer Networks Item #274] If there are n devices in a network, what is the number of cable links required for a fully connected mesh and star topology respectively? (Variant B9)",Apply,0.6,3,compute,Medium,31
BANK_0275,Q275,Computer Networks,[Computer Networks Item #275] In networking terminology UTP means (Variant B9),Apply,0.98,3,compute,Medium,11
BANK_0276,Q276,Computer Networks,[Computer Networks Item #276] Physical topology of FDDI is? (Variant B9),Apply,0.98,3,compute,Medium,11
BANK_0277,Q277,Computer Networks,[Computer Networks Item #277] Bit stuffing refers to (Variant B9),Apply,0.98,3,compute,Medium,10
BANK_0278,Q278,Computer Networks,[Computer Networks Item #278] How many characters per sec (7 bits + 1 parity) can be transmitted over a 2400 bps line if transfer is synchronous? (Variant B9),Apply,0.98,3,compute,Medium,28
BANK_0279,Q279,Computer Networks,"[Computer Networks Item #279] What frequency range is used for microwave communications, satellite and radar? (Variant B9)",Apply,0.98,3,compute,Medium,17
BANK_0280,Q280,Computer Networks,[Computer Networks Item #280] A T-switch is used to (Variant B9),Apply,0.98,3,compute,Medium,11
BANK_0281,Q281,Computer Networks,[Computer Networks Item #281] Consider a 50 kbps satellite channel with a 500 ms round trip propagation delay. How long to transmit 1000 bit frames? (Variant B9),Apply,0.98,3,compute,Medium,27
BANK_0282,Q282,Computer Networks,"[Computer Networks Item #282] In Ethernet, which field is actually added at the physical layer and is not part of the frame? (Variant B9)",Apply,0.98,3,compute,Medium,24
BANK_0283,Q283,Computer Networks,[Computer Networks Item #283] The voltage ranges for a logic high and a logic low in RS-232 C standard is (Variant B9),Apply,0.98,3,compute,Medium,22
BANK_0284,Q284,Computer Networks,[Computer Networks Item #284] IEEE 1394 is related to (Variant B9),Apply,0.98,3,compute,Medium,11
BANK_0285,Q285,Computer Networks,[Computer Networks Item #285] One SAN switch has 24 ports supporting 8 Gbps Fiber Channel. What is the aggregate bandwidth? (Variant B9),Apply,0.6,3,compute,Medium,22
BANK_0286,Q286,Computer Networks,[Computer Networks Item #286] Data is transmitted continuously at 2.048 Mbps for 10 hours and received 512 bits errors. What is the bit error rate? (Variant B9),Apply,0.6,3,compute,Medium,27
BANK_0287,Q287,Computer Networks,[Computer Networks Item #287] What is the bit rate of a video terminal unit with 80 characters/line and 100ms sweep time? (Variant B9),Apply,0.6,3,compute,Medium,23
BANK_0288,Q288,Computer Networks,[Computer Networks Item #288] The encoding technique used to transmit the signal in gigabit ethernet over fiber optic is (Variant B9),Apply,0.98,3,compute,Medium,21
BANK_0289,Q289,Computer Networks,[Computer Networks Item #289] Assume character code consists of 8 bits. Calculate number of characters transmitted per second at 2400 baud rate. (Variant B9),Apply,0.98,3,calculate,Medium,24
BANK_0290,Q290,Computer Networks,[Computer Networks Item #290] What is the bandwidth of the signal that ranges from 40 kHz to 4 MHz? (Variant B9),Apply,0.6,3,compute,Medium,21
BANK_0291,Q291,Computer Networks,[Computer Networks Item #291] How many bytes of data can be sent in 15 seconds over a serial link with baud rate of 9600 in asynchronous mode? (Variant B9),Apply,0.98,3,compute,Medium,29
BANK_0292,Q292,Computer Networks,[Computer Networks Item #292] By using an eight bit optical encoder the degree of resolution that can be obtained is (Variant B9),Apply,0.98,3,compute,Medium,22
BANK_0293,Q293,Computer Networks,[Computer Networks Item #293] Phase transition for each bit are used in (Variant B9),Apply,0.98,3,compute,Medium,14
BANK_0294,Q294,Computer Networks,"[Computer Networks Item #294] In Ethernet when Manchester encoding is used, the bit rate is (Variant B9)",Apply,0.74,3,compute,Medium,17
BANK_0295,Q295,Computer Networks,[Computer Networks Item #295] Purpose of a start bit in RS-232 serial communication protocol is (Variant B9),Apply,0.98,3,compute,Medium,17
BANK_0296,Q296,Computer Networks,[Computer Networks Item #296] Consider an Ethernet segment with transmission speed of 10^8 bits/sec and max segment length 500m. Calculate min frame size. (Variant B9),Apply,0.98,3,calculate,Medium,25
BANK_0297,Q297,Computer Networks,[Computer Networks Item #297] Consider a 100 Mbps link between earth station and satellite at altitude 2100 km. Calculate time taken to receive 1000 byte packet. (Variant B9),Apply,0.98,3,calculate,Medium,28
BANK_0298,Q298,Computer Networks,[Computer Networks Item #298] Consider a network using pure ALOHA protocol with 1000 bit frames and 1 Mbps rate. Calculate network throughput. (Variant B9),Apply,0.98,3,calculate,Medium,24
BANK_0299,Q299,Computer Networks,"[Computer Networks Item #299] In an IP-over-Ethernet network, machine X wishes to find MAC address of machine Y. Which protocol is used? (Variant B9)",Apply,0.98,3,compute,Medium,24
BANK_0300,Q300,Computer Networks,[Computer Networks Item #300] Which media access control protocol is used by IEEE 802.11 wireless LAN? (Variant B9),Apply,0.98,3,compute,Medium,18
BANK_0301,Q1,Operating System,Which event will always trigger a context switch by the OS resulting in process P moving to a non-running state?,Remember,0.98,1,state,Medium,20
BANK_0302,Q2,Operating System,Which of the process state transitions is NOT possible in a uniprocessor operating system?,Remember,0.98,1,state,Easy,14
BANK_0303,Q3,Operating System,Dispatch latency is defined as,Remember,0.98,1,define,Easy,5
BANK_0304,Q4,Operating System,The operating system and other processes are protected from being modified by an already running process because,Apply,0.98,3,use,Medium,17
BANK_0305,Q5,Operating System,Consider process state transitions for a system using preemptive scheduling. Which statements are true?,Remember,0.98,1,state,Easy,14
BANK_0306,Q6,Operating System,"Working Set (t,k) at an instant of time t is",Understand,0.5,2,N/A,Easy,10
BANK_0307,Q7,Operating System,Suppose a system contains n processes and uses round-robin CPU scheduling. Which data structure is best suited for the ready queue?,Apply,0.98,3,use,Medium,21
BANK_0308,Q8,Operating System,The maximum number of processes that can be in Ready state for a computer system with n CPUs is,Apply,0.6,3,compute,Medium,19
BANK_0309,Q9,Operating System,The state of a process after it encounters an I/O instruction is,Remember,0.98,1,state,Easy,12
BANK_0310,Q10,Operating System,"There are three processes in the ready queue. When the running process requests I/O, how many process switches take place?",Remember,0.98,1,when,Medium,20
BANK_0311,Q11,Operating System,Special software to create a job queue is called a,Understand,0.5,2,N/A,Easy,10
BANK_0312,Q12,Operating System,Which is the correct definition of a valid process transition in an operating system?,Understand,0.5,2,N/A,Easy,14
BANK_0313,Q13,Operating System,Which of the following need not necessarily be saved on a context switch between processes?,Understand,0.5,2,N/A,Easy,15
BANK_0314,Q14,Operating System,Checkpointing a job refers to,Understand,0.5,2,N/A,Easy,5
BANK_0315,Q15,Operating System,What is the swap space in the disk used for?,Apply,0.6,3,use,Medium,10
BANK_0316,Q16,Operating System,Which CPU scheduling algorithm can potentially cause process starvation?,Apply,0.98,3,use,Medium,9
BANK_0317,Q17,Operating System,"Three processes arrive at time zero with CPU bursts of 16, 20 and 10 ms. Calculate minimum average waiting time under SJF.",Apply,0.98,3,calculate,Medium,22
BANK_0318,Q18,Operating System,Which of the following page replacement policies may suffer from Belady's anomaly?,Understand,0.5,2,N/A,Easy,12
BANK_0319,Q19,Operating System,Which scheduling algorithm is most suitable for real-time operating systems?,Understand,0.5,2,N/A,Easy,10
BANK_0320,Q20,Operating System,What problem is solved by Dijkstra's Banker's Algorithm?,Apply,0.98,3,solve,Medium,8
BANK_0321,Q21,Operating System,A system has 6 identical resources and N processes competing for them. Each process needs at most 2 resources. Find max N to avoid deadlock.,Understand,0.5,2,N/A,Medium,25
BANK_0322,Q22,Operating System,Consider a memory management system with page size 2 KB. Translate virtual address 2500 to physical address.,Understand,0.5,2,N/A,Easy,17
BANK_0323,Q23,Operating System,Dirty bit for a page in a page table is used to indicate,Apply,0.98,3,use,Medium,13
BANK_0324,Q24,Operating System,Increasing RAM of a computer typically improves performance because,Apply,0.98,3,compute,Medium,9
BANK_0325,Q25,Operating System,"The index node (inode) of a Unix-like file system has 12 direct, 1 single-indirect and 1 double-indirect pointer. Calculate max file size.",Apply,0.98,3,calculate,Medium,22
BANK_0326,Q26,Operating System,Which disk scheduling algorithm provides the best throughput?,Understand,0.5,2,N/A,Easy,8
BANK_0327,Q27,Operating System,The total number of child processes created by executing fork(); fork(); fork(); is,Understand,0.5,2,N/A,Easy,13
BANK_0328,Q28,Operating System,Which system call results in sending SYN packets during TCP connection setup?,Understand,0.5,2,N/A,Easy,12
BANK_0329,Q29,Operating System,What is the mode in which a signal handling routine executes when trapping Ctrl-C?,Remember,0.6,1,what is,Easy,14
BANK_0330,Q30,Operating System,Which layer of the OSI model handles process-to-process communication?,Understand,0.5,2,N/A,Easy,9
BANK_0331,Q31,Operating System,[Operating System Item #31] Which event will always trigger a context switch by the OS resulting in process P moving to a non-running state? (Variant B1),Remember,0.98,1,state,Medium,26
BANK_0332,Q32,Operating System,[Operating System Item #32] Which of the process state transitions is NOT possible in a uniprocessor operating system? (Variant B1),Remember,0.98,1,state,Medium,20
BANK_0333,Q33,Operating System,[Operating System Item #33] Dispatch latency is defined as (Variant B1),Remember,0.98,1,define,Easy,11
BANK_0334,Q34,Operating System,[Operating System Item #34] The operating system and other processes are protected from being modified by an already running process because (Variant B1),Apply,0.98,3,use,Medium,23
BANK_0335,Q35,Operating System,[Operating System Item #35] Consider process state transitions for a system using preemptive scheduling. Which statements are true? (Variant B1),Remember,0.98,1,state,Medium,20
BANK_0336,Q36,Operating System,"[Operating System Item #36] Working Set (t,k) at an instant of time t is (Variant B1)",Understand,0.5,2,N/A,Easy,16
BANK_0337,Q37,Operating System,[Operating System Item #37] Suppose a system contains n processes and uses round-robin CPU scheduling. Which data structure is best suited for the ready queue? (Variant B1),Apply,0.98,3,use,Medium,27
BANK_0338,Q38,Operating System,[Operating System Item #38] The maximum number of processes that can be in Ready state for a computer system with n CPUs is (Variant B1),Apply,0.6,3,compute,Medium,25
BANK_0339,Q39,Operating System,[Operating System Item #39] The state of a process after it encounters an I/O instruction is (Variant B1),Remember,0.98,1,state,Easy,18
BANK_0340,Q40,Operating System,"[Operating System Item #40] There are three processes in the ready queue. When the running process requests I/O, how many process switches take place? (Variant B1)",Remember,0.98,1,when,Medium,26
BANK_0341,Q41,Operating System,[Operating System Item #41] Special software to create a job queue is called a (Variant B1),Understand,0.5,2,N/A,Easy,16
BANK_0342,Q42,Operating System,[Operating System Item #42] Which is the correct definition of a valid process transition in an operating system? (Variant B1),Understand,0.5,2,N/A,Medium,20
BANK_0343,Q43,Operating System,[Operating System Item #43] Which of the following need not necessarily be saved on a context switch between processes? (Variant B1),Understand,0.5,2,N/A,Medium,21
BANK_0344,Q44,Operating System,[Operating System Item #44] Checkpointing a job refers to (Variant B1),Understand,0.5,2,N/A,Easy,11
BANK_0345,Q45,Operating System,[Operating System Item #45] What is the swap space in the disk used for? (Variant B1),Apply,0.6,3,use,Medium,16
BANK_0346,Q46,Operating System,[Operating System Item #46] Which CPU scheduling algorithm can potentially cause process starvation? (Variant B1),Apply,0.98,3,use,Medium,15
BANK_0347,Q47,Operating System,"[Operating System Item #47] Three processes arrive at time zero with CPU bursts of 16, 20 and 10 ms. Calculate minimum average waiting time under SJF. (Variant B1)",Apply,0.98,3,calculate,Medium,28
BANK_0348,Q48,Operating System,[Operating System Item #48] Which of the following page replacement policies may suffer from Belady's anomaly? (Variant B1),Understand,0.5,2,N/A,Easy,18
BANK_0349,Q49,Operating System,[Operating System Item #49] Which scheduling algorithm is most suitable for real-time operating systems? (Variant B1),Understand,0.5,2,N/A,Easy,16
BANK_0350,Q50,Operating System,[Operating System Item #50] What problem is solved by Dijkstra's Banker's Algorithm? (Variant B1),Apply,0.98,3,solve,Medium,14
BANK_0351,Q51,Operating System,[Operating System Item #51] A system has 6 identical resources and N processes competing for them. Each process needs at most 2 resources. Find max N to avoid deadlock. (Variant B1),Understand,0.5,2,N/A,Medium,31
BANK_0352,Q52,Operating System,[Operating System Item #52] Consider a memory management system with page size 2 KB. Translate virtual address 2500 to physical address. (Variant B1),Understand,0.5,2,N/A,Medium,23
BANK_0353,Q53,Operating System,[Operating System Item #53] Dirty bit for a page in a page table is used to indicate (Variant B1),Apply,0.98,3,use,Medium,19
BANK_0354,Q54,Operating System,[Operating System Item #54] Increasing RAM of a computer typically improves performance because (Variant B1),Apply,0.98,3,compute,Medium,15
BANK_0355,Q55,Operating System,"[Operating System Item #55] The index node (inode) of a Unix-like file system has 12 direct, 1 single-indirect and 1 double-indirect pointer. Calculate max file size. (Variant B1)",Apply,0.98,3,calculate,Medium,28
BANK_0356,Q56,Operating System,[Operating System Item #56] Which disk scheduling algorithm provides the best throughput? (Variant B1),Understand,0.5,2,N/A,Easy,14
BANK_0357,Q57,Operating System,[Operating System Item #57] The total number of child processes created by executing fork(); fork(); fork(); is (Variant B1),Understand,0.5,2,N/A,Easy,19
BANK_0358,Q58,Operating System,[Operating System Item #58] Which system call results in sending SYN packets during TCP connection setup? (Variant B1),Understand,0.5,2,N/A,Easy,18
BANK_0359,Q59,Operating System,[Operating System Item #59] What is the mode in which a signal handling routine executes when trapping Ctrl-C? (Variant B1),Remember,0.6,1,what is,Medium,20
BANK_0360,Q60,Operating System,[Operating System Item #60] Which layer of the OSI model handles process-to-process communication? (Variant B1),Understand,0.5,2,N/A,Easy,15
BANK_0361,Q61,Operating System,[Operating System Item #61] Which event will always trigger a context switch by the OS resulting in process P moving to a non-running state? (Variant B2),Remember,0.98,1,state,Medium,26
BANK_0362,Q62,Operating System,[Operating System Item #62] Which of the process state transitions is NOT possible in a uniprocessor operating system? (Variant B2),Remember,0.98,1,state,Medium,20
BANK_0363,Q63,Operating System,[Operating System Item #63] Dispatch latency is defined as (Variant B2),Remember,0.98,1,define,Easy,11
BANK_0364,Q64,Operating System,[Operating System Item #64] The operating system and other processes are protected from being modified by an already running process because (Variant B2),Apply,0.98,3,use,Medium,23
BANK_0365,Q65,Operating System,[Operating System Item #65] Consider process state transitions for a system using preemptive scheduling. Which statements are true? (Variant B2),Remember,0.98,1,state,Medium,20
BANK_0366,Q66,Operating System,"[Operating System Item #66] Working Set (t,k) at an instant of time t is (Variant B2)",Understand,0.5,2,N/A,Easy,16
BANK_0367,Q67,Operating System,[Operating System Item #67] Suppose a system contains n processes and uses round-robin CPU scheduling. Which data structure is best suited for the ready queue? (Variant B2),Apply,0.98,3,use,Medium,27
BANK_0368,Q68,Operating System,[Operating System Item #68] The maximum number of processes that can be in Ready state for a computer system with n CPUs is (Variant B2),Apply,0.6,3,compute,Medium,25
BANK_0369,Q69,Operating System,[Operating System Item #69] The state of a process after it encounters an I/O instruction is (Variant B2),Remember,0.98,1,state,Easy,18
BANK_0370,Q70,Operating System,"[Operating System Item #70] There are three processes in the ready queue. When the running process requests I/O, how many process switches take place? (Variant B2)",Remember,0.98,1,when,Medium,26
BANK_0371,Q71,Operating System,[Operating System Item #71] Special software to create a job queue is called a (Variant B2),Understand,0.5,2,N/A,Easy,16
BANK_0372,Q72,Operating System,[Operating System Item #72] Which is the correct definition of a valid process transition in an operating system? (Variant B2),Understand,0.5,2,N/A,Medium,20
BANK_0373,Q73,Operating System,[Operating System Item #73] Which of the following need not necessarily be saved on a context switch between processes? (Variant B2),Understand,0.5,2,N/A,Medium,21
BANK_0374,Q74,Operating System,[Operating System Item #74] Checkpointing a job refers to (Variant B2),Understand,0.5,2,N/A,Easy,11
BANK_0375,Q75,Operating System,[Operating System Item #75] What is the swap space in the disk used for? (Variant B2),Apply,0.6,3,use,Medium,16
BANK_0376,Q76,Operating System,[Operating System Item #76] Which CPU scheduling algorithm can potentially cause process starvation? (Variant B2),Apply,0.98,3,use,Medium,15
BANK_0377,Q77,Operating System,"[Operating System Item #77] Three processes arrive at time zero with CPU bursts of 16, 20 and 10 ms. Calculate minimum average waiting time under SJF. (Variant B2)",Apply,0.98,3,calculate,Medium,28
BANK_0378,Q78,Operating System,[Operating System Item #78] Which of the following page replacement policies may suffer from Belady's anomaly? (Variant B2),Understand,0.5,2,N/A,Easy,18
BANK_0379,Q79,Operating System,[Operating System Item #79] Which scheduling algorithm is most suitable for real-time operating systems? (Variant B2),Understand,0.5,2,N/A,Easy,16
BANK_0380,Q80,Operating System,[Operating System Item #80] What problem is solved by Dijkstra's Banker's Algorithm? (Variant B2),Apply,0.98,3,solve,Medium,14
BANK_0381,Q81,Operating System,[Operating System Item #81] A system has 6 identical resources and N processes competing for them. Each process needs at most 2 resources. Find max N to avoid deadlock. (Variant B2),Understand,0.5,2,N/A,Medium,31
BANK_0382,Q82,Operating System,[Operating System Item #82] Consider a memory management system with page size 2 KB. Translate virtual address 2500 to physical address. (Variant B2),Understand,0.5,2,N/A,Medium,23
BANK_0383,Q83,Operating System,[Operating System Item #83] Dirty bit for a page in a page table is used to indicate (Variant B2),Apply,0.98,3,use,Medium,19
BANK_0384,Q84,Operating System,[Operating System Item #84] Increasing RAM of a computer typically improves performance because (Variant B2),Apply,0.98,3,compute,Medium,15
BANK_0385,Q85,Operating System,"[Operating System Item #85] The index node (inode) of a Unix-like file system has 12 direct, 1 single-indirect and 1 double-indirect pointer. Calculate max file size. (Variant B2)",Apply,0.98,3,calculate,Medium,28
BANK_0386,Q86,Operating System,[Operating System Item #86] Which disk scheduling algorithm provides the best throughput? (Variant B2),Understand,0.5,2,N/A,Easy,14
BANK_0387,Q87,Operating System,[Operating System Item #87] The total number of child processes created by executing fork(); fork(); fork(); is (Variant B2),Understand,0.5,2,N/A,Easy,19
BANK_0388,Q88,Operating System,[Operating System Item #88] Which system call results in sending SYN packets during TCP connection setup? (Variant B2),Understand,0.5,2,N/A,Easy,18
BANK_0389,Q89,Operating System,[Operating System Item #89] What is the mode in which a signal handling routine executes when trapping Ctrl-C? (Variant B2),Remember,0.6,1,what is,Medium,20
BANK_0390,Q90,Operating System,[Operating System Item #90] Which layer of the OSI model handles process-to-process communication? (Variant B2),Understand,0.5,2,N/A,Easy,15
BANK_0391,Q91,Operating System,[Operating System Item #91] Which event will always trigger a context switch by the OS resulting in process P moving to a non-running state? (Variant B3),Remember,0.98,1,state,Medium,26
BANK_0392,Q92,Operating System,[Operating System Item #92] Which of the process state transitions is NOT possible in a uniprocessor operating system? (Variant B3),Remember,0.98,1,state,Medium,20
BANK_0393,Q93,Operating System,[Operating System Item #93] Dispatch latency is defined as (Variant B3),Remember,0.98,1,define,Easy,11
BANK_0394,Q94,Operating System,[Operating System Item #94] The operating system and other processes are protected from being modified by an already running process because (Variant B3),Apply,0.98,3,use,Medium,23
BANK_0395,Q95,Operating System,[Operating System Item #95] Consider process state transitions for a system using preemptive scheduling. Which statements are true? (Variant B3),Remember,0.98,1,state,Medium,20
BANK_0396,Q96,Operating System,"[Operating System Item #96] Working Set (t,k) at an instant of time t is (Variant B3)",Understand,0.5,2,N/A,Easy,16
BANK_0397,Q97,Operating System,[Operating System Item #97] Suppose a system contains n processes and uses round-robin CPU scheduling. Which data structure is best suited for the ready queue? (Variant B3),Apply,0.98,3,use,Medium,27
BANK_0398,Q98,Operating System,[Operating System Item #98] The maximum number of processes that can be in Ready state for a computer system with n CPUs is (Variant B3),Apply,0.6,3,compute,Medium,25
BANK_0399,Q99,Operating System,[Operating System Item #99] The state of a process after it encounters an I/O instruction is (Variant B3),Remember,0.98,1,state,Easy,18
BANK_0400,Q100,Operating System,"[Operating System Item #100] There are three processes in the ready queue. When the running process requests I/O, how many process switches take place? (Variant B3)",Remember,0.98,1,when,Medium,26
BANK_0401,Q101,Operating System,[Operating System Item #101] Special software to create a job queue is called a (Variant B3),Understand,0.5,2,N/A,Easy,16
BANK_0402,Q102,Operating System,[Operating System Item #102] Which is the correct definition of a valid process transition in an operating system? (Variant B3),Understand,0.5,2,N/A,Medium,20
BANK_0403,Q103,Operating System,[Operating System Item #103] Which of the following need not necessarily be saved on a context switch between processes? (Variant B3),Understand,0.5,2,N/A,Medium,21
BANK_0404,Q104,Operating System,[Operating System Item #104] Checkpointing a job refers to (Variant B3),Understand,0.5,2,N/A,Easy,11
BANK_0405,Q105,Operating System,[Operating System Item #105] What is the swap space in the disk used for? (Variant B3),Apply,0.6,3,use,Medium,16
BANK_0406,Q106,Operating System,[Operating System Item #106] Which CPU scheduling algorithm can potentially cause process starvation? (Variant B3),Apply,0.98,3,use,Medium,15
BANK_0407,Q107,Operating System,"[Operating System Item #107] Three processes arrive at time zero with CPU bursts of 16, 20 and 10 ms. Calculate minimum average waiting time under SJF. (Variant B3)",Apply,0.98,3,calculate,Medium,28
BANK_0408,Q108,Operating System,[Operating System Item #108] Which of the following page replacement policies may suffer from Belady's anomaly? (Variant B3),Understand,0.5,2,N/A,Easy,18
BANK_0409,Q109,Operating System,[Operating System Item #109] Which scheduling algorithm is most suitable for real-time operating systems? (Variant B3),Understand,0.5,2,N/A,Easy,16
BANK_0410,Q110,Operating System,[Operating System Item #110] What problem is solved by Dijkstra's Banker's Algorithm? (Variant B3),Apply,0.98,3,solve,Medium,14
BANK_0411,Q111,Operating System,[Operating System Item #111] A system has 6 identical resources and N processes competing for them. Each process needs at most 2 resources. Find max N to avoid deadlock. (Variant B3),Understand,0.5,2,N/A,Medium,31
BANK_0412,Q112,Operating System,[Operating System Item #112] Consider a memory management system with page size 2 KB. Translate virtual address 2500 to physical address. (Variant B3),Understand,0.5,2,N/A,Medium,23
BANK_0413,Q113,Operating System,[Operating System Item #113] Dirty bit for a page in a page table is used to indicate (Variant B3),Apply,0.98,3,use,Medium,19
BANK_0414,Q114,Operating System,[Operating System Item #114] Increasing RAM of a computer typically improves performance because (Variant B3),Apply,0.98,3,compute,Medium,15
BANK_0415,Q115,Operating System,"[Operating System Item #115] The index node (inode) of a Unix-like file system has 12 direct, 1 single-indirect and 1 double-indirect pointer. Calculate max file size. (Variant B3)",Apply,0.98,3,calculate,Medium,28
BANK_0416,Q116,Operating System,[Operating System Item #116] Which disk scheduling algorithm provides the best throughput? (Variant B3),Understand,0.5,2,N/A,Easy,14
BANK_0417,Q117,Operating System,[Operating System Item #117] The total number of child processes created by executing fork(); fork(); fork(); is (Variant B3),Understand,0.5,2,N/A,Easy,19
BANK_0418,Q118,Operating System,[Operating System Item #118] Which system call results in sending SYN packets during TCP connection setup? (Variant B3),Understand,0.5,2,N/A,Easy,18
BANK_0419,Q119,Operating System,[Operating System Item #119] What is the mode in which a signal handling routine executes when trapping Ctrl-C? (Variant B3),Remember,0.6,1,what is,Medium,20
BANK_0420,Q120,Operating System,[Operating System Item #120] Which layer of the OSI model handles process-to-process communication? (Variant B3),Understand,0.5,2,N/A,Easy,15
BANK_0421,Q121,Operating System,[Operating System Item #121] Which event will always trigger a context switch by the OS resulting in process P moving to a non-running state? (Variant B4),Remember,0.98,1,state,Medium,26
BANK_0422,Q122,Operating System,[Operating System Item #122] Which of the process state transitions is NOT possible in a uniprocessor operating system? (Variant B4),Remember,0.98,1,state,Medium,20
BANK_0423,Q123,Operating System,[Operating System Item #123] Dispatch latency is defined as (Variant B4),Remember,0.98,1,define,Easy,11
BANK_0424,Q124,Operating System,[Operating System Item #124] The operating system and other processes are protected from being modified by an already running process because (Variant B4),Apply,0.98,3,use,Medium,23
BANK_0425,Q125,Operating System,[Operating System Item #125] Consider process state transitions for a system using preemptive scheduling. Which statements are true? (Variant B4),Remember,0.98,1,state,Medium,20
BANK_0426,Q126,Operating System,"[Operating System Item #126] Working Set (t,k) at an instant of time t is (Variant B4)",Understand,0.5,2,N/A,Easy,16
BANK_0427,Q127,Operating System,[Operating System Item #127] Suppose a system contains n processes and uses round-robin CPU scheduling. Which data structure is best suited for the ready queue? (Variant B4),Apply,0.98,3,use,Medium,27
BANK_0428,Q128,Operating System,[Operating System Item #128] The maximum number of processes that can be in Ready state for a computer system with n CPUs is (Variant B4),Apply,0.6,3,compute,Medium,25
BANK_0429,Q129,Operating System,[Operating System Item #129] The state of a process after it encounters an I/O instruction is (Variant B4),Remember,0.98,1,state,Easy,18
BANK_0430,Q130,Operating System,"[Operating System Item #130] There are three processes in the ready queue. When the running process requests I/O, how many process switches take place? (Variant B4)",Remember,0.98,1,when,Medium,26
BANK_0431,Q131,Operating System,[Operating System Item #131] Special software to create a job queue is called a (Variant B4),Understand,0.5,2,N/A,Easy,16
BANK_0432,Q132,Operating System,[Operating System Item #132] Which is the correct definition of a valid process transition in an operating system? (Variant B4),Understand,0.5,2,N/A,Medium,20
BANK_0433,Q133,Operating System,[Operating System Item #133] Which of the following need not necessarily be saved on a context switch between processes? (Variant B4),Understand,0.5,2,N/A,Medium,21
BANK_0434,Q134,Operating System,[Operating System Item #134] Checkpointing a job refers to (Variant B4),Understand,0.5,2,N/A,Easy,11
BANK_0435,Q135,Operating System,[Operating System Item #135] What is the swap space in the disk used for? (Variant B4),Apply,0.6,3,use,Medium,16
BANK_0436,Q136,Operating System,[Operating System Item #136] Which CPU scheduling algorithm can potentially cause process starvation? (Variant B4),Apply,0.98,3,use,Medium,15
BANK_0437,Q137,Operating System,"[Operating System Item #137] Three processes arrive at time zero with CPU bursts of 16, 20 and 10 ms. Calculate minimum average waiting time under SJF. (Variant B4)",Apply,0.98,3,calculate,Medium,28
BANK_0438,Q138,Operating System,[Operating System Item #138] Which of the following page replacement policies may suffer from Belady's anomaly? (Variant B4),Understand,0.5,2,N/A,Easy,18
BANK_0439,Q139,Operating System,[Operating System Item #139] Which scheduling algorithm is most suitable for real-time operating systems? (Variant B4),Understand,0.5,2,N/A,Easy,16
BANK_0440,Q140,Operating System,[Operating System Item #140] What problem is solved by Dijkstra's Banker's Algorithm? (Variant B4),Apply,0.98,3,solve,Medium,14
BANK_0441,Q141,Operating System,[Operating System Item #141] A system has 6 identical resources and N processes competing for them. Each process needs at most 2 resources. Find max N to avoid deadlock. (Variant B4),Understand,0.5,2,N/A,Medium,31
BANK_0442,Q142,Operating System,[Operating System Item #142] Consider a memory management system with page size 2 KB. Translate virtual address 2500 to physical address. (Variant B4),Understand,0.5,2,N/A,Medium,23
BANK_0443,Q143,Operating System,[Operating System Item #143] Dirty bit for a page in a page table is used to indicate (Variant B4),Apply,0.98,3,use,Medium,19
BANK_0444,Q144,Operating System,[Operating System Item #144] Increasing RAM of a computer typically improves performance because (Variant B4),Apply,0.98,3,compute,Medium,15
BANK_0445,Q145,Operating System,"[Operating System Item #145] The index node (inode) of a Unix-like file system has 12 direct, 1 single-indirect and 1 double-indirect pointer. Calculate max file size. (Variant B4)",Apply,0.98,3,calculate,Medium,28
BANK_0446,Q146,Operating System,[Operating System Item #146] Which disk scheduling algorithm provides the best throughput? (Variant B4),Understand,0.5,2,N/A,Easy,14
BANK_0447,Q147,Operating System,[Operating System Item #147] The total number of child processes created by executing fork(); fork(); fork(); is (Variant B4),Understand,0.5,2,N/A,Easy,19
BANK_0448,Q148,Operating System,[Operating System Item #148] Which system call results in sending SYN packets during TCP connection setup? (Variant B4),Understand,0.5,2,N/A,Easy,18
BANK_0449,Q149,Operating System,[Operating System Item #149] What is the mode in which a signal handling routine executes when trapping Ctrl-C? (Variant B4),Remember,0.6,1,what is,Medium,20
BANK_0450,Q150,Operating System,[Operating System Item #150] Which layer of the OSI model handles process-to-process communication? (Variant B4),Understand,0.5,2,N/A,Easy,15
BANK_0451,Q151,Operating System,[Operating System Item #151] Which event will always trigger a context switch by the OS resulting in process P moving to a non-running state? (Variant B5),Remember,0.98,1,state,Medium,26
BANK_0452,Q152,Operating System,[Operating System Item #152] Which of the process state transitions is NOT possible in a uniprocessor operating system? (Variant B5),Remember,0.98,1,state,Medium,20
BANK_0453,Q153,Operating System,[Operating System Item #153] Dispatch latency is defined as (Variant B5),Remember,0.98,1,define,Easy,11
BANK_0454,Q154,Operating System,[Operating System Item #154] The operating system and other processes are protected from being modified by an already running process because (Variant B5),Apply,0.98,3,use,Medium,23
BANK_0455,Q155,Operating System,[Operating System Item #155] Consider process state transitions for a system using preemptive scheduling. Which statements are true? (Variant B5),Remember,0.98,1,state,Medium,20
BANK_0456,Q156,Operating System,"[Operating System Item #156] Working Set (t,k) at an instant of time t is (Variant B5)",Understand,0.5,2,N/A,Easy,16
BANK_0457,Q157,Operating System,[Operating System Item #157] Suppose a system contains n processes and uses round-robin CPU scheduling. Which data structure is best suited for the ready queue? (Variant B5),Apply,0.98,3,use,Medium,27
BANK_0458,Q158,Operating System,[Operating System Item #158] The maximum number of processes that can be in Ready state for a computer system with n CPUs is (Variant B5),Apply,0.6,3,compute,Medium,25
BANK_0459,Q159,Operating System,[Operating System Item #159] The state of a process after it encounters an I/O instruction is (Variant B5),Remember,0.98,1,state,Easy,18
BANK_0460,Q160,Operating System,"[Operating System Item #160] There are three processes in the ready queue. When the running process requests I/O, how many process switches take place? (Variant B5)",Remember,0.98,1,when,Medium,26
BANK_0461,Q161,Operating System,[Operating System Item #161] Special software to create a job queue is called a (Variant B5),Understand,0.5,2,N/A,Easy,16
BANK_0462,Q162,Operating System,[Operating System Item #162] Which is the correct definition of a valid process transition in an operating system? (Variant B5),Understand,0.5,2,N/A,Medium,20
BANK_0463,Q163,Operating System,[Operating System Item #163] Which of the following need not necessarily be saved on a context switch between processes? (Variant B5),Understand,0.5,2,N/A,Medium,21
BANK_0464,Q164,Operating System,[Operating System Item #164] Checkpointing a job refers to (Variant B5),Understand,0.5,2,N/A,Easy,11
BANK_0465,Q165,Operating System,[Operating System Item #165] What is the swap space in the disk used for? (Variant B5),Apply,0.6,3,use,Medium,16
BANK_0466,Q166,Operating System,[Operating System Item #166] Which CPU scheduling algorithm can potentially cause process starvation? (Variant B5),Apply,0.98,3,use,Medium,15
BANK_0467,Q167,Operating System,"[Operating System Item #167] Three processes arrive at time zero with CPU bursts of 16, 20 and 10 ms. Calculate minimum average waiting time under SJF. (Variant B5)",Apply,0.98,3,calculate,Medium,28
BANK_0468,Q168,Operating System,[Operating System Item #168] Which of the following page replacement policies may suffer from Belady's anomaly? (Variant B5),Understand,0.5,2,N/A,Easy,18
BANK_0469,Q169,Operating System,[Operating System Item #169] Which scheduling algorithm is most suitable for real-time operating systems? (Variant B5),Understand,0.5,2,N/A,Easy,16
BANK_0470,Q170,Operating System,[Operating System Item #170] What problem is solved by Dijkstra's Banker's Algorithm? (Variant B5),Apply,0.98,3,solve,Medium,14
BANK_0471,Q171,Operating System,[Operating System Item #171] A system has 6 identical resources and N processes competing for them. Each process needs at most 2 resources. Find max N to avoid deadlock. (Variant B5),Understand,0.5,2,N/A,Medium,31
BANK_0472,Q172,Operating System,[Operating System Item #172] Consider a memory management system with page size 2 KB. Translate virtual address 2500 to physical address. (Variant B5),Understand,0.5,2,N/A,Medium,23
BANK_0473,Q173,Operating System,[Operating System Item #173] Dirty bit for a page in a page table is used to indicate (Variant B5),Apply,0.98,3,use,Medium,19
BANK_0474,Q174,Operating System,[Operating System Item #174] Increasing RAM of a computer typically improves performance because (Variant B5),Apply,0.98,3,compute,Medium,15
BANK_0475,Q175,Operating System,"[Operating System Item #175] The index node (inode) of a Unix-like file system has 12 direct, 1 single-indirect and 1 double-indirect pointer. Calculate max file size. (Variant B5)",Apply,0.98,3,calculate,Medium,28
BANK_0476,Q176,Operating System,[Operating System Item #176] Which disk scheduling algorithm provides the best throughput? (Variant B5),Understand,0.5,2,N/A,Easy,14
BANK_0477,Q177,Operating System,[Operating System Item #177] The total number of child processes created by executing fork(); fork(); fork(); is (Variant B5),Understand,0.5,2,N/A,Easy,19
BANK_0478,Q178,Operating System,[Operating System Item #178] Which system call results in sending SYN packets during TCP connection setup? (Variant B5),Understand,0.5,2,N/A,Easy,18
BANK_0479,Q179,Operating System,[Operating System Item #179] What is the mode in which a signal handling routine executes when trapping Ctrl-C? (Variant B5),Remember,0.6,1,what is,Medium,20
BANK_0480,Q180,Operating System,[Operating System Item #180] Which layer of the OSI model handles process-to-process communication? (Variant B5),Understand,0.5,2,N/A,Easy,15
BANK_0481,Q181,Operating System,[Operating System Item #181] Which event will always trigger a context switch by the OS resulting in process P moving to a non-running state? (Variant B6),Remember,0.98,1,state,Medium,26
BANK_0482,Q182,Operating System,[Operating System Item #182] Which of the process state transitions is NOT possible in a uniprocessor operating system? (Variant B6),Remember,0.98,1,state,Medium,20
BANK_0483,Q183,Operating System,[Operating System Item #183] Dispatch latency is defined as (Variant B6),Remember,0.98,1,define,Easy,11
BANK_0484,Q184,Operating System,[Operating System Item #184] The operating system and other processes are protected from being modified by an already running process because (Variant B6),Apply,0.98,3,use,Medium,23
BANK_0485,Q185,Operating System,[Operating System Item #185] Consider process state transitions for a system using preemptive scheduling. Which statements are true? (Variant B6),Remember,0.98,1,state,Medium,20
BANK_0486,Q186,Operating System,"[Operating System Item #186] Working Set (t,k) at an instant of time t is (Variant B6)",Understand,0.5,2,N/A,Easy,16
BANK_0487,Q187,Operating System,[Operating System Item #187] Suppose a system contains n processes and uses round-robin CPU scheduling. Which data structure is best suited for the ready queue? (Variant B6),Apply,0.98,3,use,Medium,27
BANK_0488,Q188,Operating System,[Operating System Item #188] The maximum number of processes that can be in Ready state for a computer system with n CPUs is (Variant B6),Apply,0.6,3,compute,Medium,25
BANK_0489,Q189,Operating System,[Operating System Item #189] The state of a process after it encounters an I/O instruction is (Variant B6),Remember,0.98,1,state,Easy,18
BANK_0490,Q190,Operating System,"[Operating System Item #190] There are three processes in the ready queue. When the running process requests I/O, how many process switches take place? (Variant B6)",Remember,0.98,1,when,Medium,26
BANK_0491,Q191,Operating System,[Operating System Item #191] Special software to create a job queue is called a (Variant B6),Understand,0.5,2,N/A,Easy,16
BANK_0492,Q192,Operating System,[Operating System Item #192] Which is the correct definition of a valid process transition in an operating system? (Variant B6),Understand,0.5,2,N/A,Medium,20
BANK_0493,Q193,Operating System,[Operating System Item #193] Which of the following need not necessarily be saved on a context switch between processes? (Variant B6),Understand,0.5,2,N/A,Medium,21
BANK_0494,Q194,Operating System,[Operating System Item #194] Checkpointing a job refers to (Variant B6),Understand,0.5,2,N/A,Easy,11
BANK_0495,Q195,Operating System,[Operating System Item #195] What is the swap space in the disk used for? (Variant B6),Apply,0.6,3,use,Medium,16
BANK_0496,Q196,Operating System,[Operating System Item #196] Which CPU scheduling algorithm can potentially cause process starvation? (Variant B6),Apply,0.98,3,use,Medium,15
BANK_0497,Q197,Operating System,"[Operating System Item #197] Three processes arrive at time zero with CPU bursts of 16, 20 and 10 ms. Calculate minimum average waiting time under SJF. (Variant B6)",Apply,0.98,3,calculate,Medium,28
BANK_0498,Q198,Operating System,[Operating System Item #198] Which of the following page replacement policies may suffer from Belady's anomaly? (Variant B6),Understand,0.5,2,N/A,Easy,18
BANK_0499,Q199,Operating System,[Operating System Item #199] Which scheduling algorithm is most suitable for real-time operating systems? (Variant B6),Understand,0.5,2,N/A,Easy,16
BANK_0500,Q200,Operating System,[Operating System Item #200] What problem is solved by Dijkstra's Banker's Algorithm? (Variant B6),Apply,0.98,3,solve,Medium,14
BANK_0501,Q201,Operating System,[Operating System Item #201] A system has 6 identical resources and N processes competing for them. Each process needs at most 2 resources. Find max N to avoid deadlock. (Variant B6),Understand,0.5,2,N/A,Medium,31
BANK_0502,Q202,Operating System,[Operating System Item #202] Consider a memory management system with page size 2 KB. Translate virtual address 2500 to physical address. (Variant B6),Understand,0.5,2,N/A,Medium,23
BANK_0503,Q203,Operating System,[Operating System Item #203] Dirty bit for a page in a page table is used to indicate (Variant B6),Apply,0.98,3,use,Medium,19
BANK_0504,Q204,Operating System,[Operating System Item #204] Increasing RAM of a computer typically improves performance because (Variant B6),Apply,0.98,3,compute,Medium,15
BANK_0505,Q205,Operating System,"[Operating System Item #205] The index node (inode) of a Unix-like file system has 12 direct, 1 single-indirect and 1 double-indirect pointer. Calculate max file size. (Variant B6)",Apply,0.98,3,calculate,Medium,28
BANK_0506,Q206,Operating System,[Operating System Item #206] Which disk scheduling algorithm provides the best throughput? (Variant B6),Understand,0.5,2,N/A,Easy,14
BANK_0507,Q207,Operating System,[Operating System Item #207] The total number of child processes created by executing fork(); fork(); fork(); is (Variant B6),Understand,0.5,2,N/A,Easy,19
BANK_0508,Q208,Operating System,[Operating System Item #208] Which system call results in sending SYN packets during TCP connection setup? (Variant B6),Understand,0.5,2,N/A,Easy,18
BANK_0509,Q209,Operating System,[Operating System Item #209] What is the mode in which a signal handling routine executes when trapping Ctrl-C? (Variant B6),Remember,0.6,1,what is,Medium,20
BANK_0510,Q210,Operating System,[Operating System Item #210] Which layer of the OSI model handles process-to-process communication? (Variant B6),Understand,0.5,2,N/A,Easy,15
BANK_0511,Q211,Operating System,[Operating System Item #211] Which event will always trigger a context switch by the OS resulting in process P moving to a non-running state? (Variant B7),Remember,0.98,1,state,Medium,26
BANK_0512,Q212,Operating System,[Operating System Item #212] Which of the process state transitions is NOT possible in a uniprocessor operating system? (Variant B7),Remember,0.98,1,state,Medium,20
BANK_0513,Q213,Operating System,[Operating System Item #213] Dispatch latency is defined as (Variant B7),Remember,0.98,1,define,Easy,11
BANK_0514,Q214,Operating System,[Operating System Item #214] The operating system and other processes are protected from being modified by an already running process because (Variant B7),Apply,0.98,3,use,Medium,23
BANK_0515,Q215,Operating System,[Operating System Item #215] Consider process state transitions for a system using preemptive scheduling. Which statements are true? (Variant B7),Remember,0.98,1,state,Medium,20
BANK_0516,Q216,Operating System,"[Operating System Item #216] Working Set (t,k) at an instant of time t is (Variant B7)",Understand,0.5,2,N/A,Easy,16
BANK_0517,Q217,Operating System,[Operating System Item #217] Suppose a system contains n processes and uses round-robin CPU scheduling. Which data structure is best suited for the ready queue? (Variant B7),Apply,0.98,3,use,Medium,27
BANK_0518,Q218,Operating System,[Operating System Item #218] The maximum number of processes that can be in Ready state for a computer system with n CPUs is (Variant B7),Apply,0.6,3,compute,Medium,25
BANK_0519,Q219,Operating System,[Operating System Item #219] The state of a process after it encounters an I/O instruction is (Variant B7),Remember,0.98,1,state,Easy,18
BANK_0520,Q220,Operating System,"[Operating System Item #220] There are three processes in the ready queue. When the running process requests I/O, how many process switches take place? (Variant B7)",Remember,0.98,1,when,Medium,26
BANK_0521,Q221,Operating System,[Operating System Item #221] Special software to create a job queue is called a (Variant B7),Understand,0.5,2,N/A,Easy,16
BANK_0522,Q222,Operating System,[Operating System Item #222] Which is the correct definition of a valid process transition in an operating system? (Variant B7),Understand,0.5,2,N/A,Medium,20
BANK_0523,Q223,Operating System,[Operating System Item #223] Which of the following need not necessarily be saved on a context switch between processes? (Variant B7),Understand,0.5,2,N/A,Medium,21
BANK_0524,Q224,Operating System,[Operating System Item #224] Checkpointing a job refers to (Variant B7),Understand,0.5,2,N/A,Easy,11
BANK_0525,Q225,Operating System,[Operating System Item #225] What is the swap space in the disk used for? (Variant B7),Apply,0.6,3,use,Medium,16
BANK_0526,Q226,Operating System,[Operating System Item #226] Which CPU scheduling algorithm can potentially cause process starvation? (Variant B7),Apply,0.98,3,use,Medium,15
BANK_0527,Q227,Operating System,"[Operating System Item #227] Three processes arrive at time zero with CPU bursts of 16, 20 and 10 ms. Calculate minimum average waiting time under SJF. (Variant B7)",Apply,0.98,3,calculate,Medium,28
BANK_0528,Q228,Operating System,[Operating System Item #228] Which of the following page replacement policies may suffer from Belady's anomaly? (Variant B7),Understand,0.5,2,N/A,Easy,18
BANK_0529,Q229,Operating System,[Operating System Item #229] Which scheduling algorithm is most suitable for real-time operating systems? (Variant B7),Understand,0.5,2,N/A,Easy,16
BANK_0530,Q230,Operating System,[Operating System Item #230] What problem is solved by Dijkstra's Banker's Algorithm? (Variant B7),Apply,0.98,3,solve,Medium,14
BANK_0531,Q231,Operating System,[Operating System Item #231] A system has 6 identical resources and N processes competing for them. Each process needs at most 2 resources. Find max N to avoid deadlock. (Variant B7),Understand,0.5,2,N/A,Medium,31
BANK_0532,Q232,Operating System,[Operating System Item #232] Consider a memory management system with page size 2 KB. Translate virtual address 2500 to physical address. (Variant B7),Understand,0.5,2,N/A,Medium,23
BANK_0533,Q233,Operating System,[Operating System Item #233] Dirty bit for a page in a page table is used to indicate (Variant B7),Apply,0.98,3,use,Medium,19
BANK_0534,Q234,Operating System,[Operating System Item #234] Increasing RAM of a computer typically improves performance because (Variant B7),Apply,0.98,3,compute,Medium,15
BANK_0535,Q235,Operating System,"[Operating System Item #235] The index node (inode) of a Unix-like file system has 12 direct, 1 single-indirect and 1 double-indirect pointer. Calculate max file size. (Variant B7)",Apply,0.98,3,calculate,Medium,28
BANK_0536,Q236,Operating System,[Operating System Item #236] Which disk scheduling algorithm provides the best throughput? (Variant B7),Understand,0.5,2,N/A,Easy,14
BANK_0537,Q237,Operating System,[Operating System Item #237] The total number of child processes created by executing fork(); fork(); fork(); is (Variant B7),Understand,0.5,2,N/A,Easy,19
BANK_0538,Q238,Operating System,[Operating System Item #238] Which system call results in sending SYN packets during TCP connection setup? (Variant B7),Understand,0.5,2,N/A,Easy,18
BANK_0539,Q239,Operating System,[Operating System Item #239] What is the mode in which a signal handling routine executes when trapping Ctrl-C? (Variant B7),Remember,0.6,1,what is,Medium,20
BANK_0540,Q240,Operating System,[Operating System Item #240] Which layer of the OSI model handles process-to-process communication? (Variant B7),Understand,0.5,2,N/A,Easy,15
BANK_0541,Q241,Operating System,[Operating System Item #241] Which event will always trigger a context switch by the OS resulting in process P moving to a non-running state? (Variant B8),Remember,0.98,1,state,Medium,26
BANK_0542,Q242,Operating System,[Operating System Item #242] Which of the process state transitions is NOT possible in a uniprocessor operating system? (Variant B8),Remember,0.98,1,state,Medium,20
BANK_0543,Q243,Operating System,[Operating System Item #243] Dispatch latency is defined as (Variant B8),Remember,0.98,1,define,Easy,11
BANK_0544,Q244,Operating System,[Operating System Item #244] The operating system and other processes are protected from being modified by an already running process because (Variant B8),Apply,0.98,3,use,Medium,23
BANK_0545,Q245,Operating System,[Operating System Item #245] Consider process state transitions for a system using preemptive scheduling. Which statements are true? (Variant B8),Remember,0.98,1,state,Medium,20
BANK_0546,Q246,Operating System,"[Operating System Item #246] Working Set (t,k) at an instant of time t is (Variant B8)",Understand,0.5,2,N/A,Easy,16
BANK_0547,Q247,Operating System,[Operating System Item #247] Suppose a system contains n processes and uses round-robin CPU scheduling. Which data structure is best suited for the ready queue? (Variant B8),Apply,0.98,3,use,Medium,27
BANK_0548,Q248,Operating System,[Operating System Item #248] The maximum number of processes that can be in Ready state for a computer system with n CPUs is (Variant B8),Apply,0.6,3,compute,Medium,25
BANK_0549,Q249,Operating System,[Operating System Item #249] The state of a process after it encounters an I/O instruction is (Variant B8),Remember,0.98,1,state,Easy,18
BANK_0550,Q250,Operating System,"[Operating System Item #250] There are three processes in the ready queue. When the running process requests I/O, how many process switches take place? (Variant B8)",Remember,0.98,1,when,Medium,26
BANK_0551,Q251,Operating System,[Operating System Item #251] Special software to create a job queue is called a (Variant B8),Understand,0.5,2,N/A,Easy,16
BANK_0552,Q252,Operating System,[Operating System Item #252] Which is the correct definition of a valid process transition in an operating system? (Variant B8),Understand,0.5,2,N/A,Medium,20
BANK_0553,Q253,Operating System,[Operating System Item #253] Which of the following need not necessarily be saved on a context switch between processes? (Variant B8),Understand,0.5,2,N/A,Medium,21
BANK_0554,Q254,Operating System,[Operating System Item #254] Checkpointing a job refers to (Variant B8),Understand,0.5,2,N/A,Easy,11
BANK_0555,Q255,Operating System,[Operating System Item #255] What is the swap space in the disk used for? (Variant B8),Apply,0.6,3,use,Medium,16
BANK_0556,Q256,Operating System,[Operating System Item #256] Which CPU scheduling algorithm can potentially cause process starvation? (Variant B8),Apply,0.98,3,use,Medium,15
BANK_0557,Q257,Operating System,"[Operating System Item #257] Three processes arrive at time zero with CPU bursts of 16, 20 and 10 ms. Calculate minimum average waiting time under SJF. (Variant B8)",Apply,0.98,3,calculate,Medium,28
BANK_0558,Q258,Operating System,[Operating System Item #258] Which of the following page replacement policies may suffer from Belady's anomaly? (Variant B8),Understand,0.5,2,N/A,Easy,18
BANK_0559,Q259,Operating System,[Operating System Item #259] Which scheduling algorithm is most suitable for real-time operating systems? (Variant B8),Understand,0.5,2,N/A,Easy,16
BANK_0560,Q260,Operating System,[Operating System Item #260] What problem is solved by Dijkstra's Banker's Algorithm? (Variant B8),Apply,0.98,3,solve,Medium,14
BANK_0561,Q261,Operating System,[Operating System Item #261] A system has 6 identical resources and N processes competing for them. Each process needs at most 2 resources. Find max N to avoid deadlock. (Variant B8),Understand,0.5,2,N/A,Medium,31
BANK_0562,Q262,Operating System,[Operating System Item #262] Consider a memory management system with page size 2 KB. Translate virtual address 2500 to physical address. (Variant B8),Understand,0.5,2,N/A,Medium,23
BANK_0563,Q263,Operating System,[Operating System Item #263] Dirty bit for a page in a page table is used to indicate (Variant B8),Apply,0.98,3,use,Medium,19
BANK_0564,Q264,Operating System,[Operating System Item #264] Increasing RAM of a computer typically improves performance because (Variant B8),Apply,0.98,3,compute,Medium,15
BANK_0565,Q265,Operating System,"[Operating System Item #265] The index node (inode) of a Unix-like file system has 12 direct, 1 single-indirect and 1 double-indirect pointer. Calculate max file size. (Variant B8)",Apply,0.98,3,calculate,Medium,28
BANK_0566,Q266,Operating System,[Operating System Item #266] Which disk scheduling algorithm provides the best throughput? (Variant B8),Understand,0.5,2,N/A,Easy,14
BANK_0567,Q267,Operating System,[Operating System Item #267] The total number of child processes created by executing fork(); fork(); fork(); is (Variant B8),Understand,0.5,2,N/A,Easy,19
BANK_0568,Q268,Operating System,[Operating System Item #268] Which system call results in sending SYN packets during TCP connection setup? (Variant B8),Understand,0.5,2,N/A,Easy,18
BANK_0569,Q269,Operating System,[Operating System Item #269] What is the mode in which a signal handling routine executes when trapping Ctrl-C? (Variant B8),Remember,0.6,1,what is,Medium,20
BANK_0570,Q270,Operating System,[Operating System Item #270] Which layer of the OSI model handles process-to-process communication? (Variant B8),Understand,0.5,2,N/A,Easy,15
BANK_0571,Q271,Operating System,[Operating System Item #271] Which event will always trigger a context switch by the OS resulting in process P moving to a non-running state? (Variant B9),Remember,0.98,1,state,Medium,26
BANK_0572,Q272,Operating System,[Operating System Item #272] Which of the process state transitions is NOT possible in a uniprocessor operating system? (Variant B9),Remember,0.98,1,state,Medium,20
BANK_0573,Q273,Operating System,[Operating System Item #273] Dispatch latency is defined as (Variant B9),Remember,0.98,1,define,Easy,11
BANK_0574,Q274,Operating System,[Operating System Item #274] The operating system and other processes are protected from being modified by an already running process because (Variant B9),Apply,0.98,3,use,Medium,23
BANK_0575,Q275,Operating System,[Operating System Item #275] Consider process state transitions for a system using preemptive scheduling. Which statements are true? (Variant B9),Remember,0.98,1,state,Medium,20
BANK_0576,Q276,Operating System,"[Operating System Item #276] Working Set (t,k) at an instant of time t is (Variant B9)",Understand,0.5,2,N/A,Easy,16
BANK_0577,Q277,Operating System,[Operating System Item #277] Suppose a system contains n processes and uses round-robin CPU scheduling. Which data structure is best suited for the ready queue? (Variant B9),Apply,0.98,3,use,Medium,27
BANK_0578,Q278,Operating System,[Operating System Item #278] The maximum number of processes that can be in Ready state for a computer system with n CPUs is (Variant B9),Apply,0.6,3,compute,Medium,25
BANK_0579,Q279,Operating System,[Operating System Item #279] The state of a process after it encounters an I/O instruction is (Variant B9),Remember,0.98,1,state,Easy,18
BANK_0580,Q280,Operating System,"[Operating System Item #280] There are three processes in the ready queue. When the running process requests I/O, how many process switches take place? (Variant B9)",Remember,0.98,1,when,Medium,26
BANK_0581,Q281,Operating System,[Operating System Item #281] Special software to create a job queue is called a (Variant B9),Understand,0.5,2,N/A,Easy,16
BANK_0582,Q282,Operating System,[Operating System Item #282] Which is the correct definition of a valid process transition in an operating system? (Variant B9),Understand,0.5,2,N/A,Medium,20
BANK_0583,Q283,Operating System,[Operating System Item #283] Which of the following need not necessarily be saved on a context switch between processes? (Variant B9),Understand,0.5,2,N/A,Medium,21
BANK_0584,Q284,Operating System,[Operating System Item #284] Checkpointing a job refers to (Variant B9),Understand,0.5,2,N/A,Easy,11
BANK_0585,Q285,Operating System,[Operating System Item #285] What is the swap space in the disk used for? (Variant B9),Apply,0.6,3,use,Medium,16
BANK_0586,Q286,Operating System,[Operating System Item #286] Which CPU scheduling algorithm can potentially cause process starvation? (Variant B9),Apply,0.98,3,use,Medium,15
BANK_0587,Q287,Operating System,"[Operating System Item #287] Three processes arrive at time zero with CPU bursts of 16, 20 and 10 ms. Calculate minimum average waiting time under SJF. (Variant B9)",Apply,0.98,3,calculate,Medium,28
BANK_0588,Q288,Operating System,[Operating System Item #288] Which of the following page replacement policies may suffer from Belady's anomaly? (Variant B9),Understand,0.5,2,N/A,Easy,18
BANK_0589,Q289,Operating System,[Operating System Item #289] Which scheduling algorithm is most suitable for real-time operating systems? (Variant B9),Understand,0.5,2,N/A,Easy,16
BANK_0590,Q290,Operating System,[Operating System Item #290] What problem is solved by Dijkstra's Banker's Algorithm? (Variant B9),Apply,0.98,3,solve,Medium,14
BANK_0591,Q291,Operating System,[Operating System Item #291] A system has 6 identical resources and N processes competing for them. Each process needs at most 2 resources. Find max N to avoid deadlock. (Variant B9),Understand,0.5,2,N/A,Medium,31
BANK_0592,Q292,Operating System,[Operating System Item #292] Consider a memory management system with page size 2 KB. Translate virtual address 2500 to physical address. (Variant B9),Understand,0.5,2,N/A,Medium,23
BANK_0593,Q293,Operating System,[Operating System Item #293] Dirty bit for a page in a page table is used to indicate (Variant B9),Apply,0.98,3,use,Medium,19
BANK_0594,Q294,Operating System,[Operating System Item #294] Increasing RAM of a computer typically improves performance because (Variant B9),Apply,0.98,3,compute,Medium,15
BANK_0595,Q295,Operating System,"[Operating System Item #295] The index node (inode) of a Unix-like file system has 12 direct, 1 single-indirect and 1 double-indirect pointer. Calculate max file size. (Variant B9)",Apply,0.98,3,calculate,Medium,28
BANK_0596,Q296,Operating System,[Operating System Item #296] Which disk scheduling algorithm provides the best throughput? (Variant B9),Understand,0.5,2,N/A,Easy,14
BANK_0597,Q297,Operating System,[Operating System Item #297] The total number of child processes created by executing fork(); fork(); fork(); is (Variant B9),Understand,0.5,2,N/A,Easy,19
BANK_0598,Q298,Operating System,[Operating System Item #298] Which system call results in sending SYN packets during TCP connection setup? (Variant B9),Understand,0.5,2,N/A,Easy,18
BANK_0599,Q299,Operating System,[Operating System Item #299] What is the mode in which a signal handling routine executes when trapping Ctrl-C? (Variant B9),Remember,0.6,1,what is,Medium,20
BANK_0600,Q300,Operating System,[Operating System Item #300] Which layer of the OSI model handles process-to-process communication? (Variant B9),Understand,0.5,2,N/A,Easy,15
BANK_0601,Q1,Mathematics,Let p and q be propositions. Represent 'Fail grade cannot be given when student scores more than 50% marks' in propositional logic.,Remember,0.98,1,when,Medium,22
BANK_0602,Q2,Mathematics,"Geetha has a conjecture about integers of the form ∀x[P(x) ⇒ ∃y Q(x,y)]. Which option implies this conjecture?",Understand,0.5,2,N/A,Easy,18
BANK_0603,Q3,Mathematics,Choose the correct statement regarding propositional logic assertion S: ((P ∧ Q) → R) → ((P ∧ Q) → (Q → R)).,Remember,0.98,1,state,Medium,22
BANK_0604,Q4,Mathematics,Let p and q be two propositions. Determine if S1: (¬p ∧ (p ∨ q)) → q is a tautology.,Apply,0.98,3,determine,Medium,20
BANK_0605,Q5,Mathematics,Which one of the predicate formulae is NOT logically valid?,Understand,0.5,2,N/A,Easy,10
BANK_0606,Q6,Mathematics,Which one of the Boolean expressions is NOT a tautology?,Understand,0.5,2,N/A,Easy,10
BANK_0607,Q7,Mathematics,The statement (¬p) ⇒ (¬q) is logically equivalent to which statement?,Remember,0.98,1,state,Easy,11
BANK_0608,Q8,Mathematics,Consider the statement 'Not all that glitters is gold'. Represent this statement using first-order logic predicates.,Remember,0.98,1,state,Easy,16
BANK_0609,Q9,Mathematics,What is the logical translation of 'None of my friends are perfect'?,Remember,0.98,1,what is,Easy,12
BANK_0610,Q10,Mathematics,"Let P be a partial order defined on set {1,2,3,4}. Calculate the number of total orders that contain P.",Apply,0.6,3,calculate,Medium,19
BANK_0611,Q11,Mathematics,"Let S be a set of 10 elements. Find the number of tuples (A,B) such that A and B are subsets of S and A ⊆ B.",Understand,0.5,2,N/A,Medium,27
BANK_0612,Q12,Mathematics,"Find the symmetric difference of sets A={1,2,3,4,5,6,7,8} and B={1,3,5,6,7,8,9}.",Understand,0.5,2,N/A,Easy,9
BANK_0613,Q13,Mathematics,"Calculate the cardinality of the power set of {0, 1, 2, ..., 10}.",Apply,0.98,3,calculate,Medium,13
BANK_0614,Q14,Mathematics,What is the possible number of reflexive relations on a set of 5 elements?,Remember,0.98,1,what is,Easy,14
BANK_0615,Q15,Mathematics,Find the number of integers between 1 and 500 that are divisible by 3 or 5 or 7 using inclusion-exclusion.,Understand,0.5,2,N/A,Medium,20
BANK_0616,Q16,Mathematics,How many distinct positive integral factors does 2014 have?,Understand,0.5,2,N/A,Easy,9
BANK_0617,Q17,Mathematics,In how many ways can 5 blue balls and 5 red balls be distributed into n distinct boxes?,Understand,0.5,2,N/A,Easy,18
BANK_0618,Q18,Mathematics,Two fair dice are rolled simultaneously. What is the probability of getting a sum equal to 7?,Remember,0.98,1,what is,Easy,17
BANK_0619,Q19,Mathematics,A bag contains 10 red balls and 15 blue balls. Two balls are drawn without replacement. Calculate probability both are red.,Apply,0.98,3,calculate,Medium,21
BANK_0620,Q20,Mathematics,Let X be a random variable with Poisson distribution mean 3. Find the probability P(X < 3).,Understand,0.5,2,N/A,Easy,17
BANK_0621,Q21,Mathematics,Evaluate the limit lim x->0 (x^3 - sin(x)) / x^3 using L'Hopital's Rule.,Evaluate,0.98,5,evaluate,Hard,13
BANK_0622,Q22,Mathematics,Find the local maxima and minima of function f(x) = x^3 - 6x^2 + 9x + 15.,Understand,0.5,2,N/A,Easy,17
BANK_0623,Q23,Mathematics,Let A be an n x n idempotent matrix (A^2 = A). Prove that rank(A) = trace(A).,Understand,0.5,2,N/A,Easy,17
BANK_0624,Q24,Mathematics,Calculate the chromatic number of a complete graph K_n.,Apply,0.98,3,calculate,Medium,9
BANK_0625,Q25,Mathematics,"Prove that in every undirected graph, the number of vertices with odd degree is even.",Understand,0.5,2,N/A,Easy,15
BANK_0626,Q26,Mathematics,Show that the language L = {a^n b^n | n >= 0} is not regular using the pumping lemma.,Understand,0.5,2,N/A,Easy,19
BANK_0627,Q27,Mathematics,Find the inverse of a 3x3 matrix A using Gaussian elimination.,Understand,0.5,2,N/A,Easy,11
BANK_0628,Q28,Mathematics,Define Bayes' Theorem and calculate posterior probability given prior distributions.,Apply,0.6,3,calculate,Medium,10
BANK_0629,Q29,Mathematics,Calculate the number of spanning trees in a complete graph with 5 vertices using Cayley's formula.,Apply,0.98,3,calculate,Medium,16
BANK_0630,Q30,Mathematics,Solve the recurrence relation T(n) = 2T(n/2) + O(n) using the Master Theorem.,Apply,0.98,3,solve,Medium,13
BANK_0631,Q31,Mathematics,[Mathematics Item #31] Let p and q be propositions. Represent 'Fail grade cannot be given when student scores more than 50% marks' in propositional logic. (Variant B1),Remember,0.98,1,when,Medium,27
BANK_0632,Q32,Mathematics,"[Mathematics Item #32] Geetha has a conjecture about integers of the form ∀x[P(x) ⇒ ∃y Q(x,y)]. Which option implies this conjecture? (Variant B1)",Understand,0.5,2,N/A,Medium,23
BANK_0633,Q33,Mathematics,[Mathematics Item #33] Choose the correct statement regarding propositional logic assertion S: ((P ∧ Q) → R) → ((P ∧ Q) → (Q → R)). (Variant B1),Remember,0.98,1,state,Medium,27
BANK_0634,Q34,Mathematics,[Mathematics Item #34] Let p and q be two propositions. Determine if S1: (¬p ∧ (p ∨ q)) → q is a tautology. (Variant B1),Apply,0.98,3,determine,Medium,25
BANK_0635,Q35,Mathematics,[Mathematics Item #35] Which one of the predicate formulae is NOT logically valid? (Variant B1),Understand,0.5,2,N/A,Easy,15
BANK_0636,Q36,Mathematics,[Mathematics Item #36] Which one of the Boolean expressions is NOT a tautology? (Variant B1),Understand,0.5,2,N/A,Easy,15
BANK_0637,Q37,Mathematics,[Mathematics Item #37] The statement (¬p) ⇒ (¬q) is logically equivalent to which statement? (Variant B1),Remember,0.98,1,state,Easy,16
BANK_0638,Q38,Mathematics,[Mathematics Item #38] Consider the statement 'Not all that glitters is gold'. Represent this statement using first-order logic predicates. (Variant B1),Remember,0.98,1,state,Medium,21
BANK_0639,Q39,Mathematics,[Mathematics Item #39] What is the logical translation of 'None of my friends are perfect'? (Variant B1),Remember,0.98,1,what is,Easy,17
BANK_0640,Q40,Mathematics,"[Mathematics Item #40] Let P be a partial order defined on set {1,2,3,4}. Calculate the number of total orders that contain P. (Variant B1)",Apply,0.6,3,calculate,Medium,24
BANK_0641,Q41,Mathematics,"[Mathematics Item #41] Let S be a set of 10 elements. Find the number of tuples (A,B) such that A and B are subsets of S and A ⊆ B. (Variant B1)",Understand,0.5,2,N/A,Medium,32
BANK_0642,Q42,Mathematics,"[Mathematics Item #42] Find the symmetric difference of sets A={1,2,3,4,5,6,7,8} and B={1,3,5,6,7,8,9}. (Variant B1)",Understand,0.5,2,N/A,Easy,14
BANK_0643,Q43,Mathematics,"[Mathematics Item #43] Calculate the cardinality of the power set of {0, 1, 2, ..., 10}. (Variant B1)",Apply,0.98,3,calculate,Medium,18
BANK_0644,Q44,Mathematics,[Mathematics Item #44] What is the possible number of reflexive relations on a set of 5 elements? (Variant B1),Remember,0.98,1,what is,Easy,19
BANK_0645,Q45,Mathematics,[Mathematics Item #45] Find the number of integers between 1 and 500 that are divisible by 3 or 5 or 7 using inclusion-exclusion. (Variant B1),Understand,0.5,2,N/A,Medium,25
BANK_0646,Q46,Mathematics,[Mathematics Item #46] How many distinct positive integral factors does 2014 have? (Variant B1),Understand,0.5,2,N/A,Easy,14
BANK_0647,Q47,Mathematics,[Mathematics Item #47] In how many ways can 5 blue balls and 5 red balls be distributed into n distinct boxes? (Variant B1),Understand,0.5,2,N/A,Medium,23
BANK_0648,Q48,Mathematics,[Mathematics Item #48] Two fair dice are rolled simultaneously. What is the probability of getting a sum equal to 7? (Variant B1),Remember,0.98,1,what is,Medium,22
BANK_0649,Q49,Mathematics,[Mathematics Item #49] A bag contains 10 red balls and 15 blue balls. Two balls are drawn without replacement. Calculate probability both are red. (Variant B1),Apply,0.98,3,calculate,Medium,26
BANK_0650,Q50,Mathematics,[Mathematics Item #50] Let X be a random variable with Poisson distribution mean 3. Find the probability P(X < 3). (Variant B1),Understand,0.5,2,N/A,Medium,22
BANK_0651,Q51,Mathematics,[Mathematics Item #51] Evaluate the limit lim x->0 (x^3 - sin(x)) / x^3 using L'Hopital's Rule. (Variant B1),Evaluate,0.98,5,evaluate,Hard,18
BANK_0652,Q52,Mathematics,[Mathematics Item #52] Find the local maxima and minima of function f(x) = x^3 - 6x^2 + 9x + 15. (Variant B1),Understand,0.5,2,N/A,Medium,22
BANK_0653,Q53,Mathematics,[Mathematics Item #53] Let A be an n x n idempotent matrix (A^2 = A). Prove that rank(A) = trace(A). (Variant B1),Understand,0.5,2,N/A,Medium,22
BANK_0654,Q54,Mathematics,[Mathematics Item #54] Calculate the chromatic number of a complete graph K_n. (Variant B1),Apply,0.98,3,calculate,Medium,14
BANK_0655,Q55,Mathematics,"[Mathematics Item #55] Prove that in every undirected graph, the number of vertices with odd degree is even. (Variant B1)",Understand,0.5,2,N/A,Medium,20
BANK_0656,Q56,Mathematics,[Mathematics Item #56] Show that the language L = {a^n b^n | n >= 0} is not regular using the pumping lemma. (Variant B1),Understand,0.5,2,N/A,Medium,24
BANK_0657,Q57,Mathematics,[Mathematics Item #57] Find the inverse of a 3x3 matrix A using Gaussian elimination. (Variant B1),Understand,0.5,2,N/A,Easy,16
BANK_0658,Q58,Mathematics,[Mathematics Item #58] Define Bayes' Theorem and calculate posterior probability given prior distributions. (Variant B1),Apply,0.6,3,calculate,Medium,15
BANK_0659,Q59,Mathematics,[Mathematics Item #59] Calculate the number of spanning trees in a complete graph with 5 vertices using Cayley's formula. (Variant B1),Apply,0.98,3,calculate,Medium,21
BANK_0660,Q60,Mathematics,[Mathematics Item #60] Solve the recurrence relation T(n) = 2T(n/2) + O(n) using the Master Theorem. (Variant B1),Apply,0.98,3,solve,Medium,18
BANK_0661,Q61,Mathematics,[Mathematics Item #61] Let p and q be propositions. Represent 'Fail grade cannot be given when student scores more than 50% marks' in propositional logic. (Variant B2),Remember,0.98,1,when,Medium,27
BANK_0662,Q62,Mathematics,"[Mathematics Item #62] Geetha has a conjecture about integers of the form ∀x[P(x) ⇒ ∃y Q(x,y)]. Which option implies this conjecture? (Variant B2)",Understand,0.5,2,N/A,Medium,23
BANK_0663,Q63,Mathematics,[Mathematics Item #63] Choose the correct statement regarding propositional logic assertion S: ((P ∧ Q) → R) → ((P ∧ Q) → (Q → R)). (Variant B2),Remember,0.98,1,state,Medium,27
BANK_0664,Q64,Mathematics,[Mathematics Item #64] Let p and q be two propositions. Determine if S1: (¬p ∧ (p ∨ q)) → q is a tautology. (Variant B2),Apply,0.98,3,determine,Medium,25
BANK_0665,Q65,Mathematics,[Mathematics Item #65] Which one of the predicate formulae is NOT logically valid? (Variant B2),Understand,0.5,2,N/A,Easy,15
BANK_0666,Q66,Mathematics,[Mathematics Item #66] Which one of the Boolean expressions is NOT a tautology? (Variant B2),Understand,0.5,2,N/A,Easy,15
BANK_0667,Q67,Mathematics,[Mathematics Item #67] The statement (¬p) ⇒ (¬q) is logically equivalent to which statement? (Variant B2),Remember,0.98,1,state,Easy,16
BANK_0668,Q68,Mathematics,[Mathematics Item #68] Consider the statement 'Not all that glitters is gold'. Represent this statement using first-order logic predicates. (Variant B2),Remember,0.98,1,state,Medium,21
BANK_0669,Q69,Mathematics,[Mathematics Item #69] What is the logical translation of 'None of my friends are perfect'? (Variant B2),Remember,0.98,1,what is,Easy,17
BANK_0670,Q70,Mathematics,"[Mathematics Item #70] Let P be a partial order defined on set {1,2,3,4}. Calculate the number of total orders that contain P. (Variant B2)",Apply,0.6,3,calculate,Medium,24
BANK_0671,Q71,Mathematics,"[Mathematics Item #71] Let S be a set of 10 elements. Find the number of tuples (A,B) such that A and B are subsets of S and A ⊆ B. (Variant B2)",Understand,0.5,2,N/A,Medium,32
BANK_0672,Q72,Mathematics,"[Mathematics Item #72] Find the symmetric difference of sets A={1,2,3,4,5,6,7,8} and B={1,3,5,6,7,8,9}. (Variant B2)",Understand,0.5,2,N/A,Easy,14
BANK_0673,Q73,Mathematics,"[Mathematics Item #73] Calculate the cardinality of the power set of {0, 1, 2, ..., 10}. (Variant B2)",Apply,0.98,3,calculate,Medium,18
BANK_0674,Q74,Mathematics,[Mathematics Item #74] What is the possible number of reflexive relations on a set of 5 elements? (Variant B2),Remember,0.98,1,what is,Easy,19
BANK_0675,Q75,Mathematics,[Mathematics Item #75] Find the number of integers between 1 and 500 that are divisible by 3 or 5 or 7 using inclusion-exclusion. (Variant B2),Understand,0.5,2,N/A,Medium,25
BANK_0676,Q76,Mathematics,[Mathematics Item #76] How many distinct positive integral factors does 2014 have? (Variant B2),Understand,0.5,2,N/A,Easy,14
BANK_0677,Q77,Mathematics,[Mathematics Item #77] In how many ways can 5 blue balls and 5 red balls be distributed into n distinct boxes? (Variant B2),Understand,0.5,2,N/A,Medium,23
BANK_0678,Q78,Mathematics,[Mathematics Item #78] Two fair dice are rolled simultaneously. What is the probability of getting a sum equal to 7? (Variant B2),Remember,0.98,1,what is,Medium,22
BANK_0679,Q79,Mathematics,[Mathematics Item #79] A bag contains 10 red balls and 15 blue balls. Two balls are drawn without replacement. Calculate probability both are red. (Variant B2),Apply,0.98,3,calculate,Medium,26
BANK_0680,Q80,Mathematics,[Mathematics Item #80] Let X be a random variable with Poisson distribution mean 3. Find the probability P(X < 3). (Variant B2),Understand,0.5,2,N/A,Medium,22
BANK_0681,Q81,Mathematics,[Mathematics Item #81] Evaluate the limit lim x->0 (x^3 - sin(x)) / x^3 using L'Hopital's Rule. (Variant B2),Evaluate,0.98,5,evaluate,Hard,18
BANK_0682,Q82,Mathematics,[Mathematics Item #82] Find the local maxima and minima of function f(x) = x^3 - 6x^2 + 9x + 15. (Variant B2),Understand,0.5,2,N/A,Medium,22
BANK_0683,Q83,Mathematics,[Mathematics Item #83] Let A be an n x n idempotent matrix (A^2 = A). Prove that rank(A) = trace(A). (Variant B2),Understand,0.5,2,N/A,Medium,22
BANK_0684,Q84,Mathematics,[Mathematics Item #84] Calculate the chromatic number of a complete graph K_n. (Variant B2),Apply,0.98,3,calculate,Medium,14
BANK_0685,Q85,Mathematics,"[Mathematics Item #85] Prove that in every undirected graph, the number of vertices with odd degree is even. (Variant B2)",Understand,0.5,2,N/A,Medium,20
BANK_0686,Q86,Mathematics,[Mathematics Item #86] Show that the language L = {a^n b^n | n >= 0} is not regular using the pumping lemma. (Variant B2),Understand,0.5,2,N/A,Medium,24
BANK_0687,Q87,Mathematics,[Mathematics Item #87] Find the inverse of a 3x3 matrix A using Gaussian elimination. (Variant B2),Understand,0.5,2,N/A,Easy,16
BANK_0688,Q88,Mathematics,[Mathematics Item #88] Define Bayes' Theorem and calculate posterior probability given prior distributions. (Variant B2),Apply,0.6,3,calculate,Medium,15
BANK_0689,Q89,Mathematics,[Mathematics Item #89] Calculate the number of spanning trees in a complete graph with 5 vertices using Cayley's formula. (Variant B2),Apply,0.98,3,calculate,Medium,21
BANK_0690,Q90,Mathematics,[Mathematics Item #90] Solve the recurrence relation T(n) = 2T(n/2) + O(n) using the Master Theorem. (Variant B2),Apply,0.98,3,solve,Medium,18
BANK_0691,Q91,Mathematics,[Mathematics Item #91] Let p and q be propositions. Represent 'Fail grade cannot be given when student scores more than 50% marks' in propositional logic. (Variant B3),Remember,0.98,1,when,Medium,27
BANK_0692,Q92,Mathematics,"[Mathematics Item #92] Geetha has a conjecture about integers of the form ∀x[P(x) ⇒ ∃y Q(x,y)]. Which option implies this conjecture? (Variant B3)",Understand,0.5,2,N/A,Medium,23
BANK_0693,Q93,Mathematics,[Mathematics Item #93] Choose the correct statement regarding propositional logic assertion S: ((P ∧ Q) → R) → ((P ∧ Q) → (Q → R)). (Variant B3),Remember,0.98,1,state,Medium,27
BANK_0694,Q94,Mathematics,[Mathematics Item #94] Let p and q be two propositions. Determine if S1: (¬p ∧ (p ∨ q)) → q is a tautology. (Variant B3),Apply,0.98,3,determine,Medium,25
BANK_0695,Q95,Mathematics,[Mathematics Item #95] Which one of the predicate formulae is NOT logically valid? (Variant B3),Understand,0.5,2,N/A,Easy,15
BANK_0696,Q96,Mathematics,[Mathematics Item #96] Which one of the Boolean expressions is NOT a tautology? (Variant B3),Understand,0.5,2,N/A,Easy,15
BANK_0697,Q97,Mathematics,[Mathematics Item #97] The statement (¬p) ⇒ (¬q) is logically equivalent to which statement? (Variant B3),Remember,0.98,1,state,Easy,16
BANK_0698,Q98,Mathematics,[Mathematics Item #98] Consider the statement 'Not all that glitters is gold'. Represent this statement using first-order logic predicates. (Variant B3),Remember,0.98,1,state,Medium,21
BANK_0699,Q99,Mathematics,[Mathematics Item #99] What is the logical translation of 'None of my friends are perfect'? (Variant B3),Remember,0.98,1,what is,Easy,17
BANK_0700,Q100,Mathematics,"[Mathematics Item #100] Let P be a partial order defined on set {1,2,3,4}. Calculate the number of total orders that contain P. (Variant B3)",Apply,0.6,3,calculate,Medium,24
BANK_0701,Q101,Mathematics,"[Mathematics Item #101] Let S be a set of 10 elements. Find the number of tuples (A,B) such that A and B are subsets of S and A ⊆ B. (Variant B3)",Understand,0.5,2,N/A,Medium,32
BANK_0702,Q102,Mathematics,"[Mathematics Item #102] Find the symmetric difference of sets A={1,2,3,4,5,6,7,8} and B={1,3,5,6,7,8,9}. (Variant B3)",Understand,0.5,2,N/A,Easy,14
BANK_0703,Q103,Mathematics,"[Mathematics Item #103] Calculate the cardinality of the power set of {0, 1, 2, ..., 10}. (Variant B3)",Apply,0.98,3,calculate,Medium,18
BANK_0704,Q104,Mathematics,[Mathematics Item #104] What is the possible number of reflexive relations on a set of 5 elements? (Variant B3),Remember,0.98,1,what is,Easy,19
BANK_0705,Q105,Mathematics,[Mathematics Item #105] Find the number of integers between 1 and 500 that are divisible by 3 or 5 or 7 using inclusion-exclusion. (Variant B3),Understand,0.5,2,N/A,Medium,25
BANK_0706,Q106,Mathematics,[Mathematics Item #106] How many distinct positive integral factors does 2014 have? (Variant B3),Understand,0.5,2,N/A,Easy,14
BANK_0707,Q107,Mathematics,[Mathematics Item #107] In how many ways can 5 blue balls and 5 red balls be distributed into n distinct boxes? (Variant B3),Understand,0.5,2,N/A,Medium,23
BANK_0708,Q108,Mathematics,[Mathematics Item #108] Two fair dice are rolled simultaneously. What is the probability of getting a sum equal to 7? (Variant B3),Remember,0.98,1,what is,Medium,22
BANK_0709,Q109,Mathematics,[Mathematics Item #109] A bag contains 10 red balls and 15 blue balls. Two balls are drawn without replacement. Calculate probability both are red. (Variant B3),Apply,0.98,3,calculate,Medium,26
BANK_0710,Q110,Mathematics,[Mathematics Item #110] Let X be a random variable with Poisson distribution mean 3. Find the probability P(X < 3). (Variant B3),Understand,0.5,2,N/A,Medium,22
BANK_0711,Q111,Mathematics,[Mathematics Item #111] Evaluate the limit lim x->0 (x^3 - sin(x)) / x^3 using L'Hopital's Rule. (Variant B3),Evaluate,0.98,5,evaluate,Hard,18
BANK_0712,Q112,Mathematics,[Mathematics Item #112] Find the local maxima and minima of function f(x) = x^3 - 6x^2 + 9x + 15. (Variant B3),Understand,0.5,2,N/A,Medium,22
BANK_0713,Q113,Mathematics,[Mathematics Item #113] Let A be an n x n idempotent matrix (A^2 = A). Prove that rank(A) = trace(A). (Variant B3),Understand,0.5,2,N/A,Medium,22
BANK_0714,Q114,Mathematics,[Mathematics Item #114] Calculate the chromatic number of a complete graph K_n. (Variant B3),Apply,0.98,3,calculate,Medium,14
BANK_0715,Q115,Mathematics,"[Mathematics Item #115] Prove that in every undirected graph, the number of vertices with odd degree is even. (Variant B3)",Understand,0.5,2,N/A,Medium,20
BANK_0716,Q116,Mathematics,[Mathematics Item #116] Show that the language L = {a^n b^n | n >= 0} is not regular using the pumping lemma. (Variant B3),Understand,0.5,2,N/A,Medium,24
BANK_0717,Q117,Mathematics,[Mathematics Item #117] Find the inverse of a 3x3 matrix A using Gaussian elimination. (Variant B3),Understand,0.5,2,N/A,Easy,16
BANK_0718,Q118,Mathematics,[Mathematics Item #118] Define Bayes' Theorem and calculate posterior probability given prior distributions. (Variant B3),Apply,0.6,3,calculate,Medium,15
BANK_0719,Q119,Mathematics,[Mathematics Item #119] Calculate the number of spanning trees in a complete graph with 5 vertices using Cayley's formula. (Variant B3),Apply,0.98,3,calculate,Medium,21
BANK_0720,Q120,Mathematics,[Mathematics Item #120] Solve the recurrence relation T(n) = 2T(n/2) + O(n) using the Master Theorem. (Variant B3),Apply,0.98,3,solve,Medium,18
BANK_0721,Q121,Mathematics,[Mathematics Item #121] Let p and q be propositions. Represent 'Fail grade cannot be given when student scores more than 50% marks' in propositional logic. (Variant B4),Remember,0.98,1,when,Medium,27
BANK_0722,Q122,Mathematics,"[Mathematics Item #122] Geetha has a conjecture about integers of the form ∀x[P(x) ⇒ ∃y Q(x,y)]. Which option implies this conjecture? (Variant B4)",Understand,0.5,2,N/A,Medium,23
BANK_0723,Q123,Mathematics,[Mathematics Item #123] Choose the correct statement regarding propositional logic assertion S: ((P ∧ Q) → R) → ((P ∧ Q) → (Q → R)). (Variant B4),Remember,0.98,1,state,Medium,27
BANK_0724,Q124,Mathematics,[Mathematics Item #124] Let p and q be two propositions. Determine if S1: (¬p ∧ (p ∨ q)) → q is a tautology. (Variant B4),Apply,0.98,3,determine,Medium,25
BANK_0725,Q125,Mathematics,[Mathematics Item #125] Which one of the predicate formulae is NOT logically valid? (Variant B4),Understand,0.5,2,N/A,Easy,15
BANK_0726,Q126,Mathematics,[Mathematics Item #126] Which one of the Boolean expressions is NOT a tautology? (Variant B4),Understand,0.5,2,N/A,Easy,15
BANK_0727,Q127,Mathematics,[Mathematics Item #127] The statement (¬p) ⇒ (¬q) is logically equivalent to which statement? (Variant B4),Remember,0.98,1,state,Easy,16
BANK_0728,Q128,Mathematics,[Mathematics Item #128] Consider the statement 'Not all that glitters is gold'. Represent this statement using first-order logic predicates. (Variant B4),Remember,0.98,1,state,Medium,21
BANK_0729,Q129,Mathematics,[Mathematics Item #129] What is the logical translation of 'None of my friends are perfect'? (Variant B4),Remember,0.98,1,what is,Easy,17
BANK_0730,Q130,Mathematics,"[Mathematics Item #130] Let P be a partial order defined on set {1,2,3,4}. Calculate the number of total orders that contain P. (Variant B4)",Apply,0.6,3,calculate,Medium,24
BANK_0731,Q131,Mathematics,"[Mathematics Item #131] Let S be a set of 10 elements. Find the number of tuples (A,B) such that A and B are subsets of S and A ⊆ B. (Variant B4)",Understand,0.5,2,N/A,Medium,32
BANK_0732,Q132,Mathematics,"[Mathematics Item #132] Find the symmetric difference of sets A={1,2,3,4,5,6,7,8} and B={1,3,5,6,7,8,9}. (Variant B4)",Understand,0.5,2,N/A,Easy,14
BANK_0733,Q133,Mathematics,"[Mathematics Item #133] Calculate the cardinality of the power set of {0, 1, 2, ..., 10}. (Variant B4)",Apply,0.98,3,calculate,Medium,18
BANK_0734,Q134,Mathematics,[Mathematics Item #134] What is the possible number of reflexive relations on a set of 5 elements? (Variant B4),Remember,0.98,1,what is,Easy,19
BANK_0735,Q135,Mathematics,[Mathematics Item #135] Find the number of integers between 1 and 500 that are divisible by 3 or 5 or 7 using inclusion-exclusion. (Variant B4),Understand,0.5,2,N/A,Medium,25
BANK_0736,Q136,Mathematics,[Mathematics Item #136] How many distinct positive integral factors does 2014 have? (Variant B4),Understand,0.5,2,N/A,Easy,14
BANK_0737,Q137,Mathematics,[Mathematics Item #137] In how many ways can 5 blue balls and 5 red balls be distributed into n distinct boxes? (Variant B4),Understand,0.5,2,N/A,Medium,23
BANK_0738,Q138,Mathematics,[Mathematics Item #138] Two fair dice are rolled simultaneously. What is the probability of getting a sum equal to 7? (Variant B4),Remember,0.98,1,what is,Medium,22
BANK_0739,Q139,Mathematics,[Mathematics Item #139] A bag contains 10 red balls and 15 blue balls. Two balls are drawn without replacement. Calculate probability both are red. (Variant B4),Apply,0.98,3,calculate,Medium,26
BANK_0740,Q140,Mathematics,[Mathematics Item #140] Let X be a random variable with Poisson distribution mean 3. Find the probability P(X < 3). (Variant B4),Understand,0.5,2,N/A,Medium,22
BANK_0741,Q141,Mathematics,[Mathematics Item #141] Evaluate the limit lim x->0 (x^3 - sin(x)) / x^3 using L'Hopital's Rule. (Variant B4),Evaluate,0.98,5,evaluate,Hard,18
BANK_0742,Q142,Mathematics,[Mathematics Item #142] Find the local maxima and minima of function f(x) = x^3 - 6x^2 + 9x + 15. (Variant B4),Understand,0.5,2,N/A,Medium,22
BANK_0743,Q143,Mathematics,[Mathematics Item #143] Let A be an n x n idempotent matrix (A^2 = A). Prove that rank(A) = trace(A). (Variant B4),Understand,0.5,2,N/A,Medium,22
BANK_0744,Q144,Mathematics,[Mathematics Item #144] Calculate the chromatic number of a complete graph K_n. (Variant B4),Apply,0.98,3,calculate,Medium,14
BANK_0745,Q145,Mathematics,"[Mathematics Item #145] Prove that in every undirected graph, the number of vertices with odd degree is even. (Variant B4)",Understand,0.5,2,N/A,Medium,20
BANK_0746,Q146,Mathematics,[Mathematics Item #146] Show that the language L = {a^n b^n | n >= 0} is not regular using the pumping lemma. (Variant B4),Understand,0.5,2,N/A,Medium,24
BANK_0747,Q147,Mathematics,[Mathematics Item #147] Find the inverse of a 3x3 matrix A using Gaussian elimination. (Variant B4),Understand,0.5,2,N/A,Easy,16
BANK_0748,Q148,Mathematics,[Mathematics Item #148] Define Bayes' Theorem and calculate posterior probability given prior distributions. (Variant B4),Apply,0.6,3,calculate,Medium,15
BANK_0749,Q149,Mathematics,[Mathematics Item #149] Calculate the number of spanning trees in a complete graph with 5 vertices using Cayley's formula. (Variant B4),Apply,0.98,3,calculate,Medium,21
BANK_0750,Q150,Mathematics,[Mathematics Item #150] Solve the recurrence relation T(n) = 2T(n/2) + O(n) using the Master Theorem. (Variant B4),Apply,0.98,3,solve,Medium,18
BANK_0751,Q151,Mathematics,[Mathematics Item #151] Let p and q be propositions. Represent 'Fail grade cannot be given when student scores more than 50% marks' in propositional logic. (Variant B5),Remember,0.98,1,when,Medium,27
BANK_0752,Q152,Mathematics,"[Mathematics Item #152] Geetha has a conjecture about integers of the form ∀x[P(x) ⇒ ∃y Q(x,y)]. Which option implies this conjecture? (Variant B5)",Understand,0.5,2,N/A,Medium,23
BANK_0753,Q153,Mathematics,[Mathematics Item #153] Choose the correct statement regarding propositional logic assertion S: ((P ∧ Q) → R) → ((P ∧ Q) → (Q → R)). (Variant B5),Remember,0.98,1,state,Medium,27
BANK_0754,Q154,Mathematics,[Mathematics Item #154] Let p and q be two propositions. Determine if S1: (¬p ∧ (p ∨ q)) → q is a tautology. (Variant B5),Apply,0.98,3,determine,Medium,25
BANK_0755,Q155,Mathematics,[Mathematics Item #155] Which one of the predicate formulae is NOT logically valid? (Variant B5),Understand,0.5,2,N/A,Easy,15
BANK_0756,Q156,Mathematics,[Mathematics Item #156] Which one of the Boolean expressions is NOT a tautology? (Variant B5),Understand,0.5,2,N/A,Easy,15
BANK_0757,Q157,Mathematics,[Mathematics Item #157] The statement (¬p) ⇒ (¬q) is logically equivalent to which statement? (Variant B5),Remember,0.98,1,state,Easy,16
BANK_0758,Q158,Mathematics,[Mathematics Item #158] Consider the statement 'Not all that glitters is gold'. Represent this statement using first-order logic predicates. (Variant B5),Remember,0.98,1,state,Medium,21
BANK_0759,Q159,Mathematics,[Mathematics Item #159] What is the logical translation of 'None of my friends are perfect'? (Variant B5),Remember,0.98,1,what is,Easy,17
BANK_0760,Q160,Mathematics,"[Mathematics Item #160] Let P be a partial order defined on set {1,2,3,4}. Calculate the number of total orders that contain P. (Variant B5)",Apply,0.6,3,calculate,Medium,24
BANK_0761,Q161,Mathematics,"[Mathematics Item #161] Let S be a set of 10 elements. Find the number of tuples (A,B) such that A and B are subsets of S and A ⊆ B. (Variant B5)",Understand,0.5,2,N/A,Medium,32
BANK_0762,Q162,Mathematics,"[Mathematics Item #162] Find the symmetric difference of sets A={1,2,3,4,5,6,7,8} and B={1,3,5,6,7,8,9}. (Variant B5)",Understand,0.5,2,N/A,Easy,14
BANK_0763,Q163,Mathematics,"[Mathematics Item #163] Calculate the cardinality of the power set of {0, 1, 2, ..., 10}. (Variant B5)",Apply,0.98,3,calculate,Medium,18
BANK_0764,Q164,Mathematics,[Mathematics Item #164] What is the possible number of reflexive relations on a set of 5 elements? (Variant B5),Remember,0.98,1,what is,Easy,19
BANK_0765,Q165,Mathematics,[Mathematics Item #165] Find the number of integers between 1 and 500 that are divisible by 3 or 5 or 7 using inclusion-exclusion. (Variant B5),Understand,0.5,2,N/A,Medium,25
BANK_0766,Q166,Mathematics,[Mathematics Item #166] How many distinct positive integral factors does 2014 have? (Variant B5),Understand,0.5,2,N/A,Easy,14
BANK_0767,Q167,Mathematics,[Mathematics Item #167] In how many ways can 5 blue balls and 5 red balls be distributed into n distinct boxes? (Variant B5),Understand,0.5,2,N/A,Medium,23
BANK_0768,Q168,Mathematics,[Mathematics Item #168] Two fair dice are rolled simultaneously. What is the probability of getting a sum equal to 7? (Variant B5),Remember,0.98,1,what is,Medium,22
BANK_0769,Q169,Mathematics,[Mathematics Item #169] A bag contains 10 red balls and 15 blue balls. Two balls are drawn without replacement. Calculate probability both are red. (Variant B5),Apply,0.98,3,calculate,Medium,26
BANK_0770,Q170,Mathematics,[Mathematics Item #170] Let X be a random variable with Poisson distribution mean 3. Find the probability P(X < 3). (Variant B5),Understand,0.5,2,N/A,Medium,22
BANK_0771,Q171,Mathematics,[Mathematics Item #171] Evaluate the limit lim x->0 (x^3 - sin(x)) / x^3 using L'Hopital's Rule. (Variant B5),Evaluate,0.98,5,evaluate,Hard,18
BANK_0772,Q172,Mathematics,[Mathematics Item #172] Find the local maxima and minima of function f(x) = x^3 - 6x^2 + 9x + 15. (Variant B5),Understand,0.5,2,N/A,Medium,22
BANK_0773,Q173,Mathematics,[Mathematics Item #173] Let A be an n x n idempotent matrix (A^2 = A). Prove that rank(A) = trace(A). (Variant B5),Understand,0.5,2,N/A,Medium,22
BANK_0774,Q174,Mathematics,[Mathematics Item #174] Calculate the chromatic number of a complete graph K_n. (Variant B5),Apply,0.98,3,calculate,Medium,14
BANK_0775,Q175,Mathematics,"[Mathematics Item #175] Prove that in every undirected graph, the number of vertices with odd degree is even. (Variant B5)",Understand,0.5,2,N/A,Medium,20
BANK_0776,Q176,Mathematics,[Mathematics Item #176] Show that the language L = {a^n b^n | n >= 0} is not regular using the pumping lemma. (Variant B5),Understand,0.5,2,N/A,Medium,24
BANK_0777,Q177,Mathematics,[Mathematics Item #177] Find the inverse of a 3x3 matrix A using Gaussian elimination. (Variant B5),Understand,0.5,2,N/A,Easy,16
BANK_0778,Q178,Mathematics,[Mathematics Item #178] Define Bayes' Theorem and calculate posterior probability given prior distributions. (Variant B5),Apply,0.6,3,calculate,Medium,15
BANK_0779,Q179,Mathematics,[Mathematics Item #179] Calculate the number of spanning trees in a complete graph with 5 vertices using Cayley's formula. (Variant B5),Apply,0.98,3,calculate,Medium,21
BANK_0780,Q180,Mathematics,[Mathematics Item #180] Solve the recurrence relation T(n) = 2T(n/2) + O(n) using the Master Theorem. (Variant B5),Apply,0.98,3,solve,Medium,18
BANK_0781,Q181,Mathematics,[Mathematics Item #181] Let p and q be propositions. Represent 'Fail grade cannot be given when student scores more than 50% marks' in propositional logic. (Variant B6),Remember,0.98,1,when,Medium,27
BANK_0782,Q182,Mathematics,"[Mathematics Item #182] Geetha has a conjecture about integers of the form ∀x[P(x) ⇒ ∃y Q(x,y)]. Which option implies this conjecture? (Variant B6)",Understand,0.5,2,N/A,Medium,23
BANK_0783,Q183,Mathematics,[Mathematics Item #183] Choose the correct statement regarding propositional logic assertion S: ((P ∧ Q) → R) → ((P ∧ Q) → (Q → R)). (Variant B6),Remember,0.98,1,state,Medium,27
BANK_0784,Q184,Mathematics,[Mathematics Item #184] Let p and q be two propositions. Determine if S1: (¬p ∧ (p ∨ q)) → q is a tautology. (Variant B6),Apply,0.98,3,determine,Medium,25
BANK_0785,Q185,Mathematics,[Mathematics Item #185] Which one of the predicate formulae is NOT logically valid? (Variant B6),Understand,0.5,2,N/A,Easy,15
BANK_0786,Q186,Mathematics,[Mathematics Item #186] Which one of the Boolean expressions is NOT a tautology? (Variant B6),Understand,0.5,2,N/A,Easy,15
BANK_0787,Q187,Mathematics,[Mathematics Item #187] The statement (¬p) ⇒ (¬q) is logically equivalent to which statement? (Variant B6),Remember,0.98,1,state,Easy,16
BANK_0788,Q188,Mathematics,[Mathematics Item #188] Consider the statement 'Not all that glitters is gold'. Represent this statement using first-order logic predicates. (Variant B6),Remember,0.98,1,state,Medium,21
BANK_0789,Q189,Mathematics,[Mathematics Item #189] What is the logical translation of 'None of my friends are perfect'? (Variant B6),Remember,0.98,1,what is,Easy,17
BANK_0790,Q190,Mathematics,"[Mathematics Item #190] Let P be a partial order defined on set {1,2,3,4}. Calculate the number of total orders that contain P. (Variant B6)",Apply,0.6,3,calculate,Medium,24
BANK_0791,Q191,Mathematics,"[Mathematics Item #191] Let S be a set of 10 elements. Find the number of tuples (A,B) such that A and B are subsets of S and A ⊆ B. (Variant B6)",Understand,0.5,2,N/A,Medium,32
BANK_0792,Q192,Mathematics,"[Mathematics Item #192] Find the symmetric difference of sets A={1,2,3,4,5,6,7,8} and B={1,3,5,6,7,8,9}. (Variant B6)",Understand,0.5,2,N/A,Easy,14
BANK_0793,Q193,Mathematics,"[Mathematics Item #193] Calculate the cardinality of the power set of {0, 1, 2, ..., 10}. (Variant B6)",Apply,0.98,3,calculate,Medium,18
BANK_0794,Q194,Mathematics,[Mathematics Item #194] What is the possible number of reflexive relations on a set of 5 elements? (Variant B6),Remember,0.98,1,what is,Easy,19
BANK_0795,Q195,Mathematics,[Mathematics Item #195] Find the number of integers between 1 and 500 that are divisible by 3 or 5 or 7 using inclusion-exclusion. (Variant B6),Understand,0.5,2,N/A,Medium,25
BANK_0796,Q196,Mathematics,[Mathematics Item #196] How many distinct positive integral factors does 2014 have? (Variant B6),Understand,0.5,2,N/A,Easy,14
BANK_0797,Q197,Mathematics,[Mathematics Item #197] In how many ways can 5 blue balls and 5 red balls be distributed into n distinct boxes? (Variant B6),Understand,0.5,2,N/A,Medium,23
BANK_0798,Q198,Mathematics,[Mathematics Item #198] Two fair dice are rolled simultaneously. What is the probability of getting a sum equal to 7? (Variant B6),Remember,0.98,1,what is,Medium,22
BANK_0799,Q199,Mathematics,[Mathematics Item #199] A bag contains 10 red balls and 15 blue balls. Two balls are drawn without replacement. Calculate probability both are red. (Variant B6),Apply,0.98,3,calculate,Medium,26
BANK_0800,Q200,Mathematics,[Mathematics Item #200] Let X be a random variable with Poisson distribution mean 3. Find the probability P(X < 3). (Variant B6),Understand,0.5,2,N/A,Medium,22
BANK_0801,Q201,Mathematics,[Mathematics Item #201] Evaluate the limit lim x->0 (x^3 - sin(x)) / x^3 using L'Hopital's Rule. (Variant B6),Evaluate,0.98,5,evaluate,Hard,18
BANK_0802,Q202,Mathematics,[Mathematics Item #202] Find the local maxima and minima of function f(x) = x^3 - 6x^2 + 9x + 15. (Variant B6),Understand,0.5,2,N/A,Medium,22
BANK_0803,Q203,Mathematics,[Mathematics Item #203] Let A be an n x n idempotent matrix (A^2 = A). Prove that rank(A) = trace(A). (Variant B6),Understand,0.5,2,N/A,Medium,22
BANK_0804,Q204,Mathematics,[Mathematics Item #204] Calculate the chromatic number of a complete graph K_n. (Variant B6),Apply,0.98,3,calculate,Medium,14
BANK_0805,Q205,Mathematics,"[Mathematics Item #205] Prove that in every undirected graph, the number of vertices with odd degree is even. (Variant B6)",Understand,0.5,2,N/A,Medium,20
BANK_0806,Q206,Mathematics,[Mathematics Item #206] Show that the language L = {a^n b^n | n >= 0} is not regular using the pumping lemma. (Variant B6),Understand,0.5,2,N/A,Medium,24
BANK_0807,Q207,Mathematics,[Mathematics Item #207] Find the inverse of a 3x3 matrix A using Gaussian elimination. (Variant B6),Understand,0.5,2,N/A,Easy,16
BANK_0808,Q208,Mathematics,[Mathematics Item #208] Define Bayes' Theorem and calculate posterior probability given prior distributions. (Variant B6),Apply,0.6,3,calculate,Medium,15
BANK_0809,Q209,Mathematics,[Mathematics Item #209] Calculate the number of spanning trees in a complete graph with 5 vertices using Cayley's formula. (Variant B6),Apply,0.98,3,calculate,Medium,21
BANK_0810,Q210,Mathematics,[Mathematics Item #210] Solve the recurrence relation T(n) = 2T(n/2) + O(n) using the Master Theorem. (Variant B6),Apply,0.98,3,solve,Medium,18
BANK_0811,Q211,Mathematics,[Mathematics Item #211] Let p and q be propositions. Represent 'Fail grade cannot be given when student scores more than 50% marks' in propositional logic. (Variant B7),Remember,0.98,1,when,Medium,27
BANK_0812,Q212,Mathematics,"[Mathematics Item #212] Geetha has a conjecture about integers of the form ∀x[P(x) ⇒ ∃y Q(x,y)]. Which option implies this conjecture? (Variant B7)",Understand,0.5,2,N/A,Medium,23
BANK_0813,Q213,Mathematics,[Mathematics Item #213] Choose the correct statement regarding propositional logic assertion S: ((P ∧ Q) → R) → ((P ∧ Q) → (Q → R)). (Variant B7),Remember,0.98,1,state,Medium,27
BANK_0814,Q214,Mathematics,[Mathematics Item #214] Let p and q be two propositions. Determine if S1: (¬p ∧ (p ∨ q)) → q is a tautology. (Variant B7),Apply,0.98,3,determine,Medium,25
BANK_0815,Q215,Mathematics,[Mathematics Item #215] Which one of the predicate formulae is NOT logically valid? (Variant B7),Understand,0.5,2,N/A,Easy,15
BANK_0816,Q216,Mathematics,[Mathematics Item #216] Which one of the Boolean expressions is NOT a tautology? (Variant B7),Understand,0.5,2,N/A,Easy,15
BANK_0817,Q217,Mathematics,[Mathematics Item #217] The statement (¬p) ⇒ (¬q) is logically equivalent to which statement? (Variant B7),Remember,0.98,1,state,Easy,16
BANK_0818,Q218,Mathematics,[Mathematics Item #218] Consider the statement 'Not all that glitters is gold'. Represent this statement using first-order logic predicates. (Variant B7),Remember,0.98,1,state,Medium,21
BANK_0819,Q219,Mathematics,[Mathematics Item #219] What is the logical translation of 'None of my friends are perfect'? (Variant B7),Remember,0.98,1,what is,Easy,17
BANK_0820,Q220,Mathematics,"[Mathematics Item #220] Let P be a partial order defined on set {1,2,3,4}. Calculate the number of total orders that contain P. (Variant B7)",Apply,0.6,3,calculate,Medium,24
BANK_0821,Q221,Mathematics,"[Mathematics Item #221] Let S be a set of 10 elements. Find the number of tuples (A,B) such that A and B are subsets of S and A ⊆ B. (Variant B7)",Understand,0.5,2,N/A,Medium,32
BANK_0822,Q222,Mathematics,"[Mathematics Item #222] Find the symmetric difference of sets A={1,2,3,4,5,6,7,8} and B={1,3,5,6,7,8,9}. (Variant B7)",Understand,0.5,2,N/A,Easy,14
BANK_0823,Q223,Mathematics,"[Mathematics Item #223] Calculate the cardinality of the power set of {0, 1, 2, ..., 10}. (Variant B7)",Apply,0.98,3,calculate,Medium,18
BANK_0824,Q224,Mathematics,[Mathematics Item #224] What is the possible number of reflexive relations on a set of 5 elements? (Variant B7),Remember,0.98,1,what is,Easy,19
BANK_0825,Q225,Mathematics,[Mathematics Item #225] Find the number of integers between 1 and 500 that are divisible by 3 or 5 or 7 using inclusion-exclusion. (Variant B7),Understand,0.5,2,N/A,Medium,25
BANK_0826,Q226,Mathematics,[Mathematics Item #226] How many distinct positive integral factors does 2014 have? (Variant B7),Understand,0.5,2,N/A,Easy,14
BANK_0827,Q227,Mathematics,[Mathematics Item #227] In how many ways can 5 blue balls and 5 red balls be distributed into n distinct boxes? (Variant B7),Understand,0.5,2,N/A,Medium,23
BANK_0828,Q228,Mathematics,[Mathematics Item #228] Two fair dice are rolled simultaneously. What is the probability of getting a sum equal to 7? (Variant B7),Remember,0.98,1,what is,Medium,22
BANK_0829,Q229,Mathematics,[Mathematics Item #229] A bag contains 10 red balls and 15 blue balls. Two balls are drawn without replacement. Calculate probability both are red. (Variant B7),Apply,0.98,3,calculate,Medium,26
BANK_0830,Q230,Mathematics,[Mathematics Item #230] Let X be a random variable with Poisson distribution mean 3. Find the probability P(X < 3). (Variant B7),Understand,0.5,2,N/A,Medium,22
BANK_0831,Q231,Mathematics,[Mathematics Item #231] Evaluate the limit lim x->0 (x^3 - sin(x)) / x^3 using L'Hopital's Rule. (Variant B7),Evaluate,0.98,5,evaluate,Hard,18
BANK_0832,Q232,Mathematics,[Mathematics Item #232] Find the local maxima and minima of function f(x) = x^3 - 6x^2 + 9x + 15. (Variant B7),Understand,0.5,2,N/A,Medium,22
BANK_0833,Q233,Mathematics,[Mathematics Item #233] Let A be an n x n idempotent matrix (A^2 = A). Prove that rank(A) = trace(A). (Variant B7),Understand,0.5,2,N/A,Medium,22
BANK_0834,Q234,Mathematics,[Mathematics Item #234] Calculate the chromatic number of a complete graph K_n. (Variant B7),Apply,0.98,3,calculate,Medium,14
BANK_0835,Q235,Mathematics,"[Mathematics Item #235] Prove that in every undirected graph, the number of vertices with odd degree is even. (Variant B7)",Understand,0.5,2,N/A,Medium,20
BANK_0836,Q236,Mathematics,[Mathematics Item #236] Show that the language L = {a^n b^n | n >= 0} is not regular using the pumping lemma. (Variant B7),Understand,0.5,2,N/A,Medium,24
BANK_0837,Q237,Mathematics,[Mathematics Item #237] Find the inverse of a 3x3 matrix A using Gaussian elimination. (Variant B7),Understand,0.5,2,N/A,Easy,16
BANK_0838,Q238,Mathematics,[Mathematics Item #238] Define Bayes' Theorem and calculate posterior probability given prior distributions. (Variant B7),Apply,0.6,3,calculate,Medium,15
BANK_0839,Q239,Mathematics,[Mathematics Item #239] Calculate the number of spanning trees in a complete graph with 5 vertices using Cayley's formula. (Variant B7),Apply,0.98,3,calculate,Medium,21
BANK_0840,Q240,Mathematics,[Mathematics Item #240] Solve the recurrence relation T(n) = 2T(n/2) + O(n) using the Master Theorem. (Variant B7),Apply,0.98,3,solve,Medium,18
BANK_0841,Q241,Mathematics,[Mathematics Item #241] Let p and q be propositions. Represent 'Fail grade cannot be given when student scores more than 50% marks' in propositional logic. (Variant B8),Remember,0.98,1,when,Medium,27
BANK_0842,Q242,Mathematics,"[Mathematics Item #242] Geetha has a conjecture about integers of the form ∀x[P(x) ⇒ ∃y Q(x,y)]. Which option implies this conjecture? (Variant B8)",Understand,0.5,2,N/A,Medium,23
BANK_0843,Q243,Mathematics,[Mathematics Item #243] Choose the correct statement regarding propositional logic assertion S: ((P ∧ Q) → R) → ((P ∧ Q) → (Q → R)). (Variant B8),Remember,0.98,1,state,Medium,27
BANK_0844,Q244,Mathematics,[Mathematics Item #244] Let p and q be two propositions. Determine if S1: (¬p ∧ (p ∨ q)) → q is a tautology. (Variant B8),Apply,0.98,3,determine,Medium,25
BANK_0845,Q245,Mathematics,[Mathematics Item #245] Which one of the predicate formulae is NOT logically valid? (Variant B8),Understand,0.5,2,N/A,Easy,15
BANK_0846,Q246,Mathematics,[Mathematics Item #246] Which one of the Boolean expressions is NOT a tautology? (Variant B8),Understand,0.5,2,N/A,Easy,15
BANK_0847,Q247,Mathematics,[Mathematics Item #247] The statement (¬p) ⇒ (¬q) is logically equivalent to which statement? (Variant B8),Remember,0.98,1,state,Easy,16
BANK_0848,Q248,Mathematics,[Mathematics Item #248] Consider the statement 'Not all that glitters is gold'. Represent this statement using first-order logic predicates. (Variant B8),Remember,0.98,1,state,Medium,21
BANK_0849,Q249,Mathematics,[Mathematics Item #249] What is the logical translation of 'None of my friends are perfect'? (Variant B8),Remember,0.98,1,what is,Easy,17
BANK_0850,Q250,Mathematics,"[Mathematics Item #250] Let P be a partial order defined on set {1,2,3,4}. Calculate the number of total orders that contain P. (Variant B8)",Apply,0.6,3,calculate,Medium,24
BANK_0851,Q251,Mathematics,"[Mathematics Item #251] Let S be a set of 10 elements. Find the number of tuples (A,B) such that A and B are subsets of S and A ⊆ B. (Variant B8)",Understand,0.5,2,N/A,Medium,32
BANK_0852,Q252,Mathematics,"[Mathematics Item #252] Find the symmetric difference of sets A={1,2,3,4,5,6,7,8} and B={1,3,5,6,7,8,9}. (Variant B8)",Understand,0.5,2,N/A,Easy,14
BANK_0853,Q253,Mathematics,"[Mathematics Item #253] Calculate the cardinality of the power set of {0, 1, 2, ..., 10}. (Variant B8)",Apply,0.98,3,calculate,Medium,18
BANK_0854,Q254,Mathematics,[Mathematics Item #254] What is the possible number of reflexive relations on a set of 5 elements? (Variant B8),Remember,0.98,1,what is,Easy,19
BANK_0855,Q255,Mathematics,[Mathematics Item #255] Find the number of integers between 1 and 500 that are divisible by 3 or 5 or 7 using inclusion-exclusion. (Variant B8),Understand,0.5,2,N/A,Medium,25
BANK_0856,Q256,Mathematics,[Mathematics Item #256] How many distinct positive integral factors does 2014 have? (Variant B8),Understand,0.5,2,N/A,Easy,14
BANK_0857,Q257,Mathematics,[Mathematics Item #257] In how many ways can 5 blue balls and 5 red balls be distributed into n distinct boxes? (Variant B8),Understand,0.5,2,N/A,Medium,23
BANK_0858,Q258,Mathematics,[Mathematics Item #258] Two fair dice are rolled simultaneously. What is the probability of getting a sum equal to 7? (Variant B8),Remember,0.98,1,what is,Medium,22
BANK_0859,Q259,Mathematics,[Mathematics Item #259] A bag contains 10 red balls and 15 blue balls. Two balls are drawn without replacement. Calculate probability both are red. (Variant B8),Apply,0.98,3,calculate,Medium,26
BANK_0860,Q260,Mathematics,[Mathematics Item #260] Let X be a random variable with Poisson distribution mean 3. Find the probability P(X < 3). (Variant B8),Understand,0.5,2,N/A,Medium,22
BANK_0861,Q261,Mathematics,[Mathematics Item #261] Evaluate the limit lim x->0 (x^3 - sin(x)) / x^3 using L'Hopital's Rule. (Variant B8),Evaluate,0.98,5,evaluate,Hard,18
BANK_0862,Q262,Mathematics,[Mathematics Item #262] Find the local maxima and minima of function f(x) = x^3 - 6x^2 + 9x + 15. (Variant B8),Understand,0.5,2,N/A,Medium,22
BANK_0863,Q263,Mathematics,[Mathematics Item #263] Let A be an n x n idempotent matrix (A^2 = A). Prove that rank(A) = trace(A). (Variant B8),Understand,0.5,2,N/A,Medium,22
BANK_0864,Q264,Mathematics,[Mathematics Item #264] Calculate the chromatic number of a complete graph K_n. (Variant B8),Apply,0.98,3,calculate,Medium,14
BANK_0865,Q265,Mathematics,"[Mathematics Item #265] Prove that in every undirected graph, the number of vertices with odd degree is even. (Variant B8)",Understand,0.5,2,N/A,Medium,20
BANK_0866,Q266,Mathematics,[Mathematics Item #266] Show that the language L = {a^n b^n | n >= 0} is not regular using the pumping lemma. (Variant B8),Understand,0.5,2,N/A,Medium,24
BANK_0867,Q267,Mathematics,[Mathematics Item #267] Find the inverse of a 3x3 matrix A using Gaussian elimination. (Variant B8),Understand,0.5,2,N/A,Easy,16
BANK_0868,Q268,Mathematics,[Mathematics Item #268] Define Bayes' Theorem and calculate posterior probability given prior distributions. (Variant B8),Apply,0.6,3,calculate,Medium,15
BANK_0869,Q269,Mathematics,[Mathematics Item #269] Calculate the number of spanning trees in a complete graph with 5 vertices using Cayley's formula. (Variant B8),Apply,0.98,3,calculate,Medium,21
BANK_0870,Q270,Mathematics,[Mathematics Item #270] Solve the recurrence relation T(n) = 2T(n/2) + O(n) using the Master Theorem. (Variant B8),Apply,0.98,3,solve,Medium,18
BANK_0871,Q271,Mathematics,[Mathematics Item #271] Let p and q be propositions. Represent 'Fail grade cannot be given when student scores more than 50% marks' in propositional logic. (Variant B9),Remember,0.98,1,when,Medium,27
BANK_0872,Q272,Mathematics,"[Mathematics Item #272] Geetha has a conjecture about integers of the form ∀x[P(x) ⇒ ∃y Q(x,y)]. Which option implies this conjecture? (Variant B9)",Understand,0.5,2,N/A,Medium,23
BANK_0873,Q273,Mathematics,[Mathematics Item #273] Choose the correct statement regarding propositional logic assertion S: ((P ∧ Q) → R) → ((P ∧ Q) → (Q → R)). (Variant B9),Remember,0.98,1,state,Medium,27
BANK_0874,Q274,Mathematics,[Mathematics Item #274] Let p and q be two propositions. Determine if S1: (¬p ∧ (p ∨ q)) → q is a tautology. (Variant B9),Apply,0.98,3,determine,Medium,25
BANK_0875,Q275,Mathematics,[Mathematics Item #275] Which one of the predicate formulae is NOT logically valid? (Variant B9),Understand,0.5,2,N/A,Easy,15
BANK_0876,Q276,Mathematics,[Mathematics Item #276] Which one of the Boolean expressions is NOT a tautology? (Variant B9),Understand,0.5,2,N/A,Easy,15
BANK_0877,Q277,Mathematics,[Mathematics Item #277] The statement (¬p) ⇒ (¬q) is logically equivalent to which statement? (Variant B9),Remember,0.98,1,state,Easy,16
BANK_0878,Q278,Mathematics,[Mathematics Item #278] Consider the statement 'Not all that glitters is gold'. Represent this statement using first-order logic predicates. (Variant B9),Remember,0.98,1,state,Medium,21
BANK_0879,Q279,Mathematics,[Mathematics Item #279] What is the logical translation of 'None of my friends are perfect'? (Variant B9),Remember,0.98,1,what is,Easy,17
BANK_0880,Q280,Mathematics,"[Mathematics Item #280] Let P be a partial order defined on set {1,2,3,4}. Calculate the number of total orders that contain P. (Variant B9)",Apply,0.6,3,calculate,Medium,24
BANK_0881,Q281,Mathematics,"[Mathematics Item #281] Let S be a set of 10 elements. Find the number of tuples (A,B) such that A and B are subsets of S and A ⊆ B. (Variant B9)",Understand,0.5,2,N/A,Medium,32
BANK_0882,Q282,Mathematics,"[Mathematics Item #282] Find the symmetric difference of sets A={1,2,3,4,5,6,7,8} and B={1,3,5,6,7,8,9}. (Variant B9)",Understand,0.5,2,N/A,Easy,14
BANK_0883,Q283,Mathematics,"[Mathematics Item #283] Calculate the cardinality of the power set of {0, 1, 2, ..., 10}. (Variant B9)",Apply,0.98,3,calculate,Medium,18
BANK_0884,Q284,Mathematics,[Mathematics Item #284] What is the possible number of reflexive relations on a set of 5 elements? (Variant B9),Remember,0.98,1,what is,Easy,19
BANK_0885,Q285,Mathematics,[Mathematics Item #285] Find the number of integers between 1 and 500 that are divisible by 3 or 5 or 7 using inclusion-exclusion. (Variant B9),Understand,0.5,2,N/A,Medium,25
BANK_0886,Q286,Mathematics,[Mathematics Item #286] How many distinct positive integral factors does 2014 have? (Variant B9),Understand,0.5,2,N/A,Easy,14
BANK_0887,Q287,Mathematics,[Mathematics Item #287] In how many ways can 5 blue balls and 5 red balls be distributed into n distinct boxes? (Variant B9),Understand,0.5,2,N/A,Medium,23
BANK_0888,Q288,Mathematics,[Mathematics Item #288] Two fair dice are rolled simultaneously. What is the probability of getting a sum equal to 7? (Variant B9),Remember,0.98,1,what is,Medium,22
BANK_0889,Q289,Mathematics,[Mathematics Item #289] A bag contains 10 red balls and 15 blue balls. Two balls are drawn without replacement. Calculate probability both are red. (Variant B9),Apply,0.98,3,calculate,Medium,26
BANK_0890,Q290,Mathematics,[Mathematics Item #290] Let X be a random variable with Poisson distribution mean 3. Find the probability P(X < 3). (Variant B9),Understand,0.5,2,N/A,Medium,22
BANK_0891,Q291,Mathematics,[Mathematics Item #291] Evaluate the limit lim x->0 (x^3 - sin(x)) / x^3 using L'Hopital's Rule. (Variant B9),Evaluate,0.98,5,evaluate,Hard,18
BANK_0892,Q292,Mathematics,[Mathematics Item #292] Find the local maxima and minima of function f(x) = x^3 - 6x^2 + 9x + 15. (Variant B9),Understand,0.5,2,N/A,Medium,22
BANK_0893,Q293,Mathematics,[Mathematics Item #293] Let A be an n x n idempotent matrix (A^2 = A). Prove that rank(A) = trace(A). (Variant B9),Understand,0.5,2,N/A,Medium,22
BANK_0894,Q294,Mathematics,[Mathematics Item #294] Calculate the chromatic number of a complete graph K_n. (Variant B9),Apply,0.98,3,calculate,Medium,14
BANK_0895,Q295,Mathematics,"[Mathematics Item #295] Prove that in every undirected graph, the number of vertices with odd degree is even. (Variant B9)",Understand,0.5,2,N/A,Medium,20
BANK_0896,Q296,Mathematics,[Mathematics Item #296] Show that the language L = {a^n b^n | n >= 0} is not regular using the pumping lemma. (Variant B9),Understand,0.5,2,N/A,Medium,24
BANK_0897,Q297,Mathematics,[Mathematics Item #297] Find the inverse of a 3x3 matrix A using Gaussian elimination. (Variant B9),Understand,0.5,2,N/A,Easy,16
BANK_0898,Q298,Mathematics,[Mathematics Item #298] Define Bayes' Theorem and calculate posterior probability given prior distributions. (Variant B9),Apply,0.6,3,calculate,Medium,15
BANK_0899,Q299,Mathematics,[Mathematics Item #299] Calculate the number of spanning trees in a complete graph with 5 vertices using Cayley's formula. (Variant B9),Apply,0.98,3,calculate,Medium,21
BANK_0900,Q300,Mathematics,[Mathematics Item #300] Solve the recurrence relation T(n) = 2T(n/2) + O(n) using the Master Theorem. (Variant B9),Apply,0.98,3,solve,Medium,18
BANK_0901,Q1,General Aptitude,A person sold two different items at the same price. He made 10% profit on one and 10% loss on the other. Find net profit/loss percentage.,Understand,0.5,2,N/A,Medium,26
BANK_0902,Q2,General Aptitude,"In the sequence 6, 9, 14, x, 30, 41, find the value of x.",Understand,0.5,2,N/A,Easy,14
BANK_0903,Q3,General Aptitude,"In an engineering college of 10,000 students, 1,500 like neither core nor other branches. Calculate students liking core branches.",Apply,0.98,3,calculate,Medium,19
BANK_0904,Q4,General Aptitude,"Two wizards mix 4 elements (water, air, fire, earth) in all possible orders independently. How many total attempts before concluding failure?",Understand,0.5,2,N/A,Medium,21
BANK_0905,Q5,General Aptitude,Complete the word intensity analogy: [walk -> jog -> sprint] is analogous to [bothered -> ________ -> daunted].,Understand,0.5,2,N/A,Easy,18
BANK_0906,Q6,General Aptitude,A rectangular paper 20cm x 8cm is folded 3 times along lines of symmetry. Find the perimeter of the final folded sheet.,Understand,0.5,2,N/A,Medium,22
BANK_0907,Q7,General Aptitude,A rectangular sheet 54cm x 4cm forms a cylindrical tube. Find the ratio of cylinder volume to cube volume of equal surface area.,Understand,0.5,2,N/A,Medium,23
BANK_0908,Q8,General Aptitude,"The number of Rs. 1, Rs. 5, and Rs. 10 coins are in ratio 5:3:13. Find percentage of money in Rs. 5 coins.",Understand,0.5,2,N/A,Medium,23
BANK_0909,Q9,General Aptitude,Complete the analogy: [dry -> arid -> parched] is to [diet -> fast -> _______].,Understand,0.5,2,N/A,Easy,15
BANK_0910,Q10,General Aptitude,A plot of land must be divided among four families into similar shaped plots. Find min number of additional straight lines required.,Understand,0.5,2,N/A,Medium,22
BANK_0911,Q11,General Aptitude,"A box contains 3 green and 2 orange balls. If orange is drawn, it is replaced. Find probability of drawing orange on 2nd draw.",Understand,0.5,2,N/A,Medium,24
BANK_0912,Q12,General Aptitude,Complete the sentence: The _____ is too high for it to be considered ______.,Understand,0.5,2,N/A,Easy,14
BANK_0913,Q13,General Aptitude,The ratio of boys to girls in a class is 7:3. Which of the following is an acceptable total number of students?,Understand,0.5,2,N/A,Medium,22
BANK_0914,Q14,General Aptitude,Complete the analogy: Pen : Write :: Knife : _______.,Understand,0.5,2,N/A,Easy,10
BANK_0915,Q15,General Aptitude,"If (x - 21/2)^2 - (x - 23/2)^2 = x + 2, find the value of x.",Understand,0.5,2,N/A,Easy,17
BANK_0916,Q16,General Aptitude,"Ten friends planned to share equally the cost of a gift. If 2 drop out, others pay Rs 150 more. Find total gift cost.",Understand,0.5,2,N/A,Medium,24
BANK_0917,Q17,General Aptitude,Two cars start simultaneously in same direction at 50 km/h and 60 km/h. How long until distance between them is 20 km?,Understand,0.5,2,N/A,Medium,22
BANK_0918,Q18,General Aptitude,"What is the smallest natural number which when divided by 20, 42, or 76 leaves a remainder of 7?",Remember,0.98,1,what is,Easy,19
BANK_0919,Q19,General Aptitude,The area of a square is d. Find the area of the circle having the square's diagonal as diameter.,Understand,0.5,2,N/A,Easy,19
BANK_0920,Q20,General Aptitude,"Among 150 faculty members, 55 use Facebook, 85 use WhatsApp, and 30 use neither. How many use only Facebook?",Apply,0.98,3,use,Medium,19
BANK_0921,Q21,General Aptitude,A cube is built using 64 unit blocks. One block is removed from each corner. Find the resulting surface area.,Understand,0.5,2,N/A,Medium,20
BANK_0922,Q22,General Aptitude,"If 'relftaga' means carefree, 'otaga' means careful, which word means 'aftercare'?",Understand,0.5,2,N/A,Easy,11
BANK_0923,Q23,General Aptitude,"Find the missing term in the sequence: AD, CG, FK, JP, _____.",Understand,0.5,2,N/A,Easy,12
BANK_0924,Q24,General Aptitude,A political arch follows y = 2x - 0.1x^2. Find the maximum height of the arch.,Understand,0.5,2,N/A,Easy,16
BANK_0925,Q25,General Aptitude,How much spirit remains in a 10L container after replacing 1L with water 3 successive times?,Understand,0.5,2,N/A,Easy,16
BANK_0926,Q26,General Aptitude,Find the median salary of 100 employees given their salary distributions.,Understand,0.5,2,N/A,Easy,11
BANK_0927,Q27,General Aptitude,"If (9 inches)^(1/2) = (0.25 yards)^(1/2), which statement is true?",Remember,0.98,1,state,Easy,10
BANK_0928,Q28,General Aptitude,"A window consists of a square base and equilateral triangle top. If perimeter is 6m, find total window area.",Understand,0.5,2,N/A,Easy,19
BANK_0929,Q29,General Aptitude,P can complete a project in 25 days working 12 hours/day. Find ratio of work done by P and Q after 7 days.,Understand,0.5,2,N/A,Medium,23
BANK_0930,Q30,General Aptitude,"In a pile of 5.69 million fruits, 15% are unripe and 45% of unripe are apples. Calculate total apples.",Apply,0.98,3,calculate,Medium,19
BANK_0931,Q31,General Aptitude,[General Aptitude Item #31] A person sold two different items at the same price. He made 10% profit on one and 10% loss on the other. Find net profit/loss percentage. (Variant B1),Understand,0.5,2,N/A,Medium,32
BANK_0932,Q32,General Aptitude,"[General Aptitude Item #32] In the sequence 6, 9, 14, x, 30, 41, find the value of x. (Variant B1)",Understand,0.5,2,N/A,Medium,20
BANK_0933,Q33,General Aptitude,"[General Aptitude Item #33] In an engineering college of 10,000 students, 1,500 like neither core nor other branches. Calculate students liking core branches. (Variant B1)",Apply,0.98,3,calculate,Medium,25
BANK_0934,Q34,General Aptitude,"[General Aptitude Item #34] Two wizards mix 4 elements (water, air, fire, earth) in all possible orders independently. How many total attempts before concluding failure? (Variant B1)",Understand,0.5,2,N/A,Medium,27
BANK_0935,Q35,General Aptitude,[General Aptitude Item #35] Complete the word intensity analogy: [walk -> jog -> sprint] is analogous to [bothered -> ________ -> daunted]. (Variant B1),Understand,0.5,2,N/A,Medium,24
BANK_0936,Q36,General Aptitude,[General Aptitude Item #36] A rectangular paper 20cm x 8cm is folded 3 times along lines of symmetry. Find the perimeter of the final folded sheet. (Variant B1),Understand,0.5,2,N/A,Medium,28
BANK_0937,Q37,General Aptitude,[General Aptitude Item #37] A rectangular sheet 54cm x 4cm forms a cylindrical tube. Find the ratio of cylinder volume to cube volume of equal surface area. (Variant B1),Understand,0.5,2,N/A,Medium,29
BANK_0938,Q38,General Aptitude,"[General Aptitude Item #38] The number of Rs. 1, Rs. 5, and Rs. 10 coins are in ratio 5:3:13. Find percentage of money in Rs. 5 coins. (Variant B1)",Understand,0.5,2,N/A,Medium,29
BANK_0939,Q39,General Aptitude,[General Aptitude Item #39] Complete the analogy: [dry -> arid -> parched] is to [diet -> fast -> _______]. (Variant B1),Understand,0.5,2,N/A,Medium,21
BANK_0940,Q40,General Aptitude,[General Aptitude Item #40] A plot of land must be divided among four families into similar shaped plots. Find min number of additional straight lines required. (Variant B1),Understand,0.5,2,N/A,Medium,28
BANK_0941,Q41,General Aptitude,"[General Aptitude Item #41] A box contains 3 green and 2 orange balls. If orange is drawn, it is replaced. Find probability of drawing orange on 2nd draw. (Variant B1)",Understand,0.5,2,N/A,Medium,30
BANK_0942,Q42,General Aptitude,[General Aptitude Item #42] Complete the sentence: The _____ is too high for it to be considered ______. (Variant B1),Understand,0.5,2,N/A,Medium,20
BANK_0943,Q43,General Aptitude,[General Aptitude Item #43] The ratio of boys to girls in a class is 7:3. Which of the following is an acceptable total number of students? (Variant B1),Understand,0.5,2,N/A,Medium,28
BANK_0944,Q44,General Aptitude,[General Aptitude Item #44] Complete the analogy: Pen : Write :: Knife : _______. (Variant B1),Understand,0.5,2,N/A,Easy,16
BANK_0945,Q45,General Aptitude,"[General Aptitude Item #45] If (x - 21/2)^2 - (x - 23/2)^2 = x + 2, find the value of x. (Variant B1)",Understand,0.5,2,N/A,Medium,23
BANK_0946,Q46,General Aptitude,"[General Aptitude Item #46] Ten friends planned to share equally the cost of a gift. If 2 drop out, others pay Rs 150 more. Find total gift cost. (Variant B1)",Understand,0.5,2,N/A,Medium,30
BANK_0947,Q47,General Aptitude,[General Aptitude Item #47] Two cars start simultaneously in same direction at 50 km/h and 60 km/h. How long until distance between them is 20 km? (Variant B1),Understand,0.5,2,N/A,Medium,28
BANK_0948,Q48,General Aptitude,"[General Aptitude Item #48] What is the smallest natural number which when divided by 20, 42, or 76 leaves a remainder of 7? (Variant B1)",Remember,0.98,1,what is,Medium,25
BANK_0949,Q49,General Aptitude,[General Aptitude Item #49] The area of a square is d. Find the area of the circle having the square's diagonal as diameter. (Variant B1),Understand,0.5,2,N/A,Medium,25
BANK_0950,Q50,General Aptitude,"[General Aptitude Item #50] Among 150 faculty members, 55 use Facebook, 85 use WhatsApp, and 30 use neither. How many use only Facebook? (Variant B1)",Apply,0.98,3,use,Medium,25
BANK_0951,Q51,General Aptitude,[General Aptitude Item #51] A cube is built using 64 unit blocks. One block is removed from each corner. Find the resulting surface area. (Variant B1),Understand,0.5,2,N/A,Medium,26
BANK_0952,Q52,General Aptitude,"[General Aptitude Item #52] If 'relftaga' means carefree, 'otaga' means careful, which word means 'aftercare'? (Variant B1)",Understand,0.5,2,N/A,Easy,17
BANK_0953,Q53,General Aptitude,"[General Aptitude Item #53] Find the missing term in the sequence: AD, CG, FK, JP, _____. (Variant B1)",Understand,0.5,2,N/A,Easy,18
BANK_0954,Q54,General Aptitude,[General Aptitude Item #54] A political arch follows y = 2x - 0.1x^2. Find the maximum height of the arch. (Variant B1),Understand,0.5,2,N/A,Medium,22
BANK_0955,Q55,General Aptitude,[General Aptitude Item #55] How much spirit remains in a 10L container after replacing 1L with water 3 successive times? (Variant B1),Understand,0.5,2,N/A,Medium,22
BANK_0956,Q56,General Aptitude,[General Aptitude Item #56] Find the median salary of 100 employees given their salary distributions. (Variant B1),Understand,0.5,2,N/A,Easy,17
BANK_0957,Q57,General Aptitude,"[General Aptitude Item #57] If (9 inches)^(1/2) = (0.25 yards)^(1/2), which statement is true? (Variant B1)",Remember,0.98,1,state,Easy,16
BANK_0958,Q58,General Aptitude,"[General Aptitude Item #58] A window consists of a square base and equilateral triangle top. If perimeter is 6m, find total window area. (Variant B1)",Understand,0.5,2,N/A,Medium,25
BANK_0959,Q59,General Aptitude,[General Aptitude Item #59] P can complete a project in 25 days working 12 hours/day. Find ratio of work done by P and Q after 7 days. (Variant B1),Understand,0.5,2,N/A,Medium,29
BANK_0960,Q60,General Aptitude,"[General Aptitude Item #60] In a pile of 5.69 million fruits, 15% are unripe and 45% of unripe are apples. Calculate total apples. (Variant B1)",Apply,0.98,3,calculate,Medium,25
BANK_0961,Q61,General Aptitude,[General Aptitude Item #61] A person sold two different items at the same price. He made 10% profit on one and 10% loss on the other. Find net profit/loss percentage. (Variant B2),Understand,0.5,2,N/A,Medium,32
BANK_0962,Q62,General Aptitude,"[General Aptitude Item #62] In the sequence 6, 9, 14, x, 30, 41, find the value of x. (Variant B2)",Understand,0.5,2,N/A,Medium,20
BANK_0963,Q63,General Aptitude,"[General Aptitude Item #63] In an engineering college of 10,000 students, 1,500 like neither core nor other branches. Calculate students liking core branches. (Variant B2)",Apply,0.98,3,calculate,Medium,25
BANK_0964,Q64,General Aptitude,"[General Aptitude Item #64] Two wizards mix 4 elements (water, air, fire, earth) in all possible orders independently. How many total attempts before concluding failure? (Variant B2)",Understand,0.5,2,N/A,Medium,27
BANK_0965,Q65,General Aptitude,[General Aptitude Item #65] Complete the word intensity analogy: [walk -> jog -> sprint] is analogous to [bothered -> ________ -> daunted]. (Variant B2),Understand,0.5,2,N/A,Medium,24
BANK_0966,Q66,General Aptitude,[General Aptitude Item #66] A rectangular paper 20cm x 8cm is folded 3 times along lines of symmetry. Find the perimeter of the final folded sheet. (Variant B2),Understand,0.5,2,N/A,Medium,28
BANK_0967,Q67,General Aptitude,[General Aptitude Item #67] A rectangular sheet 54cm x 4cm forms a cylindrical tube. Find the ratio of cylinder volume to cube volume of equal surface area. (Variant B2),Understand,0.5,2,N/A,Medium,29
BANK_0968,Q68,General Aptitude,"[General Aptitude Item #68] The number of Rs. 1, Rs. 5, and Rs. 10 coins are in ratio 5:3:13. Find percentage of money in Rs. 5 coins. (Variant B2)",Understand,0.5,2,N/A,Medium,29
BANK_0969,Q69,General Aptitude,[General Aptitude Item #69] Complete the analogy: [dry -> arid -> parched] is to [diet -> fast -> _______]. (Variant B2),Understand,0.5,2,N/A,Medium,21
BANK_0970,Q70,General Aptitude,[General Aptitude Item #70] A plot of land must be divided among four families into similar shaped plots. Find min number of additional straight lines required. (Variant B2),Understand,0.5,2,N/A,Medium,28
BANK_0971,Q71,General Aptitude,"[General Aptitude Item #71] A box contains 3 green and 2 orange balls. If orange is drawn, it is replaced. Find probability of drawing orange on 2nd draw. (Variant B2)",Understand,0.5,2,N/A,Medium,30
BANK_0972,Q72,General Aptitude,[General Aptitude Item #72] Complete the sentence: The _____ is too high for it to be considered ______. (Variant B2),Understand,0.5,2,N/A,Medium,20
BANK_0973,Q73,General Aptitude,[General Aptitude Item #73] The ratio of boys to girls in a class is 7:3. Which of the following is an acceptable total number of students? (Variant B2),Understand,0.5,2,N/A,Medium,28
BANK_0974,Q74,General Aptitude,[General Aptitude Item #74] Complete the analogy: Pen : Write :: Knife : _______. (Variant B2),Understand,0.5,2,N/A,Easy,16
BANK_0975,Q75,General Aptitude,"[General Aptitude Item #75] If (x - 21/2)^2 - (x - 23/2)^2 = x + 2, find the value of x. (Variant B2)",Understand,0.5,2,N/A,Medium,23
BANK_0976,Q76,General Aptitude,"[General Aptitude Item #76] Ten friends planned to share equally the cost of a gift. If 2 drop out, others pay Rs 150 more. Find total gift cost. (Variant B2)",Understand,0.5,2,N/A,Medium,30
BANK_0977,Q77,General Aptitude,[General Aptitude Item #77] Two cars start simultaneously in same direction at 50 km/h and 60 km/h. How long until distance between them is 20 km? (Variant B2),Understand,0.5,2,N/A,Medium,28
BANK_0978,Q78,General Aptitude,"[General Aptitude Item #78] What is the smallest natural number which when divided by 20, 42, or 76 leaves a remainder of 7? (Variant B2)",Remember,0.98,1,what is,Medium,25
BANK_0979,Q79,General Aptitude,[General Aptitude Item #79] The area of a square is d. Find the area of the circle having the square's diagonal as diameter. (Variant B2),Understand,0.5,2,N/A,Medium,25
BANK_0980,Q80,General Aptitude,"[General Aptitude Item #80] Among 150 faculty members, 55 use Facebook, 85 use WhatsApp, and 30 use neither. How many use only Facebook? (Variant B2)",Apply,0.98,3,use,Medium,25
BANK_0981,Q81,General Aptitude,[General Aptitude Item #81] A cube is built using 64 unit blocks. One block is removed from each corner. Find the resulting surface area. (Variant B2),Understand,0.5,2,N/A,Medium,26
BANK_0982,Q82,General Aptitude,"[General Aptitude Item #82] If 'relftaga' means carefree, 'otaga' means careful, which word means 'aftercare'? (Variant B2)",Understand,0.5,2,N/A,Easy,17
BANK_0983,Q83,General Aptitude,"[General Aptitude Item #83] Find the missing term in the sequence: AD, CG, FK, JP, _____. (Variant B2)",Understand,0.5,2,N/A,Easy,18
BANK_0984,Q84,General Aptitude,[General Aptitude Item #84] A political arch follows y = 2x - 0.1x^2. Find the maximum height of the arch. (Variant B2),Understand,0.5,2,N/A,Medium,22
BANK_0985,Q85,General Aptitude,[General Aptitude Item #85] How much spirit remains in a 10L container after replacing 1L with water 3 successive times? (Variant B2),Understand,0.5,2,N/A,Medium,22
BANK_0986,Q86,General Aptitude,[General Aptitude Item #86] Find the median salary of 100 employees given their salary distributions. (Variant B2),Understand,0.5,2,N/A,Easy,17
BANK_0987,Q87,General Aptitude,"[General Aptitude Item #87] If (9 inches)^(1/2) = (0.25 yards)^(1/2), which statement is true? (Variant B2)",Remember,0.98,1,state,Easy,16
BANK_0988,Q88,General Aptitude,"[General Aptitude Item #88] A window consists of a square base and equilateral triangle top. If perimeter is 6m, find total window area. (Variant B2)",Understand,0.5,2,N/A,Medium,25
BANK_0989,Q89,General Aptitude,[General Aptitude Item #89] P can complete a project in 25 days working 12 hours/day. Find ratio of work done by P and Q after 7 days. (Variant B2),Understand,0.5,2,N/A,Medium,29
BANK_0990,Q90,General Aptitude,"[General Aptitude Item #90] In a pile of 5.69 million fruits, 15% are unripe and 45% of unripe are apples. Calculate total apples. (Variant B2)",Apply,0.98,3,calculate,Medium,25
BANK_0991,Q91,General Aptitude,[General Aptitude Item #91] A person sold two different items at the same price. He made 10% profit on one and 10% loss on the other. Find net profit/loss percentage. (Variant B3),Understand,0.5,2,N/A,Medium,32
BANK_0992,Q92,General Aptitude,"[General Aptitude Item #92] In the sequence 6, 9, 14, x, 30, 41, find the value of x. (Variant B3)",Understand,0.5,2,N/A,Medium,20
BANK_0993,Q93,General Aptitude,"[General Aptitude Item #93] In an engineering college of 10,000 students, 1,500 like neither core nor other branches. Calculate students liking core branches. (Variant B3)",Apply,0.98,3,calculate,Medium,25
BANK_0994,Q94,General Aptitude,"[General Aptitude Item #94] Two wizards mix 4 elements (water, air, fire, earth) in all possible orders independently. How many total attempts before concluding failure? (Variant B3)",Understand,0.5,2,N/A,Medium,27
BANK_0995,Q95,General Aptitude,[General Aptitude Item #95] Complete the word intensity analogy: [walk -> jog -> sprint] is analogous to [bothered -> ________ -> daunted]. (Variant B3),Understand,0.5,2,N/A,Medium,24
BANK_0996,Q96,General Aptitude,[General Aptitude Item #96] A rectangular paper 20cm x 8cm is folded 3 times along lines of symmetry. Find the perimeter of the final folded sheet. (Variant B3),Understand,0.5,2,N/A,Medium,28
BANK_0997,Q97,General Aptitude,[General Aptitude Item #97] A rectangular sheet 54cm x 4cm forms a cylindrical tube. Find the ratio of cylinder volume to cube volume of equal surface area. (Variant B3),Understand,0.5,2,N/A,Medium,29
BANK_0998,Q98,General Aptitude,"[General Aptitude Item #98] The number of Rs. 1, Rs. 5, and Rs. 10 coins are in ratio 5:3:13. Find percentage of money in Rs. 5 coins. (Variant B3)",Understand,0.5,2,N/A,Medium,29
BANK_0999,Q99,General Aptitude,[General Aptitude Item #99] Complete the analogy: [dry -> arid -> parched] is to [diet -> fast -> _______]. (Variant B3),Understand,0.5,2,N/A,Medium,21
BANK_1000,Q100,General Aptitude,[General Aptitude Item #100] A plot of land must be divided among four families into similar shaped plots. Find min number of additional straight lines required. (Variant B3),Understand,0.5,2,N/A,Medium,28
BANK_1001,Q101,General Aptitude,"[General Aptitude Item #101] A box contains 3 green and 2 orange balls. If orange is drawn, it is replaced. Find probability of drawing orange on 2nd draw. (Variant B3)",Understand,0.5,2,N/A,Medium,30
BANK_1002,Q102,General Aptitude,[General Aptitude Item #102] Complete the sentence: The _____ is too high for it to be considered ______. (Variant B3),Understand,0.5,2,N/A,Medium,20
BANK_1003,Q103,General Aptitude,[General Aptitude Item #103] The ratio of boys to girls in a class is 7:3. Which of the following is an acceptable total number of students? (Variant B3),Understand,0.5,2,N/A,Medium,28
BANK_1004,Q104,General Aptitude,[General Aptitude Item #104] Complete the analogy: Pen : Write :: Knife : _______. (Variant B3),Understand,0.5,2,N/A,Easy,16
BANK_1005,Q105,General Aptitude,"[General Aptitude Item #105] If (x - 21/2)^2 - (x - 23/2)^2 = x + 2, find the value of x. (Variant B3)",Understand,0.5,2,N/A,Medium,23
BANK_1006,Q106,General Aptitude,"[General Aptitude Item #106] Ten friends planned to share equally the cost of a gift. If 2 drop out, others pay Rs 150 more. Find total gift cost. (Variant B3)",Understand,0.5,2,N/A,Medium,30
BANK_1007,Q107,General Aptitude,[General Aptitude Item #107] Two cars start simultaneously in same direction at 50 km/h and 60 km/h. How long until distance between them is 20 km? (Variant B3),Understand,0.5,2,N/A,Medium,28
BANK_1008,Q108,General Aptitude,"[General Aptitude Item #108] What is the smallest natural number which when divided by 20, 42, or 76 leaves a remainder of 7? (Variant B3)",Remember,0.98,1,what is,Medium,25
BANK_1009,Q109,General Aptitude,[General Aptitude Item #109] The area of a square is d. Find the area of the circle having the square's diagonal as diameter. (Variant B3),Understand,0.5,2,N/A,Medium,25
BANK_1010,Q110,General Aptitude,"[General Aptitude Item #110] Among 150 faculty members, 55 use Facebook, 85 use WhatsApp, and 30 use neither. How many use only Facebook? (Variant B3)",Apply,0.98,3,use,Medium,25
BANK_1011,Q111,General Aptitude,[General Aptitude Item #111] A cube is built using 64 unit blocks. One block is removed from each corner. Find the resulting surface area. (Variant B3),Understand,0.5,2,N/A,Medium,26
BANK_1012,Q112,General Aptitude,"[General Aptitude Item #112] If 'relftaga' means carefree, 'otaga' means careful, which word means 'aftercare'? (Variant B3)",Understand,0.5,2,N/A,Easy,17
BANK_1013,Q113,General Aptitude,"[General Aptitude Item #113] Find the missing term in the sequence: AD, CG, FK, JP, _____. (Variant B3)",Understand,0.5,2,N/A,Easy,18
BANK_1014,Q114,General Aptitude,[General Aptitude Item #114] A political arch follows y = 2x - 0.1x^2. Find the maximum height of the arch. (Variant B3),Understand,0.5,2,N/A,Medium,22
BANK_1015,Q115,General Aptitude,[General Aptitude Item #115] How much spirit remains in a 10L container after replacing 1L with water 3 successive times? (Variant B3),Understand,0.5,2,N/A,Medium,22
BANK_1016,Q116,General Aptitude,[General Aptitude Item #116] Find the median salary of 100 employees given their salary distributions. (Variant B3),Understand,0.5,2,N/A,Easy,17
BANK_1017,Q117,General Aptitude,"[General Aptitude Item #117] If (9 inches)^(1/2) = (0.25 yards)^(1/2), which statement is true? (Variant B3)",Remember,0.98,1,state,Easy,16
BANK_1018,Q118,General Aptitude,"[General Aptitude Item #118] A window consists of a square base and equilateral triangle top. If perimeter is 6m, find total window area. (Variant B3)",Understand,0.5,2,N/A,Medium,25
BANK_1019,Q119,General Aptitude,[General Aptitude Item #119] P can complete a project in 25 days working 12 hours/day. Find ratio of work done by P and Q after 7 days. (Variant B3),Understand,0.5,2,N/A,Medium,29
BANK_1020,Q120,General Aptitude,"[General Aptitude Item #120] In a pile of 5.69 million fruits, 15% are unripe and 45% of unripe are apples. Calculate total apples. (Variant B3)",Apply,0.98,3,calculate,Medium,25
BANK_1021,Q121,General Aptitude,[General Aptitude Item #121] A person sold two different items at the same price. He made 10% profit on one and 10% loss on the other. Find net profit/loss percentage. (Variant B4),Understand,0.5,2,N/A,Medium,32
BANK_1022,Q122,General Aptitude,"[General Aptitude Item #122] In the sequence 6, 9, 14, x, 30, 41, find the value of x. (Variant B4)",Understand,0.5,2,N/A,Medium,20
BANK_1023,Q123,General Aptitude,"[General Aptitude Item #123] In an engineering college of 10,000 students, 1,500 like neither core nor other branches. Calculate students liking core branches. (Variant B4)",Apply,0.98,3,calculate,Medium,25
BANK_1024,Q124,General Aptitude,"[General Aptitude Item #124] Two wizards mix 4 elements (water, air, fire, earth) in all possible orders independently. How many total attempts before concluding failure? (Variant B4)",Understand,0.5,2,N/A,Medium,27
BANK_1025,Q125,General Aptitude,[General Aptitude Item #125] Complete the word intensity analogy: [walk -> jog -> sprint] is analogous to [bothered -> ________ -> daunted]. (Variant B4),Understand,0.5,2,N/A,Medium,24
BANK_1026,Q126,General Aptitude,[General Aptitude Item #126] A rectangular paper 20cm x 8cm is folded 3 times along lines of symmetry. Find the perimeter of the final folded sheet. (Variant B4),Understand,0.5,2,N/A,Medium,28
BANK_1027,Q127,General Aptitude,[General Aptitude Item #127] A rectangular sheet 54cm x 4cm forms a cylindrical tube. Find the ratio of cylinder volume to cube volume of equal surface area. (Variant B4),Understand,0.5,2,N/A,Medium,29
BANK_1028,Q128,General Aptitude,"[General Aptitude Item #128] The number of Rs. 1, Rs. 5, and Rs. 10 coins are in ratio 5:3:13. Find percentage of money in Rs. 5 coins. (Variant B4)",Understand,0.5,2,N/A,Medium,29
BANK_1029,Q129,General Aptitude,[General Aptitude Item #129] Complete the analogy: [dry -> arid -> parched] is to [diet -> fast -> _______]. (Variant B4),Understand,0.5,2,N/A,Medium,21
BANK_1030,Q130,General Aptitude,[General Aptitude Item #130] A plot of land must be divided among four families into similar shaped plots. Find min number of additional straight lines required. (Variant B4),Understand,0.5,2,N/A,Medium,28
BANK_1031,Q131,General Aptitude,"[General Aptitude Item #131] A box contains 3 green and 2 orange balls. If orange is drawn, it is replaced. Find probability of drawing orange on 2nd draw. (Variant B4)",Understand,0.5,2,N/A,Medium,30
BANK_1032,Q132,General Aptitude,[General Aptitude Item #132] Complete the sentence: The _____ is too high for it to be considered ______. (Variant B4),Understand,0.5,2,N/A,Medium,20
BANK_1033,Q133,General Aptitude,[General Aptitude Item #133] The ratio of boys to girls in a class is 7:3. Which of the following is an acceptable total number of students? (Variant B4),Understand,0.5,2,N/A,Medium,28
BANK_1034,Q134,General Aptitude,[General Aptitude Item #134] Complete the analogy: Pen : Write :: Knife : _______. (Variant B4),Understand,0.5,2,N/A,Easy,16
BANK_1035,Q135,General Aptitude,"[General Aptitude Item #135] If (x - 21/2)^2 - (x - 23/2)^2 = x + 2, find the value of x. (Variant B4)",Understand,0.5,2,N/A,Medium,23
BANK_1036,Q136,General Aptitude,"[General Aptitude Item #136] Ten friends planned to share equally the cost of a gift. If 2 drop out, others pay Rs 150 more. Find total gift cost. (Variant B4)",Understand,0.5,2,N/A,Medium,30
BANK_1037,Q137,General Aptitude,[General Aptitude Item #137] Two cars start simultaneously in same direction at 50 km/h and 60 km/h. How long until distance between them is 20 km? (Variant B4),Understand,0.5,2,N/A,Medium,28
BANK_1038,Q138,General Aptitude,"[General Aptitude Item #138] What is the smallest natural number which when divided by 20, 42, or 76 leaves a remainder of 7? (Variant B4)",Remember,0.98,1,what is,Medium,25
BANK_1039,Q139,General Aptitude,[General Aptitude Item #139] The area of a square is d. Find the area of the circle having the square's diagonal as diameter. (Variant B4),Understand,0.5,2,N/A,Medium,25
BANK_1040,Q140,General Aptitude,"[General Aptitude Item #140] Among 150 faculty members, 55 use Facebook, 85 use WhatsApp, and 30 use neither. How many use only Facebook? (Variant B4)",Apply,0.98,3,use,Medium,25
BANK_1041,Q141,General Aptitude,[General Aptitude Item #141] A cube is built using 64 unit blocks. One block is removed from each corner. Find the resulting surface area. (Variant B4),Understand,0.5,2,N/A,Medium,26
BANK_1042,Q142,General Aptitude,"[General Aptitude Item #142] If 'relftaga' means carefree, 'otaga' means careful, which word means 'aftercare'? (Variant B4)",Understand,0.5,2,N/A,Easy,17
BANK_1043,Q143,General Aptitude,"[General Aptitude Item #143] Find the missing term in the sequence: AD, CG, FK, JP, _____. (Variant B4)",Understand,0.5,2,N/A,Easy,18
BANK_1044,Q144,General Aptitude,[General Aptitude Item #144] A political arch follows y = 2x - 0.1x^2. Find the maximum height of the arch. (Variant B4),Understand,0.5,2,N/A,Medium,22
BANK_1045,Q145,General Aptitude,[General Aptitude Item #145] How much spirit remains in a 10L container after replacing 1L with water 3 successive times? (Variant B4),Understand,0.5,2,N/A,Medium,22
BANK_1046,Q146,General Aptitude,[General Aptitude Item #146] Find the median salary of 100 employees given their salary distributions. (Variant B4),Understand,0.5,2,N/A,Easy,17
BANK_1047,Q147,General Aptitude,"[General Aptitude Item #147] If (9 inches)^(1/2) = (0.25 yards)^(1/2), which statement is true? (Variant B4)",Remember,0.98,1,state,Easy,16
BANK_1048,Q148,General Aptitude,"[General Aptitude Item #148] A window consists of a square base and equilateral triangle top. If perimeter is 6m, find total window area. (Variant B4)",Understand,0.5,2,N/A,Medium,25
BANK_1049,Q149,General Aptitude,[General Aptitude Item #149] P can complete a project in 25 days working 12 hours/day. Find ratio of work done by P and Q after 7 days. (Variant B4),Understand,0.5,2,N/A,Medium,29
BANK_1050,Q150,General Aptitude,"[General Aptitude Item #150] In a pile of 5.69 million fruits, 15% are unripe and 45% of unripe are apples. Calculate total apples. (Variant B4)",Apply,0.98,3,calculate,Medium,25
BANK_1051,Q151,General Aptitude,[General Aptitude Item #151] A person sold two different items at the same price. He made 10% profit on one and 10% loss on the other. Find net profit/loss percentage. (Variant B5),Understand,0.5,2,N/A,Medium,32
BANK_1052,Q152,General Aptitude,"[General Aptitude Item #152] In the sequence 6, 9, 14, x, 30, 41, find the value of x. (Variant B5)",Understand,0.5,2,N/A,Medium,20
BANK_1053,Q153,General Aptitude,"[General Aptitude Item #153] In an engineering college of 10,000 students, 1,500 like neither core nor other branches. Calculate students liking core branches. (Variant B5)",Apply,0.98,3,calculate,Medium,25
BANK_1054,Q154,General Aptitude,"[General Aptitude Item #154] Two wizards mix 4 elements (water, air, fire, earth) in all possible orders independently. How many total attempts before concluding failure? (Variant B5)",Understand,0.5,2,N/A,Medium,27
BANK_1055,Q155,General Aptitude,[General Aptitude Item #155] Complete the word intensity analogy: [walk -> jog -> sprint] is analogous to [bothered -> ________ -> daunted]. (Variant B5),Understand,0.5,2,N/A,Medium,24
BANK_1056,Q156,General Aptitude,[General Aptitude Item #156] A rectangular paper 20cm x 8cm is folded 3 times along lines of symmetry. Find the perimeter of the final folded sheet. (Variant B5),Understand,0.5,2,N/A,Medium,28
BANK_1057,Q157,General Aptitude,[General Aptitude Item #157] A rectangular sheet 54cm x 4cm forms a cylindrical tube. Find the ratio of cylinder volume to cube volume of equal surface area. (Variant B5),Understand,0.5,2,N/A,Medium,29
BANK_1058,Q158,General Aptitude,"[General Aptitude Item #158] The number of Rs. 1, Rs. 5, and Rs. 10 coins are in ratio 5:3:13. Find percentage of money in Rs. 5 coins. (Variant B5)",Understand,0.5,2,N/A,Medium,29
BANK_1059,Q159,General Aptitude,[General Aptitude Item #159] Complete the analogy: [dry -> arid -> parched] is to [diet -> fast -> _______]. (Variant B5),Understand,0.5,2,N/A,Medium,21
BANK_1060,Q160,General Aptitude,[General Aptitude Item #160] A plot of land must be divided among four families into similar shaped plots. Find min number of additional straight lines required. (Variant B5),Understand,0.5,2,N/A,Medium,28
BANK_1061,Q161,General Aptitude,"[General Aptitude Item #161] A box contains 3 green and 2 orange balls. If orange is drawn, it is replaced. Find probability of drawing orange on 2nd draw. (Variant B5)",Understand,0.5,2,N/A,Medium,30
BANK_1062,Q162,General Aptitude,[General Aptitude Item #162] Complete the sentence: The _____ is too high for it to be considered ______. (Variant B5),Understand,0.5,2,N/A,Medium,20
BANK_1063,Q163,General Aptitude,[General Aptitude Item #163] The ratio of boys to girls in a class is 7:3. Which of the following is an acceptable total number of students? (Variant B5),Understand,0.5,2,N/A,Medium,28
BANK_1064,Q164,General Aptitude,[General Aptitude Item #164] Complete the analogy: Pen : Write :: Knife : _______. (Variant B5),Understand,0.5,2,N/A,Easy,16
BANK_1065,Q165,General Aptitude,"[General Aptitude Item #165] If (x - 21/2)^2 - (x - 23/2)^2 = x + 2, find the value of x. (Variant B5)",Understand,0.5,2,N/A,Medium,23
BANK_1066,Q166,General Aptitude,"[General Aptitude Item #166] Ten friends planned to share equally the cost of a gift. If 2 drop out, others pay Rs 150 more. Find total gift cost. (Variant B5)",Understand,0.5,2,N/A,Medium,30
BANK_1067,Q167,General Aptitude,[General Aptitude Item #167] Two cars start simultaneously in same direction at 50 km/h and 60 km/h. How long until distance between them is 20 km? (Variant B5),Understand,0.5,2,N/A,Medium,28
BANK_1068,Q168,General Aptitude,"[General Aptitude Item #168] What is the smallest natural number which when divided by 20, 42, or 76 leaves a remainder of 7? (Variant B5)",Remember,0.98,1,what is,Medium,25
BANK_1069,Q169,General Aptitude,[General Aptitude Item #169] The area of a square is d. Find the area of the circle having the square's diagonal as diameter. (Variant B5),Understand,0.5,2,N/A,Medium,25
BANK_1070,Q170,General Aptitude,"[General Aptitude Item #170] Among 150 faculty members, 55 use Facebook, 85 use WhatsApp, and 30 use neither. How many use only Facebook? (Variant B5)",Apply,0.98,3,use,Medium,25
BANK_1071,Q171,General Aptitude,[General Aptitude Item #171] A cube is built using 64 unit blocks. One block is removed from each corner. Find the resulting surface area. (Variant B5),Understand,0.5,2,N/A,Medium,26
BANK_1072,Q172,General Aptitude,"[General Aptitude Item #172] If 'relftaga' means carefree, 'otaga' means careful, which word means 'aftercare'? (Variant B5)",Understand,0.5,2,N/A,Easy,17
BANK_1073,Q173,General Aptitude,"[General Aptitude Item #173] Find the missing term in the sequence: AD, CG, FK, JP, _____. (Variant B5)",Understand,0.5,2,N/A,Easy,18
BANK_1074,Q174,General Aptitude,[General Aptitude Item #174] A political arch follows y = 2x - 0.1x^2. Find the maximum height of the arch. (Variant B5),Understand,0.5,2,N/A,Medium,22
BANK_1075,Q175,General Aptitude,[General Aptitude Item #175] How much spirit remains in a 10L container after replacing 1L with water 3 successive times? (Variant B5),Understand,0.5,2,N/A,Medium,22
BANK_1076,Q176,General Aptitude,[General Aptitude Item #176] Find the median salary of 100 employees given their salary distributions. (Variant B5),Understand,0.5,2,N/A,Easy,17
BANK_1077,Q177,General Aptitude,"[General Aptitude Item #177] If (9 inches)^(1/2) = (0.25 yards)^(1/2), which statement is true? (Variant B5)",Remember,0.98,1,state,Easy,16
BANK_1078,Q178,General Aptitude,"[General Aptitude Item #178] A window consists of a square base and equilateral triangle top. If perimeter is 6m, find total window area. (Variant B5)",Understand,0.5,2,N/A,Medium,25
BANK_1079,Q179,General Aptitude,[General Aptitude Item #179] P can complete a project in 25 days working 12 hours/day. Find ratio of work done by P and Q after 7 days. (Variant B5),Understand,0.5,2,N/A,Medium,29
BANK_1080,Q180,General Aptitude,"[General Aptitude Item #180] In a pile of 5.69 million fruits, 15% are unripe and 45% of unripe are apples. Calculate total apples. (Variant B5)",Apply,0.98,3,calculate,Medium,25
BANK_1081,Q181,General Aptitude,[General Aptitude Item #181] A person sold two different items at the same price. He made 10% profit on one and 10% loss on the other. Find net profit/loss percentage. (Variant B6),Understand,0.5,2,N/A,Medium,32
BANK_1082,Q182,General Aptitude,"[General Aptitude Item #182] In the sequence 6, 9, 14, x, 30, 41, find the value of x. (Variant B6)",Understand,0.5,2,N/A,Medium,20
BANK_1083,Q183,General Aptitude,"[General Aptitude Item #183] In an engineering college of 10,000 students, 1,500 like neither core nor other branches. Calculate students liking core branches. (Variant B6)",Apply,0.98,3,calculate,Medium,25
BANK_1084,Q184,General Aptitude,"[General Aptitude Item #184] Two wizards mix 4 elements (water, air, fire, earth) in all possible orders independently. How many total attempts before concluding failure? (Variant B6)",Understand,0.5,2,N/A,Medium,27
BANK_1085,Q185,General Aptitude,[General Aptitude Item #185] Complete the word intensity analogy: [walk -> jog -> sprint] is analogous to [bothered -> ________ -> daunted]. (Variant B6),Understand,0.5,2,N/A,Medium,24
BANK_1086,Q186,General Aptitude,[General Aptitude Item #186] A rectangular paper 20cm x 8cm is folded 3 times along lines of symmetry. Find the perimeter of the final folded sheet. (Variant B6),Understand,0.5,2,N/A,Medium,28
BANK_1087,Q187,General Aptitude,[General Aptitude Item #187] A rectangular sheet 54cm x 4cm forms a cylindrical tube. Find the ratio of cylinder volume to cube volume of equal surface area. (Variant B6),Understand,0.5,2,N/A,Medium,29
BANK_1088,Q188,General Aptitude,"[General Aptitude Item #188] The number of Rs. 1, Rs. 5, and Rs. 10 coins are in ratio 5:3:13. Find percentage of money in Rs. 5 coins. (Variant B6)",Understand,0.5,2,N/A,Medium,29
BANK_1089,Q189,General Aptitude,[General Aptitude Item #189] Complete the analogy: [dry -> arid -> parched] is to [diet -> fast -> _______]. (Variant B6),Understand,0.5,2,N/A,Medium,21
BANK_1090,Q190,General Aptitude,[General Aptitude Item #190] A plot of land must be divided among four families into similar shaped plots. Find min number of additional straight lines required. (Variant B6),Understand,0.5,2,N/A,Medium,28
BANK_1091,Q191,General Aptitude,"[General Aptitude Item #191] A box contains 3 green and 2 orange balls. If orange is drawn, it is replaced. Find probability of drawing orange on 2nd draw. (Variant B6)",Understand,0.5,2,N/A,Medium,30
BANK_1092,Q192,General Aptitude,[General Aptitude Item #192] Complete the sentence: The _____ is too high for it to be considered ______. (Variant B6),Understand,0.5,2,N/A,Medium,20
BANK_1093,Q193,General Aptitude,[General Aptitude Item #193] The ratio of boys to girls in a class is 7:3. Which of the following is an acceptable total number of students? (Variant B6),Understand,0.5,2,N/A,Medium,28
BANK_1094,Q194,General Aptitude,[General Aptitude Item #194] Complete the analogy: Pen : Write :: Knife : _______. (Variant B6),Understand,0.5,2,N/A,Easy,16
BANK_1095,Q195,General Aptitude,"[General Aptitude Item #195] If (x - 21/2)^2 - (x - 23/2)^2 = x + 2, find the value of x. (Variant B6)",Understand,0.5,2,N/A,Medium,23
BANK_1096,Q196,General Aptitude,"[General Aptitude Item #196] Ten friends planned to share equally the cost of a gift. If 2 drop out, others pay Rs 150 more. Find total gift cost. (Variant B6)",Understand,0.5,2,N/A,Medium,30
BANK_1097,Q197,General Aptitude,[General Aptitude Item #197] Two cars start simultaneously in same direction at 50 km/h and 60 km/h. How long until distance between them is 20 km? (Variant B6),Understand,0.5,2,N/A,Medium,28
BANK_1098,Q198,General Aptitude,"[General Aptitude Item #198] What is the smallest natural number which when divided by 20, 42, or 76 leaves a remainder of 7? (Variant B6)",Remember,0.98,1,what is,Medium,25
BANK_1099,Q199,General Aptitude,[General Aptitude Item #199] The area of a square is d. Find the area of the circle having the square's diagonal as diameter. (Variant B6),Understand,0.5,2,N/A,Medium,25
BANK_1100,Q200,General Aptitude,"[General Aptitude Item #200] Among 150 faculty members, 55 use Facebook, 85 use WhatsApp, and 30 use neither. How many use only Facebook? (Variant B6)",Apply,0.98,3,use,Medium,25
BANK_1101,Q201,General Aptitude,[General Aptitude Item #201] A cube is built using 64 unit blocks. One block is removed from each corner. Find the resulting surface area. (Variant B6),Understand,0.5,2,N/A,Medium,26
BANK_1102,Q202,General Aptitude,"[General Aptitude Item #202] If 'relftaga' means carefree, 'otaga' means careful, which word means 'aftercare'? (Variant B6)",Understand,0.5,2,N/A,Easy,17
BANK_1103,Q203,General Aptitude,"[General Aptitude Item #203] Find the missing term in the sequence: AD, CG, FK, JP, _____. (Variant B6)",Understand,0.5,2,N/A,Easy,18
BANK_1104,Q204,General Aptitude,[General Aptitude Item #204] A political arch follows y = 2x - 0.1x^2. Find the maximum height of the arch. (Variant B6),Understand,0.5,2,N/A,Medium,22
BANK_1105,Q205,General Aptitude,[General Aptitude Item #205] How much spirit remains in a 10L container after replacing 1L with water 3 successive times? (Variant B6),Understand,0.5,2,N/A,Medium,22
BANK_1106,Q206,General Aptitude,[General Aptitude Item #206] Find the median salary of 100 employees given their salary distributions. (Variant B6),Understand,0.5,2,N/A,Easy,17
BANK_1107,Q207,General Aptitude,"[General Aptitude Item #207] If (9 inches)^(1/2) = (0.25 yards)^(1/2), which statement is true? (Variant B6)",Remember,0.98,1,state,Easy,16
BANK_1108,Q208,General Aptitude,"[General Aptitude Item #208] A window consists of a square base and equilateral triangle top. If perimeter is 6m, find total window area. (Variant B6)",Understand,0.5,2,N/A,Medium,25
BANK_1109,Q209,General Aptitude,[General Aptitude Item #209] P can complete a project in 25 days working 12 hours/day. Find ratio of work done by P and Q after 7 days. (Variant B6),Understand,0.5,2,N/A,Medium,29
BANK_1110,Q210,General Aptitude,"[General Aptitude Item #210] In a pile of 5.69 million fruits, 15% are unripe and 45% of unripe are apples. Calculate total apples. (Variant B6)",Apply,0.98,3,calculate,Medium,25
BANK_1111,Q211,General Aptitude,[General Aptitude Item #211] A person sold two different items at the same price. He made 10% profit on one and 10% loss on the other. Find net profit/loss percentage. (Variant B7),Understand,0.5,2,N/A,Medium,32
BANK_1112,Q212,General Aptitude,"[General Aptitude Item #212] In the sequence 6, 9, 14, x, 30, 41, find the value of x. (Variant B7)",Understand,0.5,2,N/A,Medium,20
BANK_1113,Q213,General Aptitude,"[General Aptitude Item #213] In an engineering college of 10,000 students, 1,500 like neither core nor other branches. Calculate students liking core branches. (Variant B7)",Apply,0.98,3,calculate,Medium,25
BANK_1114,Q214,General Aptitude,"[General Aptitude Item #214] Two wizards mix 4 elements (water, air, fire, earth) in all possible orders independently. How many total attempts before concluding failure? (Variant B7)",Understand,0.5,2,N/A,Medium,27
BANK_1115,Q215,General Aptitude,[General Aptitude Item #215] Complete the word intensity analogy: [walk -> jog -> sprint] is analogous to [bothered -> ________ -> daunted]. (Variant B7),Understand,0.5,2,N/A,Medium,24
BANK_1116,Q216,General Aptitude,[General Aptitude Item #216] A rectangular paper 20cm x 8cm is folded 3 times along lines of symmetry. Find the perimeter of the final folded sheet. (Variant B7),Understand,0.5,2,N/A,Medium,28
BANK_1117,Q217,General Aptitude,[General Aptitude Item #217] A rectangular sheet 54cm x 4cm forms a cylindrical tube. Find the ratio of cylinder volume to cube volume of equal surface area. (Variant B7),Understand,0.5,2,N/A,Medium,29
BANK_1118,Q218,General Aptitude,"[General Aptitude Item #218] The number of Rs. 1, Rs. 5, and Rs. 10 coins are in ratio 5:3:13. Find percentage of money in Rs. 5 coins. (Variant B7)",Understand,0.5,2,N/A,Medium,29
BANK_1119,Q219,General Aptitude,[General Aptitude Item #219] Complete the analogy: [dry -> arid -> parched] is to [diet -> fast -> _______]. (Variant B7),Understand,0.5,2,N/A,Medium,21
BANK_1120,Q220,General Aptitude,[General Aptitude Item #220] A plot of land must be divided among four families into similar shaped plots. Find min number of additional straight lines required. (Variant B7),Understand,0.5,2,N/A,Medium,28
BANK_1121,Q221,General Aptitude,"[General Aptitude Item #221] A box contains 3 green and 2 orange balls. If orange is drawn, it is replaced. Find probability of drawing orange on 2nd draw. (Variant B7)",Understand,0.5,2,N/A,Medium,30
BANK_1122,Q222,General Aptitude,[General Aptitude Item #222] Complete the sentence: The _____ is too high for it to be considered ______. (Variant B7),Understand,0.5,2,N/A,Medium,20
BANK_1123,Q223,General Aptitude,[General Aptitude Item #223] The ratio of boys to girls in a class is 7:3. Which of the following is an acceptable total number of students? (Variant B7),Understand,0.5,2,N/A,Medium,28
BANK_1124,Q224,General Aptitude,[General Aptitude Item #224] Complete the analogy: Pen : Write :: Knife : _______. (Variant B7),Understand,0.5,2,N/A,Easy,16
BANK_1125,Q225,General Aptitude,"[General Aptitude Item #225] If (x - 21/2)^2 - (x - 23/2)^2 = x + 2, find the value of x. (Variant B7)",Understand,0.5,2,N/A,Medium,23
BANK_1126,Q226,General Aptitude,"[General Aptitude Item #226] Ten friends planned to share equally the cost of a gift. If 2 drop out, others pay Rs 150 more. Find total gift cost. (Variant B7)",Understand,0.5,2,N/A,Medium,30
BANK_1127,Q227,General Aptitude,[General Aptitude Item #227] Two cars start simultaneously in same direction at 50 km/h and 60 km/h. How long until distance between them is 20 km? (Variant B7),Understand,0.5,2,N/A,Medium,28
BANK_1128,Q228,General Aptitude,"[General Aptitude Item #228] What is the smallest natural number which when divided by 20, 42, or 76 leaves a remainder of 7? (Variant B7)",Remember,0.98,1,what is,Medium,25
BANK_1129,Q229,General Aptitude,[General Aptitude Item #229] The area of a square is d. Find the area of the circle having the square's diagonal as diameter. (Variant B7),Understand,0.5,2,N/A,Medium,25
BANK_1130,Q230,General Aptitude,"[General Aptitude Item #230] Among 150 faculty members, 55 use Facebook, 85 use WhatsApp, and 30 use neither. How many use only Facebook? (Variant B7)",Apply,0.98,3,use,Medium,25
BANK_1131,Q231,General Aptitude,[General Aptitude Item #231] A cube is built using 64 unit blocks. One block is removed from each corner. Find the resulting surface area. (Variant B7),Understand,0.5,2,N/A,Medium,26
BANK_1132,Q232,General Aptitude,"[General Aptitude Item #232] If 'relftaga' means carefree, 'otaga' means careful, which word means 'aftercare'? (Variant B7)",Understand,0.5,2,N/A,Easy,17
BANK_1133,Q233,General Aptitude,"[General Aptitude Item #233] Find the missing term in the sequence: AD, CG, FK, JP, _____. (Variant B7)",Understand,0.5,2,N/A,Easy,18
BANK_1134,Q234,General Aptitude,[General Aptitude Item #234] A political arch follows y = 2x - 0.1x^2. Find the maximum height of the arch. (Variant B7),Understand,0.5,2,N/A,Medium,22
BANK_1135,Q235,General Aptitude,[General Aptitude Item #235] How much spirit remains in a 10L container after replacing 1L with water 3 successive times? (Variant B7),Understand,0.5,2,N/A,Medium,22
BANK_1136,Q236,General Aptitude,[General Aptitude Item #236] Find the median salary of 100 employees given their salary distributions. (Variant B7),Understand,0.5,2,N/A,Easy,17
BANK_1137,Q237,General Aptitude,"[General Aptitude Item #237] If (9 inches)^(1/2) = (0.25 yards)^(1/2), which statement is true? (Variant B7)",Remember,0.98,1,state,Easy,16
BANK_1138,Q238,General Aptitude,"[General Aptitude Item #238] A window consists of a square base and equilateral triangle top. If perimeter is 6m, find total window area. (Variant B7)",Understand,0.5,2,N/A,Medium,25
BANK_1139,Q239,General Aptitude,[General Aptitude Item #239] P can complete a project in 25 days working 12 hours/day. Find ratio of work done by P and Q after 7 days. (Variant B7),Understand,0.5,2,N/A,Medium,29
BANK_1140,Q240,General Aptitude,"[General Aptitude Item #240] In a pile of 5.69 million fruits, 15% are unripe and 45% of unripe are apples. Calculate total apples. (Variant B7)",Apply,0.98,3,calculate,Medium,25
BANK_1141,Q241,General Aptitude,[General Aptitude Item #241] A person sold two different items at the same price. He made 10% profit on one and 10% loss on the other. Find net profit/loss percentage. (Variant B8),Understand,0.5,2,N/A,Medium,32
BANK_1142,Q242,General Aptitude,"[General Aptitude Item #242] In the sequence 6, 9, 14, x, 30, 41, find the value of x. (Variant B8)",Understand,0.5,2,N/A,Medium,20
BANK_1143,Q243,General Aptitude,"[General Aptitude Item #243] In an engineering college of 10,000 students, 1,500 like neither core nor other branches. Calculate students liking core branches. (Variant B8)",Apply,0.98,3,calculate,Medium,25
BANK_1144,Q244,General Aptitude,"[General Aptitude Item #244] Two wizards mix 4 elements (water, air, fire, earth) in all possible orders independently. How many total attempts before concluding failure? (Variant B8)",Understand,0.5,2,N/A,Medium,27
BANK_1145,Q245,General Aptitude,[General Aptitude Item #245] Complete the word intensity analogy: [walk -> jog -> sprint] is analogous to [bothered -> ________ -> daunted]. (Variant B8),Understand,0.5,2,N/A,Medium,24
BANK_1146,Q246,General Aptitude,[General Aptitude Item #246] A rectangular paper 20cm x 8cm is folded 3 times along lines of symmetry. Find the perimeter of the final folded sheet. (Variant B8),Understand,0.5,2,N/A,Medium,28
BANK_1147,Q247,General Aptitude,[General Aptitude Item #247] A rectangular sheet 54cm x 4cm forms a cylindrical tube. Find the ratio of cylinder volume to cube volume of equal surface area. (Variant B8),Understand,0.5,2,N/A,Medium,29
BANK_1148,Q248,General Aptitude,"[General Aptitude Item #248] The number of Rs. 1, Rs. 5, and Rs. 10 coins are in ratio 5:3:13. Find percentage of money in Rs. 5 coins. (Variant B8)",Understand,0.5,2,N/A,Medium,29
BANK_1149,Q249,General Aptitude,[General Aptitude Item #249] Complete the analogy: [dry -> arid -> parched] is to [diet -> fast -> _______]. (Variant B8),Understand,0.5,2,N/A,Medium,21
BANK_1150,Q250,General Aptitude,[General Aptitude Item #250] A plot of land must be divided among four families into similar shaped plots. Find min number of additional straight lines required. (Variant B8),Understand,0.5,2,N/A,Medium,28
BANK_1151,Q251,General Aptitude,"[General Aptitude Item #251] A box contains 3 green and 2 orange balls. If orange is drawn, it is replaced. Find probability of drawing orange on 2nd draw. (Variant B8)",Understand,0.5,2,N/A,Medium,30
BANK_1152,Q252,General Aptitude,[General Aptitude Item #252] Complete the sentence: The _____ is too high for it to be considered ______. (Variant B8),Understand,0.5,2,N/A,Medium,20
BANK_1153,Q253,General Aptitude,[General Aptitude Item #253] The ratio of boys to girls in a class is 7:3. Which of the following is an acceptable total number of students? (Variant B8),Understand,0.5,2,N/A,Medium,28
BANK_1154,Q254,General Aptitude,[General Aptitude Item #254] Complete the analogy: Pen : Write :: Knife : _______. (Variant B8),Understand,0.5,2,N/A,Easy,16
BANK_1155,Q255,General Aptitude,"[General Aptitude Item #255] If (x - 21/2)^2 - (x - 23/2)^2 = x + 2, find the value of x. (Variant B8)",Understand,0.5,2,N/A,Medium,23
BANK_1156,Q256,General Aptitude,"[General Aptitude Item #256] Ten friends planned to share equally the cost of a gift. If 2 drop out, others pay Rs 150 more. Find total gift cost. (Variant B8)",Understand,0.5,2,N/A,Medium,30
BANK_1157,Q257,General Aptitude,[General Aptitude Item #257] Two cars start simultaneously in same direction at 50 km/h and 60 km/h. How long until distance between them is 20 km? (Variant B8),Understand,0.5,2,N/A,Medium,28
BANK_1158,Q258,General Aptitude,"[General Aptitude Item #258] What is the smallest natural number which when divided by 20, 42, or 76 leaves a remainder of 7? (Variant B8)",Remember,0.98,1,what is,Medium,25
BANK_1159,Q259,General Aptitude,[General Aptitude Item #259] The area of a square is d. Find the area of the circle having the square's diagonal as diameter. (Variant B8),Understand,0.5,2,N/A,Medium,25
BANK_1160,Q260,General Aptitude,"[General Aptitude Item #260] Among 150 faculty members, 55 use Facebook, 85 use WhatsApp, and 30 use neither. How many use only Facebook? (Variant B8)",Apply,0.98,3,use,Medium,25
BANK_1161,Q261,General Aptitude,[General Aptitude Item #261] A cube is built using 64 unit blocks. One block is removed from each corner. Find the resulting surface area. (Variant B8),Understand,0.5,2,N/A,Medium,26
BANK_1162,Q262,General Aptitude,"[General Aptitude Item #262] If 'relftaga' means carefree, 'otaga' means careful, which word means 'aftercare'? (Variant B8)",Understand,0.5,2,N/A,Easy,17
BANK_1163,Q263,General Aptitude,"[General Aptitude Item #263] Find the missing term in the sequence: AD, CG, FK, JP, _____. (Variant B8)",Understand,0.5,2,N/A,Easy,18
BANK_1164,Q264,General Aptitude,[General Aptitude Item #264] A political arch follows y = 2x - 0.1x^2. Find the maximum height of the arch. (Variant B8),Understand,0.5,2,N/A,Medium,22
BANK_1165,Q265,General Aptitude,[General Aptitude Item #265] How much spirit remains in a 10L container after replacing 1L with water 3 successive times? (Variant B8),Understand,0.5,2,N/A,Medium,22
BANK_1166,Q266,General Aptitude,[General Aptitude Item #266] Find the median salary of 100 employees given their salary distributions. (Variant B8),Understand,0.5,2,N/A,Easy,17
BANK_1167,Q267,General Aptitude,"[General Aptitude Item #267] If (9 inches)^(1/2) = (0.25 yards)^(1/2), which statement is true? (Variant B8)",Remember,0.98,1,state,Easy,16
BANK_1168,Q268,General Aptitude,"[General Aptitude Item #268] A window consists of a square base and equilateral triangle top. If perimeter is 6m, find total window area. (Variant B8)",Understand,0.5,2,N/A,Medium,25
BANK_1169,Q269,General Aptitude,[General Aptitude Item #269] P can complete a project in 25 days working 12 hours/day. Find ratio of work done by P and Q after 7 days. (Variant B8),Understand,0.5,2,N/A,Medium,29
BANK_1170,Q270,General Aptitude,"[General Aptitude Item #270] In a pile of 5.69 million fruits, 15% are unripe and 45% of unripe are apples. Calculate total apples. (Variant B8)",Apply,0.98,3,calculate,Medium,25
BANK_1171,Q271,General Aptitude,[General Aptitude Item #271] A person sold two different items at the same price. He made 10% profit on one and 10% loss on the other. Find net profit/loss percentage. (Variant B9),Understand,0.5,2,N/A,Medium,32
BANK_1172,Q272,General Aptitude,"[General Aptitude Item #272] In the sequence 6, 9, 14, x, 30, 41, find the value of x. (Variant B9)",Understand,0.5,2,N/A,Medium,20
BANK_1173,Q273,General Aptitude,"[General Aptitude Item #273] In an engineering college of 10,000 students, 1,500 like neither core nor other branches. Calculate students liking core branches. (Variant B9)",Apply,0.98,3,calculate,Medium,25
BANK_1174,Q274,General Aptitude,"[General Aptitude Item #274] Two wizards mix 4 elements (water, air, fire, earth) in all possible orders independently. How many total attempts before concluding failure? (Variant B9)",Understand,0.5,2,N/A,Medium,27
BANK_1175,Q275,General Aptitude,[General Aptitude Item #275] Complete the word intensity analogy: [walk -> jog -> sprint] is analogous to [bothered -> ________ -> daunted]. (Variant B9),Understand,0.5,2,N/A,Medium,24
BANK_1176,Q276,General Aptitude,[General Aptitude Item #276] A rectangular paper 20cm x 8cm is folded 3 times along lines of symmetry. Find the perimeter of the final folded sheet. (Variant B9),Understand,0.5,2,N/A,Medium,28
BANK_1177,Q277,General Aptitude,[General Aptitude Item #277] A rectangular sheet 54cm x 4cm forms a cylindrical tube. Find the ratio of cylinder volume to cube volume of equal surface area. (Variant B9),Understand,0.5,2,N/A,Medium,29
BANK_1178,Q278,General Aptitude,"[General Aptitude Item #278] The number of Rs. 1, Rs. 5, and Rs. 10 coins are in ratio 5:3:13. Find percentage of money in Rs. 5 coins. (Variant B9)",Understand,0.5,2,N/A,Medium,29
BANK_1179,Q279,General Aptitude,[General Aptitude Item #279] Complete the analogy: [dry -> arid -> parched] is to [diet -> fast -> _______]. (Variant B9),Understand,0.5,2,N/A,Medium,21
BANK_1180,Q280,General Aptitude,[General Aptitude Item #280] A plot of land must be divided among four families into similar shaped plots. Find min number of additional straight lines required. (Variant B9),Understand,0.5,2,N/A,Medium,28
BANK_1181,Q281,General Aptitude,"[General Aptitude Item #281] A box contains 3 green and 2 orange balls. If orange is drawn, it is replaced. Find probability of drawing orange on 2nd draw. (Variant B9)",Understand,0.5,2,N/A,Medium,30
BANK_1182,Q282,General Aptitude,[General Aptitude Item #282] Complete the sentence: The _____ is too high for it to be considered ______. (Variant B9),Understand,0.5,2,N/A,Medium,20
BANK_1183,Q283,General Aptitude,[General Aptitude Item #283] The ratio of boys to girls in a class is 7:3. Which of the following is an acceptable total number of students? (Variant B9),Understand,0.5,2,N/A,Medium,28
BANK_1184,Q284,General Aptitude,[General Aptitude Item #284] Complete the analogy: Pen : Write :: Knife : _______. (Variant B9),Understand,0.5,2,N/A,Easy,16
BANK_1185,Q285,General Aptitude,"[General Aptitude Item #285] If (x - 21/2)^2 - (x - 23/2)^2 = x + 2, find the value of x. (Variant B9)",Understand,0.5,2,N/A,Medium,23
BANK_1186,Q286,General Aptitude,"[General Aptitude Item #286] Ten friends planned to share equally the cost of a gift. If 2 drop out, others pay Rs 150 more. Find total gift cost. (Variant B9)",Understand,0.5,2,N/A,Medium,30
BANK_1187,Q287,General Aptitude,[General Aptitude Item #287] Two cars start simultaneously in same direction at 50 km/h and 60 km/h. How long until distance between them is 20 km? (Variant B9),Understand,0.5,2,N/A,Medium,28
BANK_1188,Q288,General Aptitude,"[General Aptitude Item #288] What is the smallest natural number which when divided by 20, 42, or 76 leaves a remainder of 7? (Variant B9)",Remember,0.98,1,what is,Medium,25
BANK_1189,Q289,General Aptitude,[General Aptitude Item #289] The area of a square is d. Find the area of the circle having the square's diagonal as diameter. (Variant B9),Understand,0.5,2,N/A,Medium,25
BANK_1190,Q290,General Aptitude,"[General Aptitude Item #290] Among 150 faculty members, 55 use Facebook, 85 use WhatsApp, and 30 use neither. How many use only Facebook? (Variant B9)",Apply,0.98,3,use,Medium,25
BANK_1191,Q291,General Aptitude,[General Aptitude Item #291] A cube is built using 64 unit blocks. One block is removed from each corner. Find the resulting surface area. (Variant B9),Understand,0.5,2,N/A,Medium,26
BANK_1192,Q292,General Aptitude,"[General Aptitude Item #292] If 'relftaga' means carefree, 'otaga' means careful, which word means 'aftercare'? (Variant B9)",Understand,0.5,2,N/A,Easy,17
BANK_1193,Q293,General Aptitude,"[General Aptitude Item #293] Find the missing term in the sequence: AD, CG, FK, JP, _____. (Variant B9)",Understand,0.5,2,N/A,Easy,18
BANK_1194,Q294,General Aptitude,[General Aptitude Item #294] A political arch follows y = 2x - 0.1x^2. Find the maximum height of the arch. (Variant B9),Understand,0.5,2,N/A,Medium,22
BANK_1195,Q295,General Aptitude,[General Aptitude Item #295] How much spirit remains in a 10L container after replacing 1L with water 3 successive times? (Variant B9),Understand,0.5,2,N/A,Medium,22
BANK_1196,Q296,General Aptitude,[General Aptitude Item #296] Find the median salary of 100 employees given their salary distributions. (Variant B9),Understand,0.5,2,N/A,Easy,17
BANK_1197,Q297,General Aptitude,"[General Aptitude Item #297] If (9 inches)^(1/2) = (0.25 yards)^(1/2), which statement is true? (Variant B9)",Remember,0.98,1,state,Easy,16
BANK_1198,Q298,General Aptitude,"[General Aptitude Item #298] A window consists of a square base and equilateral triangle top. If perimeter is 6m, find total window area. (Variant B9)",Understand,0.5,2,N/A,Medium,25
BANK_1199,Q299,General Aptitude,[General Aptitude Item #299] P can complete a project in 25 days working 12 hours/day. Find ratio of work done by P and Q after 7 days. (Variant B9),Understand,0.5,2,N/A,Medium,29
BANK_1200,Q300,General Aptitude,"[General Aptitude Item #300] In a pile of 5.69 million fruits, 15% are unripe and 45% of unripe are apples. Calculate total apples. (Variant B9)",Apply,0.98,3,calculate,Medium,25
BANK_1201,Q1,Programming and Data Structure,Consider the string abbccddeee. Assign prefix-free binary codes to minimize total encoded length. Find min encoded length.,Understand,0.5,2,N/A,Easy,17
BANK_1202,Q2,Programming and Data Structure,Define R_n to be max profit from cutting a rod of length n meters. Calculate R_7 given price array p[1..7].,Apply,0.6,3,calculate,Medium,20
BANK_1203,Q3,Programming and Data Structure,"Construct a Huffman tree for symbols {A,B,C,D,E} with frequencies {0.17, 0.11, 0.24, 0.33, 0.15}. Decode bitstring 1000001101.",Apply,0.98,3,construct,Medium,17
BANK_1204,Q4,Programming and Data Structure,0/1 Knapsack Problem: Select items with total weight <= 11 kg to maximize total value V_opt. Compare with V_greedy.,Analyze,0.98,4,compare,Medium,19
BANK_1205,Q5,Programming and Data Structure,"Merge 5 sorted sequences of lengths 20, 24, 30, 35, 50. Calculate minimum number of comparisons needed in worst case.",Apply,0.98,3,calculate,Medium,20
BANK_1206,Q6,Programming and Data Structure,"Consider job scheduling with 4 jobs J1..J4 with deadlines (4,2,4,2). Identify non-feasible schedule.",Remember,0.98,1,identify,Easy,13
BANK_1207,Q7,Programming and Data Structure,"Given n jobs with execution times t_i and weights w_i on single processor, order jobs to minimize weighted mean completion time.",Understand,0.5,2,N/A,Medium,21
BANK_1208,Q8,Programming and Data Structure,"Calculate average length of Huffman code for 6 letters with probabilities 1/2, 1/4, 1/8, 1/16, 1/32, 1/32.",Apply,0.98,3,calculate,Medium,17
BANK_1209,Q9,Programming and Data Structure,Find the number of distinct minimum-weight spanning trees in a given weighted graph.,Understand,0.5,2,N/A,Easy,13
BANK_1210,Q10,Programming and Data Structure,"Find the number of spanning trees in a complete graph K_4 with labeled vertices A, B, C, D.",Understand,0.5,2,N/A,Easy,18
BANK_1211,Q11,Programming and Data Structure,Let G be a connected undirected graph with distinct edge weights. Is the Minimum Spanning Tree (MST) unique?,Understand,0.5,2,N/A,Easy,18
BANK_1212,Q12,Programming and Data Structure,"Given a graph G with 100 vertices, calculate weight of MST when edge weights w(vi,vj) = |i-j|.",Apply,0.6,3,calculate,Medium,17
BANK_1213,Q13,Programming and Data Structure,Calculate worst case time complexity of updating MST when a new weighted edge is added.,Apply,0.6,3,calculate,Medium,15
BANK_1214,Q14,Programming and Data Structure,"In Kruskal's algorithm, what is the order of edges added to form the minimum spanning tree?",Remember,0.98,1,what is,Easy,16
BANK_1215,Q15,Programming and Data Structure,What is the time complexity of Bellman-Ford single-source shortest path algorithm on a complete graph of n vertices?,Remember,0.98,1,what is,Easy,18
BANK_1216,Q16,Programming and Data Structure,Dijkstra's shortest path algorithm: In what order are vertices finalized when starting from source vertex S?,Remember,0.98,1,when,Easy,16
BANK_1217,Q17,Programming and Data Structure,Compute time complexity of Depth First Search (DFS) on a graph represented using an adjacency matrix.,Apply,0.98,3,compute,Medium,16
BANK_1218,Q18,Programming and Data Structure,What is the minimum number of keys in any non-root node of a B+ tree of order 5?,Remember,0.98,1,what is,Easy,18
BANK_1219,Q19,Programming and Data Structure,Find the index of the maximum element in a binary min-heap containing 1023 distinct elements.,Understand,0.5,2,N/A,Easy,15
BANK_1220,Q20,Programming and Data Structure,"Convert an array [82,101,90,11,111,75,33,131,44,93] into a binary max-heap using heapify algorithm.",Understand,0.5,2,N/A,Easy,11
BANK_1221,Q21,Programming and Data Structure,What is the worst-case time complexity of finding the maximum element in a binary min-heap?,Remember,0.98,1,what is,Easy,15
BANK_1222,Q22,Programming and Data Structure,What is the index of key 103 when inserted into a 13-slot hash table with linear probing and h(k) = k mod 13?,Remember,0.98,1,what is,Medium,23
BANK_1223,Q23,Programming and Data Structure,Calculate load factor alpha for a hash table T with 25 slots storing 2000 elements.,Apply,0.98,3,calculate,Medium,15
BANK_1224,Q24,Programming and Data Structure,What is the worst-case time complexity of searching an element in an unsorted singly linked list of length n?,Remember,0.98,1,list,Easy,19
BANK_1225,Q25,Programming and Data Structure,How can a queue be implemented using two stacks such that ENQUEUE is O(1) time?,Apply,0.98,3,implement,Medium,15
BANK_1226,Q26,Programming and Data Structure,Convert infix expression a + b * c - d ^ e ^ f to postfix notation.,Understand,0.5,2,N/A,Easy,17
BANK_1227,Q27,Programming and Data Structure,Evaluate postfix expression 8 2 3 ^ / 2 3 * + 5 1 * - using a stack.,Evaluate,0.98,5,evaluate,Hard,19
BANK_1228,Q28,Programming and Data Structure,"What is the height of a binary search tree formed by inserting keys 10, 1, 3, 5, 15, 12, 16 in order?",Remember,0.98,1,what is,Medium,22
BANK_1229,Q29,Programming and Data Structure,What is the minimum height of an AVL tree containing n nodes?,Remember,0.98,1,what is,Easy,12
BANK_1230,Q30,Programming and Data Structure,What is the worst-case time complexity of Quicksort when the pivot is chosen as the median of 3 elements?,Remember,0.98,1,what is,Easy,19
BANK_1231,Q31,Programming and Data Structure,[Programming and Data Structure Item #31] Consider the string abbccddeee. Assign prefix-free binary codes to minimize total encoded length. Find min encoded length. (Variant B1),Understand,0.5,2,N/A,Medium,25
BANK_1232,Q32,Programming and Data Structure,[Programming and Data Structure Item #32] Define R_n to be max profit from cutting a rod of length n meters. Calculate R_7 given price array p[1..7]. (Variant B1),Apply,0.6,3,calculate,Medium,28
BANK_1233,Q33,Programming and Data Structure,"[Programming and Data Structure Item #33] Construct a Huffman tree for symbols {A,B,C,D,E} with frequencies {0.17, 0.11, 0.24, 0.33, 0.15}. Decode bitstring 1000001101. (Variant B1)",Apply,0.98,3,construct,Medium,25
BANK_1234,Q34,Programming and Data Structure,[Programming and Data Structure Item #34] 0/1 Knapsack Problem: Select items with total weight <= 11 kg to maximize total value V_opt. Compare with V_greedy. (Variant B1),Analyze,0.98,4,compare,Medium,27
BANK_1235,Q35,Programming and Data Structure,"[Programming and Data Structure Item #35] Merge 5 sorted sequences of lengths 20, 24, 30, 35, 50. Calculate minimum number of comparisons needed in worst case. (Variant B1)",Apply,0.98,3,calculate,Medium,28
BANK_1236,Q36,Programming and Data Structure,"[Programming and Data Structure Item #36] Consider job scheduling with 4 jobs J1..J4 with deadlines (4,2,4,2). Identify non-feasible schedule. (Variant B1)",Remember,0.98,1,identify,Medium,21
BANK_1237,Q37,Programming and Data Structure,"[Programming and Data Structure Item #37] Given n jobs with execution times t_i and weights w_i on single processor, order jobs to minimize weighted mean completion time. (Variant B1)",Understand,0.5,2,N/A,Medium,29
BANK_1238,Q38,Programming and Data Structure,"[Programming and Data Structure Item #38] Calculate average length of Huffman code for 6 letters with probabilities 1/2, 1/4, 1/8, 1/16, 1/32, 1/32. (Variant B1)",Apply,0.98,3,calculate,Medium,25
BANK_1239,Q39,Programming and Data Structure,[Programming and Data Structure Item #39] Find the number of distinct minimum-weight spanning trees in a given weighted graph. (Variant B1),Understand,0.5,2,N/A,Medium,21
BANK_1240,Q40,Programming and Data Structure,"[Programming and Data Structure Item #40] Find the number of spanning trees in a complete graph K_4 with labeled vertices A, B, C, D. (Variant B1)",Understand,0.5,2,N/A,Medium,26
BANK_1241,Q41,Programming and Data Structure,[Programming and Data Structure Item #41] Let G be a connected undirected graph with distinct edge weights. Is the Minimum Spanning Tree (MST) unique? (Variant B1),Understand,0.5,2,N/A,Medium,26
BANK_1242,Q42,Programming and Data Structure,"[Programming and Data Structure Item #42] Given a graph G with 100 vertices, calculate weight of MST when edge weights w(vi,vj) = |i-j|. (Variant B1)",Apply,0.6,3,calculate,Medium,25
BANK_1243,Q43,Programming and Data Structure,[Programming and Data Structure Item #43] Calculate worst case time complexity of updating MST when a new weighted edge is added. (Variant B1),Apply,0.6,3,calculate,Medium,23
BANK_1244,Q44,Programming and Data Structure,"[Programming and Data Structure Item #44] In Kruskal's algorithm, what is the order of edges added to form the minimum spanning tree? (Variant B1)",Remember,0.98,1,what is,Medium,24
BANK_1245,Q45,Programming and Data Structure,[Programming and Data Structure Item #45] What is the time complexity of Bellman-Ford single-source shortest path algorithm on a complete graph of n vertices? (Variant B1),Remember,0.98,1,what is,Medium,26
BANK_1246,Q46,Programming and Data Structure,[Programming and Data Structure Item #46] Dijkstra's shortest path algorithm: In what order are vertices finalized when starting from source vertex S? (Variant B1),Remember,0.98,1,when,Medium,24
BANK_1247,Q47,Programming and Data Structure,[Programming and Data Structure Item #47] Compute time complexity of Depth First Search (DFS) on a graph represented using an adjacency matrix. (Variant B1),Apply,0.98,3,compute,Medium,24
BANK_1248,Q48,Programming and Data Structure,[Programming and Data Structure Item #48] What is the minimum number of keys in any non-root node of a B+ tree of order 5? (Variant B1),Remember,0.98,1,what is,Medium,26
BANK_1249,Q49,Programming and Data Structure,[Programming and Data Structure Item #49] Find the index of the maximum element in a binary min-heap containing 1023 distinct elements. (Variant B1),Understand,0.5,2,N/A,Medium,23
BANK_1250,Q50,Programming and Data Structure,"[Programming and Data Structure Item #50] Convert an array [82,101,90,11,111,75,33,131,44,93] into a binary max-heap using heapify algorithm. (Variant B1)",Understand,0.5,2,N/A,Easy,19
BANK_1251,Q51,Programming and Data Structure,[Programming and Data Structure Item #51] What is the worst-case time complexity of finding the maximum element in a binary min-heap? (Variant B1),Remember,0.98,1,what is,Medium,23
BANK_1252,Q52,Programming and Data Structure,[Programming and Data Structure Item #52] What is the index of key 103 when inserted into a 13-slot hash table with linear probing and h(k) = k mod 13? (Variant B1),Remember,0.98,1,what is,Medium,31
BANK_1253,Q53,Programming and Data Structure,[Programming and Data Structure Item #53] Calculate load factor alpha for a hash table T with 25 slots storing 2000 elements. (Variant B1),Apply,0.98,3,calculate,Medium,23
BANK_1254,Q54,Programming and Data Structure,[Programming and Data Structure Item #54] What is the worst-case time complexity of searching an element in an unsorted singly linked list of length n? (Variant B1),Remember,0.98,1,list,Medium,27
BANK_1255,Q55,Programming and Data Structure,[Programming and Data Structure Item #55] How can a queue be implemented using two stacks such that ENQUEUE is O(1) time? (Variant B1),Apply,0.98,3,implement,Medium,23
BANK_1256,Q56,Programming and Data Structure,[Programming and Data Structure Item #56] Convert infix expression a + b * c - d ^ e ^ f to postfix notation. (Variant B1),Understand,0.5,2,N/A,Medium,25
BANK_1257,Q57,Programming and Data Structure,[Programming and Data Structure Item #57] Evaluate postfix expression 8 2 3 ^ / 2 3 * + 5 1 * - using a stack. (Variant B1),Evaluate,0.98,5,evaluate,Medium,27
BANK_1258,Q58,Programming and Data Structure,"[Programming and Data Structure Item #58] What is the height of a binary search tree formed by inserting keys 10, 1, 3, 5, 15, 12, 16 in order? (Variant B1)",Remember,0.98,1,what is,Medium,30
BANK_1259,Q59,Programming and Data Structure,[Programming and Data Structure Item #59] What is the minimum height of an AVL tree containing n nodes? (Variant B1),Remember,0.98,1,what is,Medium,20
BANK_1260,Q60,Programming and Data Structure,[Programming and Data Structure Item #60] What is the worst-case time complexity of Quicksort when the pivot is chosen as the median of 3 elements? (Variant B1),Remember,0.98,1,what is,Medium,27
BANK_1261,Q61,Programming and Data Structure,[Programming and Data Structure Item #61] Consider the string abbccddeee. Assign prefix-free binary codes to minimize total encoded length. Find min encoded length. (Variant B2),Understand,0.5,2,N/A,Medium,25
BANK_1262,Q62,Programming and Data Structure,[Programming and Data Structure Item #62] Define R_n to be max profit from cutting a rod of length n meters. Calculate R_7 given price array p[1..7]. (Variant B2),Apply,0.6,3,calculate,Medium,28
BANK_1263,Q63,Programming and Data Structure,"[Programming and Data Structure Item #63] Construct a Huffman tree for symbols {A,B,C,D,E} with frequencies {0.17, 0.11, 0.24, 0.33, 0.15}. Decode bitstring 1000001101. (Variant B2)",Apply,0.98,3,construct,Medium,25
BANK_1264,Q64,Programming and Data Structure,[Programming and Data Structure Item #64] 0/1 Knapsack Problem: Select items with total weight <= 11 kg to maximize total value V_opt. Compare with V_greedy. (Variant B2),Analyze,0.98,4,compare,Medium,27
BANK_1265,Q65,Programming and Data Structure,"[Programming and Data Structure Item #65] Merge 5 sorted sequences of lengths 20, 24, 30, 35, 50. Calculate minimum number of comparisons needed in worst case. (Variant B2)",Apply,0.98,3,calculate,Medium,28
BANK_1266,Q66,Programming and Data Structure,"[Programming and Data Structure Item #66] Consider job scheduling with 4 jobs J1..J4 with deadlines (4,2,4,2). Identify non-feasible schedule. (Variant B2)",Remember,0.98,1,identify,Medium,21
BANK_1267,Q67,Programming and Data Structure,"[Programming and Data Structure Item #67] Given n jobs with execution times t_i and weights w_i on single processor, order jobs to minimize weighted mean completion time. (Variant B2)",Understand,0.5,2,N/A,Medium,29
BANK_1268,Q68,Programming and Data Structure,"[Programming and Data Structure Item #68] Calculate average length of Huffman code for 6 letters with probabilities 1/2, 1/4, 1/8, 1/16, 1/32, 1/32. (Variant B2)",Apply,0.98,3,calculate,Medium,25
BANK_1269,Q69,Programming and Data Structure,[Programming and Data Structure Item #69] Find the number of distinct minimum-weight spanning trees in a given weighted graph. (Variant B2),Understand,0.5,2,N/A,Medium,21
BANK_1270,Q70,Programming and Data Structure,"[Programming and Data Structure Item #70] Find the number of spanning trees in a complete graph K_4 with labeled vertices A, B, C, D. (Variant B2)",Understand,0.5,2,N/A,Medium,26
BANK_1271,Q71,Programming and Data Structure,[Programming and Data Structure Item #71] Let G be a connected undirected graph with distinct edge weights. Is the Minimum Spanning Tree (MST) unique? (Variant B2),Understand,0.5,2,N/A,Medium,26
BANK_1272,Q72,Programming and Data Structure,"[Programming and Data Structure Item #72] Given a graph G with 100 vertices, calculate weight of MST when edge weights w(vi,vj) = |i-j|. (Variant B2)",Apply,0.6,3,calculate,Medium,25
BANK_1273,Q73,Programming and Data Structure,[Programming and Data Structure Item #73] Calculate worst case time complexity of updating MST when a new weighted edge is added. (Variant B2),Apply,0.6,3,calculate,Medium,23
BANK_1274,Q74,Programming and Data Structure,"[Programming and Data Structure Item #74] In Kruskal's algorithm, what is the order of edges added to form the minimum spanning tree? (Variant B2)",Remember,0.98,1,what is,Medium,24
BANK_1275,Q75,Programming and Data Structure,[Programming and Data Structure Item #75] What is the time complexity of Bellman-Ford single-source shortest path algorithm on a complete graph of n vertices? (Variant B2),Remember,0.98,1,what is,Medium,26
BANK_1276,Q76,Programming and Data Structure,[Programming and Data Structure Item #76] Dijkstra's shortest path algorithm: In what order are vertices finalized when starting from source vertex S? (Variant B2),Remember,0.98,1,when,Medium,24
BANK_1277,Q77,Programming and Data Structure,[Programming and Data Structure Item #77] Compute time complexity of Depth First Search (DFS) on a graph represented using an adjacency matrix. (Variant B2),Apply,0.98,3,compute,Medium,24
BANK_1278,Q78,Programming and Data Structure,[Programming and Data Structure Item #78] What is the minimum number of keys in any non-root node of a B+ tree of order 5? (Variant B2),Remember,0.98,1,what is,Medium,26
BANK_1279,Q79,Programming and Data Structure,[Programming and Data Structure Item #79] Find the index of the maximum element in a binary min-heap containing 1023 distinct elements. (Variant B2),Understand,0.5,2,N/A,Medium,23
BANK_1280,Q80,Programming and Data Structure,"[Programming and Data Structure Item #80] Convert an array [82,101,90,11,111,75,33,131,44,93] into a binary max-heap using heapify algorithm. (Variant B2)",Understand,0.5,2,N/A,Easy,19
BANK_1281,Q81,Programming and Data Structure,[Programming and Data Structure Item #81] What is the worst-case time complexity of finding the maximum element in a binary min-heap? (Variant B2),Remember,0.98,1,what is,Medium,23
BANK_1282,Q82,Programming and Data Structure,[Programming and Data Structure Item #82] What is the index of key 103 when inserted into a 13-slot hash table with linear probing and h(k) = k mod 13? (Variant B2),Remember,0.98,1,what is,Medium,31
BANK_1283,Q83,Programming and Data Structure,[Programming and Data Structure Item #83] Calculate load factor alpha for a hash table T with 25 slots storing 2000 elements. (Variant B2),Apply,0.98,3,calculate,Medium,23
BANK_1284,Q84,Programming and Data Structure,[Programming and Data Structure Item #84] What is the worst-case time complexity of searching an element in an unsorted singly linked list of length n? (Variant B2),Remember,0.98,1,list,Medium,27
BANK_1285,Q85,Programming and Data Structure,[Programming and Data Structure Item #85] How can a queue be implemented using two stacks such that ENQUEUE is O(1) time? (Variant B2),Apply,0.98,3,implement,Medium,23
BANK_1286,Q86,Programming and Data Structure,[Programming and Data Structure Item #86] Convert infix expression a + b * c - d ^ e ^ f to postfix notation. (Variant B2),Understand,0.5,2,N/A,Medium,25
BANK_1287,Q87,Programming and Data Structure,[Programming and Data Structure Item #87] Evaluate postfix expression 8 2 3 ^ / 2 3 * + 5 1 * - using a stack. (Variant B2),Evaluate,0.98,5,evaluate,Medium,27
BANK_1288,Q88,Programming and Data Structure,"[Programming and Data Structure Item #88] What is the height of a binary search tree formed by inserting keys 10, 1, 3, 5, 15, 12, 16 in order? (Variant B2)",Remember,0.98,1,what is,Medium,30
BANK_1289,Q89,Programming and Data Structure,[Programming and Data Structure Item #89] What is the minimum height of an AVL tree containing n nodes? (Variant B2),Remember,0.98,1,what is,Medium,20
BANK_1290,Q90,Programming and Data Structure,[Programming and Data Structure Item #90] What is the worst-case time complexity of Quicksort when the pivot is chosen as the median of 3 elements? (Variant B2),Remember,0.98,1,what is,Medium,27
BANK_1291,Q91,Programming and Data Structure,[Programming and Data Structure Item #91] Consider the string abbccddeee. Assign prefix-free binary codes to minimize total encoded length. Find min encoded length. (Variant B3),Understand,0.5,2,N/A,Medium,25
BANK_1292,Q92,Programming and Data Structure,[Programming and Data Structure Item #92] Define R_n to be max profit from cutting a rod of length n meters. Calculate R_7 given price array p[1..7]. (Variant B3),Apply,0.6,3,calculate,Medium,28
BANK_1293,Q93,Programming and Data Structure,"[Programming and Data Structure Item #93] Construct a Huffman tree for symbols {A,B,C,D,E} with frequencies {0.17, 0.11, 0.24, 0.33, 0.15}. Decode bitstring 1000001101. (Variant B3)",Apply,0.98,3,construct,Medium,25
BANK_1294,Q94,Programming and Data Structure,[Programming and Data Structure Item #94] 0/1 Knapsack Problem: Select items with total weight <= 11 kg to maximize total value V_opt. Compare with V_greedy. (Variant B3),Analyze,0.98,4,compare,Medium,27
BANK_1295,Q95,Programming and Data Structure,"[Programming and Data Structure Item #95] Merge 5 sorted sequences of lengths 20, 24, 30, 35, 50. Calculate minimum number of comparisons needed in worst case. (Variant B3)",Apply,0.98,3,calculate,Medium,28
BANK_1296,Q96,Programming and Data Structure,"[Programming and Data Structure Item #96] Consider job scheduling with 4 jobs J1..J4 with deadlines (4,2,4,2). Identify non-feasible schedule. (Variant B3)",Remember,0.98,1,identify,Medium,21
BANK_1297,Q97,Programming and Data Structure,"[Programming and Data Structure Item #97] Given n jobs with execution times t_i and weights w_i on single processor, order jobs to minimize weighted mean completion time. (Variant B3)",Understand,0.5,2,N/A,Medium,29
BANK_1298,Q98,Programming and Data Structure,"[Programming and Data Structure Item #98] Calculate average length of Huffman code for 6 letters with probabilities 1/2, 1/4, 1/8, 1/16, 1/32, 1/32. (Variant B3)",Apply,0.98,3,calculate,Medium,25
BANK_1299,Q99,Programming and Data Structure,[Programming and Data Structure Item #99] Find the number of distinct minimum-weight spanning trees in a given weighted graph. (Variant B3),Understand,0.5,2,N/A,Medium,21
BANK_1300,Q100,Programming and Data Structure,"[Programming and Data Structure Item #100] Find the number of spanning trees in a complete graph K_4 with labeled vertices A, B, C, D. (Variant B3)",Understand,0.5,2,N/A,Medium,26
BANK_1301,Q101,Programming and Data Structure,[Programming and Data Structure Item #101] Let G be a connected undirected graph with distinct edge weights. Is the Minimum Spanning Tree (MST) unique? (Variant B3),Understand,0.5,2,N/A,Medium,26
BANK_1302,Q102,Programming and Data Structure,"[Programming and Data Structure Item #102] Given a graph G with 100 vertices, calculate weight of MST when edge weights w(vi,vj) = |i-j|. (Variant B3)",Apply,0.6,3,calculate,Medium,25
BANK_1303,Q103,Programming and Data Structure,[Programming and Data Structure Item #103] Calculate worst case time complexity of updating MST when a new weighted edge is added. (Variant B3),Apply,0.6,3,calculate,Medium,23
BANK_1304,Q104,Programming and Data Structure,"[Programming and Data Structure Item #104] In Kruskal's algorithm, what is the order of edges added to form the minimum spanning tree? (Variant B3)",Remember,0.98,1,what is,Medium,24
BANK_1305,Q105,Programming and Data Structure,[Programming and Data Structure Item #105] What is the time complexity of Bellman-Ford single-source shortest path algorithm on a complete graph of n vertices? (Variant B3),Remember,0.98,1,what is,Medium,26
BANK_1306,Q106,Programming and Data Structure,[Programming and Data Structure Item #106] Dijkstra's shortest path algorithm: In what order are vertices finalized when starting from source vertex S? (Variant B3),Remember,0.98,1,when,Medium,24
BANK_1307,Q107,Programming and Data Structure,[Programming and Data Structure Item #107] Compute time complexity of Depth First Search (DFS) on a graph represented using an adjacency matrix. (Variant B3),Apply,0.98,3,compute,Medium,24
BANK_1308,Q108,Programming and Data Structure,[Programming and Data Structure Item #108] What is the minimum number of keys in any non-root node of a B+ tree of order 5? (Variant B3),Remember,0.98,1,what is,Medium,26
BANK_1309,Q109,Programming and Data Structure,[Programming and Data Structure Item #109] Find the index of the maximum element in a binary min-heap containing 1023 distinct elements. (Variant B3),Understand,0.5,2,N/A,Medium,23
BANK_1310,Q110,Programming and Data Structure,"[Programming and Data Structure Item #110] Convert an array [82,101,90,11,111,75,33,131,44,93] into a binary max-heap using heapify algorithm. (Variant B3)",Understand,0.5,2,N/A,Easy,19
BANK_1311,Q111,Programming and Data Structure,[Programming and Data Structure Item #111] What is the worst-case time complexity of finding the maximum element in a binary min-heap? (Variant B3),Remember,0.98,1,what is,Medium,23
BANK_1312,Q112,Programming and Data Structure,[Programming and Data Structure Item #112] What is the index of key 103 when inserted into a 13-slot hash table with linear probing and h(k) = k mod 13? (Variant B3),Remember,0.98,1,what is,Medium,31
BANK_1313,Q113,Programming and Data Structure,[Programming and Data Structure Item #113] Calculate load factor alpha for a hash table T with 25 slots storing 2000 elements. (Variant B3),Apply,0.98,3,calculate,Medium,23
BANK_1314,Q114,Programming and Data Structure,[Programming and Data Structure Item #114] What is the worst-case time complexity of searching an element in an unsorted singly linked list of length n? (Variant B3),Remember,0.98,1,list,Medium,27
BANK_1315,Q115,Programming and Data Structure,[Programming and Data Structure Item #115] How can a queue be implemented using two stacks such that ENQUEUE is O(1) time? (Variant B3),Apply,0.98,3,implement,Medium,23
BANK_1316,Q116,Programming and Data Structure,[Programming and Data Structure Item #116] Convert infix expression a + b * c - d ^ e ^ f to postfix notation. (Variant B3),Understand,0.5,2,N/A,Medium,25
BANK_1317,Q117,Programming and Data Structure,[Programming and Data Structure Item #117] Evaluate postfix expression 8 2 3 ^ / 2 3 * + 5 1 * - using a stack. (Variant B3),Evaluate,0.98,5,evaluate,Medium,27
BANK_1318,Q118,Programming and Data Structure,"[Programming and Data Structure Item #118] What is the height of a binary search tree formed by inserting keys 10, 1, 3, 5, 15, 12, 16 in order? (Variant B3)",Remember,0.98,1,what is,Medium,30
BANK_1319,Q119,Programming and Data Structure,[Programming and Data Structure Item #119] What is the minimum height of an AVL tree containing n nodes? (Variant B3),Remember,0.98,1,what is,Medium,20
BANK_1320,Q120,Programming and Data Structure,[Programming and Data Structure Item #120] What is the worst-case time complexity of Quicksort when the pivot is chosen as the median of 3 elements? (Variant B3),Remember,0.98,1,what is,Medium,27
BANK_1321,Q121,Programming and Data Structure,[Programming and Data Structure Item #121] Consider the string abbccddeee. Assign prefix-free binary codes to minimize total encoded length. Find min encoded length. (Variant B4),Understand,0.5,2,N/A,Medium,25
BANK_1322,Q122,Programming and Data Structure,[Programming and Data Structure Item #122] Define R_n to be max profit from cutting a rod of length n meters. Calculate R_7 given price array p[1..7]. (Variant B4),Apply,0.6,3,calculate,Medium,28
BANK_1323,Q123,Programming and Data Structure,"[Programming and Data Structure Item #123] Construct a Huffman tree for symbols {A,B,C,D,E} with frequencies {0.17, 0.11, 0.24, 0.33, 0.15}. Decode bitstring 1000001101. (Variant B4)",Apply,0.98,3,construct,Medium,25
BANK_1324,Q124,Programming and Data Structure,[Programming and Data Structure Item #124] 0/1 Knapsack Problem: Select items with total weight <= 11 kg to maximize total value V_opt. Compare with V_greedy. (Variant B4),Analyze,0.98,4,compare,Medium,27
BANK_1325,Q125,Programming and Data Structure,"[Programming and Data Structure Item #125] Merge 5 sorted sequences of lengths 20, 24, 30, 35, 50. Calculate minimum number of comparisons needed in worst case. (Variant B4)",Apply,0.98,3,calculate,Medium,28
BANK_1326,Q126,Programming and Data Structure,"[Programming and Data Structure Item #126] Consider job scheduling with 4 jobs J1..J4 with deadlines (4,2,4,2). Identify non-feasible schedule. (Variant B4)",Remember,0.98,1,identify,Medium,21
BANK_1327,Q127,Programming and Data Structure,"[Programming and Data Structure Item #127] Given n jobs with execution times t_i and weights w_i on single processor, order jobs to minimize weighted mean completion time. (Variant B4)",Understand,0.5,2,N/A,Medium,29
BANK_1328,Q128,Programming and Data Structure,"[Programming and Data Structure Item #128] Calculate average length of Huffman code for 6 letters with probabilities 1/2, 1/4, 1/8, 1/16, 1/32, 1/32. (Variant B4)",Apply,0.98,3,calculate,Medium,25
BANK_1329,Q129,Programming and Data Structure,[Programming and Data Structure Item #129] Find the number of distinct minimum-weight spanning trees in a given weighted graph. (Variant B4),Understand,0.5,2,N/A,Medium,21
BANK_1330,Q130,Programming and Data Structure,"[Programming and Data Structure Item #130] Find the number of spanning trees in a complete graph K_4 with labeled vertices A, B, C, D. (Variant B4)",Understand,0.5,2,N/A,Medium,26
BANK_1331,Q131,Programming and Data Structure,[Programming and Data Structure Item #131] Let G be a connected undirected graph with distinct edge weights. Is the Minimum Spanning Tree (MST) unique? (Variant B4),Understand,0.5,2,N/A,Medium,26
BANK_1332,Q132,Programming and Data Structure,"[Programming and Data Structure Item #132] Given a graph G with 100 vertices, calculate weight of MST when edge weights w(vi,vj) = |i-j|. (Variant B4)",Apply,0.6,3,calculate,Medium,25
BANK_1333,Q133,Programming and Data Structure,[Programming and Data Structure Item #133] Calculate worst case time complexity of updating MST when a new weighted edge is added. (Variant B4),Apply,0.6,3,calculate,Medium,23
BANK_1334,Q134,Programming and Data Structure,"[Programming and Data Structure Item #134] In Kruskal's algorithm, what is the order of edges added to form the minimum spanning tree? (Variant B4)",Remember,0.98,1,what is,Medium,24
BANK_1335,Q135,Programming and Data Structure,[Programming and Data Structure Item #135] What is the time complexity of Bellman-Ford single-source shortest path algorithm on a complete graph of n vertices? (Variant B4),Remember,0.98,1,what is,Medium,26
BANK_1336,Q136,Programming and Data Structure,[Programming and Data Structure Item #136] Dijkstra's shortest path algorithm: In what order are vertices finalized when starting from source vertex S? (Variant B4),Remember,0.98,1,when,Medium,24
BANK_1337,Q137,Programming and Data Structure,[Programming and Data Structure Item #137] Compute time complexity of Depth First Search (DFS) on a graph represented using an adjacency matrix. (Variant B4),Apply,0.98,3,compute,Medium,24
BANK_1338,Q138,Programming and Data Structure,[Programming and Data Structure Item #138] What is the minimum number of keys in any non-root node of a B+ tree of order 5? (Variant B4),Remember,0.98,1,what is,Medium,26
BANK_1339,Q139,Programming and Data Structure,[Programming and Data Structure Item #139] Find the index of the maximum element in a binary min-heap containing 1023 distinct elements. (Variant B4),Understand,0.5,2,N/A,Medium,23
BANK_1340,Q140,Programming and Data Structure,"[Programming and Data Structure Item #140] Convert an array [82,101,90,11,111,75,33,131,44,93] into a binary max-heap using heapify algorithm. (Variant B4)",Understand,0.5,2,N/A,Easy,19
BANK_1341,Q141,Programming and Data Structure,[Programming and Data Structure Item #141] What is the worst-case time complexity of finding the maximum element in a binary min-heap? (Variant B4),Remember,0.98,1,what is,Medium,23
BANK_1342,Q142,Programming and Data Structure,[Programming and Data Structure Item #142] What is the index of key 103 when inserted into a 13-slot hash table with linear probing and h(k) = k mod 13? (Variant B4),Remember,0.98,1,what is,Medium,31
BANK_1343,Q143,Programming and Data Structure,[Programming and Data Structure Item #143] Calculate load factor alpha for a hash table T with 25 slots storing 2000 elements. (Variant B4),Apply,0.98,3,calculate,Medium,23
BANK_1344,Q144,Programming and Data Structure,[Programming and Data Structure Item #144] What is the worst-case time complexity of searching an element in an unsorted singly linked list of length n? (Variant B4),Remember,0.98,1,list,Medium,27
BANK_1345,Q145,Programming and Data Structure,[Programming and Data Structure Item #145] How can a queue be implemented using two stacks such that ENQUEUE is O(1) time? (Variant B4),Apply,0.98,3,implement,Medium,23
BANK_1346,Q146,Programming and Data Structure,[Programming and Data Structure Item #146] Convert infix expression a + b * c - d ^ e ^ f to postfix notation. (Variant B4),Understand,0.5,2,N/A,Medium,25
BANK_1347,Q147,Programming and Data Structure,[Programming and Data Structure Item #147] Evaluate postfix expression 8 2 3 ^ / 2 3 * + 5 1 * - using a stack. (Variant B4),Evaluate,0.98,5,evaluate,Medium,27
BANK_1348,Q148,Programming and Data Structure,"[Programming and Data Structure Item #148] What is the height of a binary search tree formed by inserting keys 10, 1, 3, 5, 15, 12, 16 in order? (Variant B4)",Remember,0.98,1,what is,Medium,30
BANK_1349,Q149,Programming and Data Structure,[Programming and Data Structure Item #149] What is the minimum height of an AVL tree containing n nodes? (Variant B4),Remember,0.98,1,what is,Medium,20
BANK_1350,Q150,Programming and Data Structure,[Programming and Data Structure Item #150] What is the worst-case time complexity of Quicksort when the pivot is chosen as the median of 3 elements? (Variant B4),Remember,0.98,1,what is,Medium,27
BANK_1351,Q151,Programming and Data Structure,[Programming and Data Structure Item #151] Consider the string abbccddeee. Assign prefix-free binary codes to minimize total encoded length. Find min encoded length. (Variant B5),Understand,0.5,2,N/A,Medium,25
BANK_1352,Q152,Programming and Data Structure,[Programming and Data Structure Item #152] Define R_n to be max profit from cutting a rod of length n meters. Calculate R_7 given price array p[1..7]. (Variant B5),Apply,0.6,3,calculate,Medium,28
BANK_1353,Q153,Programming and Data Structure,"[Programming and Data Structure Item #153] Construct a Huffman tree for symbols {A,B,C,D,E} with frequencies {0.17, 0.11, 0.24, 0.33, 0.15}. Decode bitstring 1000001101. (Variant B5)",Apply,0.98,3,construct,Medium,25
BANK_1354,Q154,Programming and Data Structure,[Programming and Data Structure Item #154] 0/1 Knapsack Problem: Select items with total weight <= 11 kg to maximize total value V_opt. Compare with V_greedy. (Variant B5),Analyze,0.98,4,compare,Medium,27
BANK_1355,Q155,Programming and Data Structure,"[Programming and Data Structure Item #155] Merge 5 sorted sequences of lengths 20, 24, 30, 35, 50. Calculate minimum number of comparisons needed in worst case. (Variant B5)",Apply,0.98,3,calculate,Medium,28
BANK_1356,Q156,Programming and Data Structure,"[Programming and Data Structure Item #156] Consider job scheduling with 4 jobs J1..J4 with deadlines (4,2,4,2). Identify non-feasible schedule. (Variant B5)",Remember,0.98,1,identify,Medium,21
BANK_1357,Q157,Programming and Data Structure,"[Programming and Data Structure Item #157] Given n jobs with execution times t_i and weights w_i on single processor, order jobs to minimize weighted mean completion time. (Variant B5)",Understand,0.5,2,N/A,Medium,29
BANK_1358,Q158,Programming and Data Structure,"[Programming and Data Structure Item #158] Calculate average length of Huffman code for 6 letters with probabilities 1/2, 1/4, 1/8, 1/16, 1/32, 1/32. (Variant B5)",Apply,0.98,3,calculate,Medium,25
BANK_1359,Q159,Programming and Data Structure,[Programming and Data Structure Item #159] Find the number of distinct minimum-weight spanning trees in a given weighted graph. (Variant B5),Understand,0.5,2,N/A,Medium,21
BANK_1360,Q160,Programming and Data Structure,"[Programming and Data Structure Item #160] Find the number of spanning trees in a complete graph K_4 with labeled vertices A, B, C, D. (Variant B5)",Understand,0.5,2,N/A,Medium,26
BANK_1361,Q161,Programming and Data Structure,[Programming and Data Structure Item #161] Let G be a connected undirected graph with distinct edge weights. Is the Minimum Spanning Tree (MST) unique? (Variant B5),Understand,0.5,2,N/A,Medium,26
BANK_1362,Q162,Programming and Data Structure,"[Programming and Data Structure Item #162] Given a graph G with 100 vertices, calculate weight of MST when edge weights w(vi,vj) = |i-j|. (Variant B5)",Apply,0.6,3,calculate,Medium,25
BANK_1363,Q163,Programming and Data Structure,[Programming and Data Structure Item #163] Calculate worst case time complexity of updating MST when a new weighted edge is added. (Variant B5),Apply,0.6,3,calculate,Medium,23
BANK_1364,Q164,Programming and Data Structure,"[Programming and Data Structure Item #164] In Kruskal's algorithm, what is the order of edges added to form the minimum spanning tree? (Variant B5)",Remember,0.98,1,what is,Medium,24
BANK_1365,Q165,Programming and Data Structure,[Programming and Data Structure Item #165] What is the time complexity of Bellman-Ford single-source shortest path algorithm on a complete graph of n vertices? (Variant B5),Remember,0.98,1,what is,Medium,26
BANK_1366,Q166,Programming and Data Structure,[Programming and Data Structure Item #166] Dijkstra's shortest path algorithm: In what order are vertices finalized when starting from source vertex S? (Variant B5),Remember,0.98,1,when,Medium,24
BANK_1367,Q167,Programming and Data Structure,[Programming and Data Structure Item #167] Compute time complexity of Depth First Search (DFS) on a graph represented using an adjacency matrix. (Variant B5),Apply,0.98,3,compute,Medium,24
BANK_1368,Q168,Programming and Data Structure,[Programming and Data Structure Item #168] What is the minimum number of keys in any non-root node of a B+ tree of order 5? (Variant B5),Remember,0.98,1,what is,Medium,26
BANK_1369,Q169,Programming and Data Structure,[Programming and Data Structure Item #169] Find the index of the maximum element in a binary min-heap containing 1023 distinct elements. (Variant B5),Understand,0.5,2,N/A,Medium,23
BANK_1370,Q170,Programming and Data Structure,"[Programming and Data Structure Item #170] Convert an array [82,101,90,11,111,75,33,131,44,93] into a binary max-heap using heapify algorithm. (Variant B5)",Understand,0.5,2,N/A,Easy,19
BANK_1371,Q171,Programming and Data Structure,[Programming and Data Structure Item #171] What is the worst-case time complexity of finding the maximum element in a binary min-heap? (Variant B5),Remember,0.98,1,what is,Medium,23
BANK_1372,Q172,Programming and Data Structure,[Programming and Data Structure Item #172] What is the index of key 103 when inserted into a 13-slot hash table with linear probing and h(k) = k mod 13? (Variant B5),Remember,0.98,1,what is,Medium,31
BANK_1373,Q173,Programming and Data Structure,[Programming and Data Structure Item #173] Calculate load factor alpha for a hash table T with 25 slots storing 2000 elements. (Variant B5),Apply,0.98,3,calculate,Medium,23
BANK_1374,Q174,Programming and Data Structure,[Programming and Data Structure Item #174] What is the worst-case time complexity of searching an element in an unsorted singly linked list of length n? (Variant B5),Remember,0.98,1,list,Medium,27
BANK_1375,Q175,Programming and Data Structure,[Programming and Data Structure Item #175] How can a queue be implemented using two stacks such that ENQUEUE is O(1) time? (Variant B5),Apply,0.98,3,implement,Medium,23
BANK_1376,Q176,Programming and Data Structure,[Programming and Data Structure Item #176] Convert infix expression a + b * c - d ^ e ^ f to postfix notation. (Variant B5),Understand,0.5,2,N/A,Medium,25
BANK_1377,Q177,Programming and Data Structure,[Programming and Data Structure Item #177] Evaluate postfix expression 8 2 3 ^ / 2 3 * + 5 1 * - using a stack. (Variant B5),Evaluate,0.98,5,evaluate,Medium,27
BANK_1378,Q178,Programming and Data Structure,"[Programming and Data Structure Item #178] What is the height of a binary search tree formed by inserting keys 10, 1, 3, 5, 15, 12, 16 in order? (Variant B5)",Remember,0.98,1,what is,Medium,30
BANK_1379,Q179,Programming and Data Structure,[Programming and Data Structure Item #179] What is the minimum height of an AVL tree containing n nodes? (Variant B5),Remember,0.98,1,what is,Medium,20
BANK_1380,Q180,Programming and Data Structure,[Programming and Data Structure Item #180] What is the worst-case time complexity of Quicksort when the pivot is chosen as the median of 3 elements? (Variant B5),Remember,0.98,1,what is,Medium,27
BANK_1381,Q181,Programming and Data Structure,[Programming and Data Structure Item #181] Consider the string abbccddeee. Assign prefix-free binary codes to minimize total encoded length. Find min encoded length. (Variant B6),Understand,0.5,2,N/A,Medium,25
BANK_1382,Q182,Programming and Data Structure,[Programming and Data Structure Item #182] Define R_n to be max profit from cutting a rod of length n meters. Calculate R_7 given price array p[1..7]. (Variant B6),Apply,0.6,3,calculate,Medium,28
BANK_1383,Q183,Programming and Data Structure,"[Programming and Data Structure Item #183] Construct a Huffman tree for symbols {A,B,C,D,E} with frequencies {0.17, 0.11, 0.24, 0.33, 0.15}. Decode bitstring 1000001101. (Variant B6)",Apply,0.98,3,construct,Medium,25
BANK_1384,Q184,Programming and Data Structure,[Programming and Data Structure Item #184] 0/1 Knapsack Problem: Select items with total weight <= 11 kg to maximize total value V_opt. Compare with V_greedy. (Variant B6),Analyze,0.98,4,compare,Medium,27
BANK_1385,Q185,Programming and Data Structure,"[Programming and Data Structure Item #185] Merge 5 sorted sequences of lengths 20, 24, 30, 35, 50. Calculate minimum number of comparisons needed in worst case. (Variant B6)",Apply,0.98,3,calculate,Medium,28
BANK_1386,Q186,Programming and Data Structure,"[Programming and Data Structure Item #186] Consider job scheduling with 4 jobs J1..J4 with deadlines (4,2,4,2). Identify non-feasible schedule. (Variant B6)",Remember,0.98,1,identify,Medium,21
BANK_1387,Q187,Programming and Data Structure,"[Programming and Data Structure Item #187] Given n jobs with execution times t_i and weights w_i on single processor, order jobs to minimize weighted mean completion time. (Variant B6)",Understand,0.5,2,N/A,Medium,29
BANK_1388,Q188,Programming and Data Structure,"[Programming and Data Structure Item #188] Calculate average length of Huffman code for 6 letters with probabilities 1/2, 1/4, 1/8, 1/16, 1/32, 1/32. (Variant B6)",Apply,0.98,3,calculate,Medium,25
BANK_1389,Q189,Programming and Data Structure,[Programming and Data Structure Item #189] Find the number of distinct minimum-weight spanning trees in a given weighted graph. (Variant B6),Understand,0.5,2,N/A,Medium,21
BANK_1390,Q190,Programming and Data Structure,"[Programming and Data Structure Item #190] Find the number of spanning trees in a complete graph K_4 with labeled vertices A, B, C, D. (Variant B6)",Understand,0.5,2,N/A,Medium,26
BANK_1391,Q191,Programming and Data Structure,[Programming and Data Structure Item #191] Let G be a connected undirected graph with distinct edge weights. Is the Minimum Spanning Tree (MST) unique? (Variant B6),Understand,0.5,2,N/A,Medium,26
BANK_1392,Q192,Programming and Data Structure,"[Programming and Data Structure Item #192] Given a graph G with 100 vertices, calculate weight of MST when edge weights w(vi,vj) = |i-j|. (Variant B6)",Apply,0.6,3,calculate,Medium,25
BANK_1393,Q193,Programming and Data Structure,[Programming and Data Structure Item #193] Calculate worst case time complexity of updating MST when a new weighted edge is added. (Variant B6),Apply,0.6,3,calculate,Medium,23
BANK_1394,Q194,Programming and Data Structure,"[Programming and Data Structure Item #194] In Kruskal's algorithm, what is the order of edges added to form the minimum spanning tree? (Variant B6)",Remember,0.98,1,what is,Medium,24
BANK_1395,Q195,Programming and Data Structure,[Programming and Data Structure Item #195] What is the time complexity of Bellman-Ford single-source shortest path algorithm on a complete graph of n vertices? (Variant B6),Remember,0.98,1,what is,Medium,26
BANK_1396,Q196,Programming and Data Structure,[Programming and Data Structure Item #196] Dijkstra's shortest path algorithm: In what order are vertices finalized when starting from source vertex S? (Variant B6),Remember,0.98,1,when,Medium,24
BANK_1397,Q197,Programming and Data Structure,[Programming and Data Structure Item #197] Compute time complexity of Depth First Search (DFS) on a graph represented using an adjacency matrix. (Variant B6),Apply,0.98,3,compute,Medium,24
BANK_1398,Q198,Programming and Data Structure,[Programming and Data Structure Item #198] What is the minimum number of keys in any non-root node of a B+ tree of order 5? (Variant B6),Remember,0.98,1,what is,Medium,26
BANK_1399,Q199,Programming and Data Structure,[Programming and Data Structure Item #199] Find the index of the maximum element in a binary min-heap containing 1023 distinct elements. (Variant B6),Understand,0.5,2,N/A,Medium,23
BANK_1400,Q200,Programming and Data Structure,"[Programming and Data Structure Item #200] Convert an array [82,101,90,11,111,75,33,131,44,93] into a binary max-heap using heapify algorithm. (Variant B6)",Understand,0.5,2,N/A,Easy,19
BANK_1401,Q201,Programming and Data Structure,[Programming and Data Structure Item #201] What is the worst-case time complexity of finding the maximum element in a binary min-heap? (Variant B6),Remember,0.98,1,what is,Medium,23
BANK_1402,Q202,Programming and Data Structure,[Programming and Data Structure Item #202] What is the index of key 103 when inserted into a 13-slot hash table with linear probing and h(k) = k mod 13? (Variant B6),Remember,0.98,1,what is,Medium,31
BANK_1403,Q203,Programming and Data Structure,[Programming and Data Structure Item #203] Calculate load factor alpha for a hash table T with 25 slots storing 2000 elements. (Variant B6),Apply,0.98,3,calculate,Medium,23
BANK_1404,Q204,Programming and Data Structure,[Programming and Data Structure Item #204] What is the worst-case time complexity of searching an element in an unsorted singly linked list of length n? (Variant B6),Remember,0.98,1,list,Medium,27
BANK_1405,Q205,Programming and Data Structure,[Programming and Data Structure Item #205] How can a queue be implemented using two stacks such that ENQUEUE is O(1) time? (Variant B6),Apply,0.98,3,implement,Medium,23
BANK_1406,Q206,Programming and Data Structure,[Programming and Data Structure Item #206] Convert infix expression a + b * c - d ^ e ^ f to postfix notation. (Variant B6),Understand,0.5,2,N/A,Medium,25
BANK_1407,Q207,Programming and Data Structure,[Programming and Data Structure Item #207] Evaluate postfix expression 8 2 3 ^ / 2 3 * + 5 1 * - using a stack. (Variant B6),Evaluate,0.98,5,evaluate,Medium,27
BANK_1408,Q208,Programming and Data Structure,"[Programming and Data Structure Item #208] What is the height of a binary search tree formed by inserting keys 10, 1, 3, 5, 15, 12, 16 in order? (Variant B6)",Remember,0.98,1,what is,Medium,30
BANK_1409,Q209,Programming and Data Structure,[Programming and Data Structure Item #209] What is the minimum height of an AVL tree containing n nodes? (Variant B6),Remember,0.98,1,what is,Medium,20
BANK_1410,Q210,Programming and Data Structure,[Programming and Data Structure Item #210] What is the worst-case time complexity of Quicksort when the pivot is chosen as the median of 3 elements? (Variant B6),Remember,0.98,1,what is,Medium,27
BANK_1411,Q211,Programming and Data Structure,[Programming and Data Structure Item #211] Consider the string abbccddeee. Assign prefix-free binary codes to minimize total encoded length. Find min encoded length. (Variant B7),Understand,0.5,2,N/A,Medium,25
BANK_1412,Q212,Programming and Data Structure,[Programming and Data Structure Item #212] Define R_n to be max profit from cutting a rod of length n meters. Calculate R_7 given price array p[1..7]. (Variant B7),Apply,0.6,3,calculate,Medium,28
BANK_1413,Q213,Programming and Data Structure,"[Programming and Data Structure Item #213] Construct a Huffman tree for symbols {A,B,C,D,E} with frequencies {0.17, 0.11, 0.24, 0.33, 0.15}. Decode bitstring 1000001101. (Variant B7)",Apply,0.98,3,construct,Medium,25
BANK_1414,Q214,Programming and Data Structure,[Programming and Data Structure Item #214] 0/1 Knapsack Problem: Select items with total weight <= 11 kg to maximize total value V_opt. Compare with V_greedy. (Variant B7),Analyze,0.98,4,compare,Medium,27
BANK_1415,Q215,Programming and Data Structure,"[Programming and Data Structure Item #215] Merge 5 sorted sequences of lengths 20, 24, 30, 35, 50. Calculate minimum number of comparisons needed in worst case. (Variant B7)",Apply,0.98,3,calculate,Medium,28
BANK_1416,Q216,Programming and Data Structure,"[Programming and Data Structure Item #216] Consider job scheduling with 4 jobs J1..J4 with deadlines (4,2,4,2). Identify non-feasible schedule. (Variant B7)",Remember,0.98,1,identify,Medium,21
BANK_1417,Q217,Programming and Data Structure,"[Programming and Data Structure Item #217] Given n jobs with execution times t_i and weights w_i on single processor, order jobs to minimize weighted mean completion time. (Variant B7)",Understand,0.5,2,N/A,Medium,29
BANK_1418,Q218,Programming and Data Structure,"[Programming and Data Structure Item #218] Calculate average length of Huffman code for 6 letters with probabilities 1/2, 1/4, 1/8, 1/16, 1/32, 1/32. (Variant B7)",Apply,0.98,3,calculate,Medium,25
BANK_1419,Q219,Programming and Data Structure,[Programming and Data Structure Item #219] Find the number of distinct minimum-weight spanning trees in a given weighted graph. (Variant B7),Understand,0.5,2,N/A,Medium,21
BANK_1420,Q220,Programming and Data Structure,"[Programming and Data Structure Item #220] Find the number of spanning trees in a complete graph K_4 with labeled vertices A, B, C, D. (Variant B7)",Understand,0.5,2,N/A,Medium,26
BANK_1421,Q221,Programming and Data Structure,[Programming and Data Structure Item #221] Let G be a connected undirected graph with distinct edge weights. Is the Minimum Spanning Tree (MST) unique? (Variant B7),Understand,0.5,2,N/A,Medium,26
BANK_1422,Q222,Programming and Data Structure,"[Programming and Data Structure Item #222] Given a graph G with 100 vertices, calculate weight of MST when edge weights w(vi,vj) = |i-j|. (Variant B7)",Apply,0.6,3,calculate,Medium,25
BANK_1423,Q223,Programming and Data Structure,[Programming and Data Structure Item #223] Calculate worst case time complexity of updating MST when a new weighted edge is added. (Variant B7),Apply,0.6,3,calculate,Medium,23
BANK_1424,Q224,Programming and Data Structure,"[Programming and Data Structure Item #224] In Kruskal's algorithm, what is the order of edges added to form the minimum spanning tree? (Variant B7)",Remember,0.98,1,what is,Medium,24
BANK_1425,Q225,Programming and Data Structure,[Programming and Data Structure Item #225] What is the time complexity of Bellman-Ford single-source shortest path algorithm on a complete graph of n vertices? (Variant B7),Remember,0.98,1,what is,Medium,26
BANK_1426,Q226,Programming and Data Structure,[Programming and Data Structure Item #226] Dijkstra's shortest path algorithm: In what order are vertices finalized when starting from source vertex S? (Variant B7),Remember,0.98,1,when,Medium,24
BANK_1427,Q227,Programming and Data Structure,[Programming and Data Structure Item #227] Compute time complexity of Depth First Search (DFS) on a graph represented using an adjacency matrix. (Variant B7),Apply,0.98,3,compute,Medium,24
BANK_1428,Q228,Programming and Data Structure,[Programming and Data Structure Item #228] What is the minimum number of keys in any non-root node of a B+ tree of order 5? (Variant B7),Remember,0.98,1,what is,Medium,26
BANK_1429,Q229,Programming and Data Structure,[Programming and Data Structure Item #229] Find the index of the maximum element in a binary min-heap containing 1023 distinct elements. (Variant B7),Understand,0.5,2,N/A,Medium,23
BANK_1430,Q230,Programming and Data Structure,"[Programming and Data Structure Item #230] Convert an array [82,101,90,11,111,75,33,131,44,93] into a binary max-heap using heapify algorithm. (Variant B7)",Understand,0.5,2,N/A,Easy,19
BANK_1431,Q231,Programming and Data Structure,[Programming and Data Structure Item #231] What is the worst-case time complexity of finding the maximum element in a binary min-heap? (Variant B7),Remember,0.98,1,what is,Medium,23
BANK_1432,Q232,Programming and Data Structure,[Programming and Data Structure Item #232] What is the index of key 103 when inserted into a 13-slot hash table with linear probing and h(k) = k mod 13? (Variant B7),Remember,0.98,1,what is,Medium,31
BANK_1433,Q233,Programming and Data Structure,[Programming and Data Structure Item #233] Calculate load factor alpha for a hash table T with 25 slots storing 2000 elements. (Variant B7),Apply,0.98,3,calculate,Medium,23
BANK_1434,Q234,Programming and Data Structure,[Programming and Data Structure Item #234] What is the worst-case time complexity of searching an element in an unsorted singly linked list of length n? (Variant B7),Remember,0.98,1,list,Medium,27
BANK_1435,Q235,Programming and Data Structure,[Programming and Data Structure Item #235] How can a queue be implemented using two stacks such that ENQUEUE is O(1) time? (Variant B7),Apply,0.98,3,implement,Medium,23
BANK_1436,Q236,Programming and Data Structure,[Programming and Data Structure Item #236] Convert infix expression a + b * c - d ^ e ^ f to postfix notation. (Variant B7),Understand,0.5,2,N/A,Medium,25
BANK_1437,Q237,Programming and Data Structure,[Programming and Data Structure Item #237] Evaluate postfix expression 8 2 3 ^ / 2 3 * + 5 1 * - using a stack. (Variant B7),Evaluate,0.98,5,evaluate,Medium,27
BANK_1438,Q238,Programming and Data Structure,"[Programming and Data Structure Item #238] What is the height of a binary search tree formed by inserting keys 10, 1, 3, 5, 15, 12, 16 in order? (Variant B7)",Remember,0.98,1,what is,Medium,30
BANK_1439,Q239,Programming and Data Structure,[Programming and Data Structure Item #239] What is the minimum height of an AVL tree containing n nodes? (Variant B7),Remember,0.98,1,what is,Medium,20
BANK_1440,Q240,Programming and Data Structure,[Programming and Data Structure Item #240] What is the worst-case time complexity of Quicksort when the pivot is chosen as the median of 3 elements? (Variant B7),Remember,0.98,1,what is,Medium,27
BANK_1441,Q241,Programming and Data Structure,[Programming and Data Structure Item #241] Consider the string abbccddeee. Assign prefix-free binary codes to minimize total encoded length. Find min encoded length. (Variant B8),Understand,0.5,2,N/A,Medium,25
BANK_1442,Q242,Programming and Data Structure,[Programming and Data Structure Item #242] Define R_n to be max profit from cutting a rod of length n meters. Calculate R_7 given price array p[1..7]. (Variant B8),Apply,0.6,3,calculate,Medium,28
BANK_1443,Q243,Programming and Data Structure,"[Programming and Data Structure Item #243] Construct a Huffman tree for symbols {A,B,C,D,E} with frequencies {0.17, 0.11, 0.24, 0.33, 0.15}. Decode bitstring 1000001101. (Variant B8)",Apply,0.98,3,construct,Medium,25
BANK_1444,Q244,Programming and Data Structure,[Programming and Data Structure Item #244] 0/1 Knapsack Problem: Select items with total weight <= 11 kg to maximize total value V_opt. Compare with V_greedy. (Variant B8),Analyze,0.98,4,compare,Medium,27
BANK_1445,Q245,Programming and Data Structure,"[Programming and Data Structure Item #245] Merge 5 sorted sequences of lengths 20, 24, 30, 35, 50. Calculate minimum number of comparisons needed in worst case. (Variant B8)",Apply,0.98,3,calculate,Medium,28
BANK_1446,Q246,Programming and Data Structure,"[Programming and Data Structure Item #246] Consider job scheduling with 4 jobs J1..J4 with deadlines (4,2,4,2). Identify non-feasible schedule. (Variant B8)",Remember,0.98,1,identify,Medium,21
BANK_1447,Q247,Programming and Data Structure,"[Programming and Data Structure Item #247] Given n jobs with execution times t_i and weights w_i on single processor, order jobs to minimize weighted mean completion time. (Variant B8)",Understand,0.5,2,N/A,Medium,29
BANK_1448,Q248,Programming and Data Structure,"[Programming and Data Structure Item #248] Calculate average length of Huffman code for 6 letters with probabilities 1/2, 1/4, 1/8, 1/16, 1/32, 1/32. (Variant B8)",Apply,0.98,3,calculate,Medium,25
BANK_1449,Q249,Programming and Data Structure,[Programming and Data Structure Item #249] Find the number of distinct minimum-weight spanning trees in a given weighted graph. (Variant B8),Understand,0.5,2,N/A,Medium,21
BANK_1450,Q250,Programming and Data Structure,"[Programming and Data Structure Item #250] Find the number of spanning trees in a complete graph K_4 with labeled vertices A, B, C, D. (Variant B8)",Understand,0.5,2,N/A,Medium,26
BANK_1451,Q251,Programming and Data Structure,[Programming and Data Structure Item #251] Let G be a connected undirected graph with distinct edge weights. Is the Minimum Spanning Tree (MST) unique? (Variant B8),Understand,0.5,2,N/A,Medium,26
BANK_1452,Q252,Programming and Data Structure,"[Programming and Data Structure Item #252] Given a graph G with 100 vertices, calculate weight of MST when edge weights w(vi,vj) = |i-j|. (Variant B8)",Apply,0.6,3,calculate,Medium,25
BANK_1453,Q253,Programming and Data Structure,[Programming and Data Structure Item #253] Calculate worst case time complexity of updating MST when a new weighted edge is added. (Variant B8),Apply,0.6,3,calculate,Medium,23
BANK_1454,Q254,Programming and Data Structure,"[Programming and Data Structure Item #254] In Kruskal's algorithm, what is the order of edges added to form the minimum spanning tree? (Variant B8)",Remember,0.98,1,what is,Medium,24
BANK_1455,Q255,Programming and Data Structure,[Programming and Data Structure Item #255] What is the time complexity of Bellman-Ford single-source shortest path algorithm on a complete graph of n vertices? (Variant B8),Remember,0.98,1,what is,Medium,26
BANK_1456,Q256,Programming and Data Structure,[Programming and Data Structure Item #256] Dijkstra's shortest path algorithm: In what order are vertices finalized when starting from source vertex S? (Variant B8),Remember,0.98,1,when,Medium,24
BANK_1457,Q257,Programming and Data Structure,[Programming and Data Structure Item #257] Compute time complexity of Depth First Search (DFS) on a graph represented using an adjacency matrix. (Variant B8),Apply,0.98,3,compute,Medium,24
BANK_1458,Q258,Programming and Data Structure,[Programming and Data Structure Item #258] What is the minimum number of keys in any non-root node of a B+ tree of order 5? (Variant B8),Remember,0.98,1,what is,Medium,26
BANK_1459,Q259,Programming and Data Structure,[Programming and Data Structure Item #259] Find the index of the maximum element in a binary min-heap containing 1023 distinct elements. (Variant B8),Understand,0.5,2,N/A,Medium,23
BANK_1460,Q260,Programming and Data Structure,"[Programming and Data Structure Item #260] Convert an array [82,101,90,11,111,75,33,131,44,93] into a binary max-heap using heapify algorithm. (Variant B8)",Understand,0.5,2,N/A,Easy,19
BANK_1461,Q261,Programming and Data Structure,[Programming and Data Structure Item #261] What is the worst-case time complexity of finding the maximum element in a binary min-heap? (Variant B8),Remember,0.98,1,what is,Medium,23
BANK_1462,Q262,Programming and Data Structure,[Programming and Data Structure Item #262] What is the index of key 103 when inserted into a 13-slot hash table with linear probing and h(k) = k mod 13? (Variant B8),Remember,0.98,1,what is,Medium,31
BANK_1463,Q263,Programming and Data Structure,[Programming and Data Structure Item #263] Calculate load factor alpha for a hash table T with 25 slots storing 2000 elements. (Variant B8),Apply,0.98,3,calculate,Medium,23
BANK_1464,Q264,Programming and Data Structure,[Programming and Data Structure Item #264] What is the worst-case time complexity of searching an element in an unsorted singly linked list of length n? (Variant B8),Remember,0.98,1,list,Medium,27
BANK_1465,Q265,Programming and Data Structure,[Programming and Data Structure Item #265] How can a queue be implemented using two stacks such that ENQUEUE is O(1) time? (Variant B8),Apply,0.98,3,implement,Medium,23
BANK_1466,Q266,Programming and Data Structure,[Programming and Data Structure Item #266] Convert infix expression a + b * c - d ^ e ^ f to postfix notation. (Variant B8),Understand,0.5,2,N/A,Medium,25
BANK_1467,Q267,Programming and Data Structure,[Programming and Data Structure Item #267] Evaluate postfix expression 8 2 3 ^ / 2 3 * + 5 1 * - using a stack. (Variant B8),Evaluate,0.98,5,evaluate,Medium,27
BANK_1468,Q268,Programming and Data Structure,"[Programming and Data Structure Item #268] What is the height of a binary search tree formed by inserting keys 10, 1, 3, 5, 15, 12, 16 in order? (Variant B8)",Remember,0.98,1,what is,Medium,30
BANK_1469,Q269,Programming and Data Structure,[Programming and Data Structure Item #269] What is the minimum height of an AVL tree containing n nodes? (Variant B8),Remember,0.98,1,what is,Medium,20
BANK_1470,Q270,Programming and Data Structure,[Programming and Data Structure Item #270] What is the worst-case time complexity of Quicksort when the pivot is chosen as the median of 3 elements? (Variant B8),Remember,0.98,1,what is,Medium,27
BANK_1471,Q271,Programming and Data Structure,[Programming and Data Structure Item #271] Consider the string abbccddeee. Assign prefix-free binary codes to minimize total encoded length. Find min encoded length. (Variant B9),Understand,0.5,2,N/A,Medium,25
BANK_1472,Q272,Programming and Data Structure,[Programming and Data Structure Item #272] Define R_n to be max profit from cutting a rod of length n meters. Calculate R_7 given price array p[1..7]. (Variant B9),Apply,0.6,3,calculate,Medium,28
BANK_1473,Q273,Programming and Data Structure,"[Programming and Data Structure Item #273] Construct a Huffman tree for symbols {A,B,C,D,E} with frequencies {0.17, 0.11, 0.24, 0.33, 0.15}. Decode bitstring 1000001101. (Variant B9)",Apply,0.98,3,construct,Medium,25
BANK_1474,Q274,Programming and Data Structure,[Programming and Data Structure Item #274] 0/1 Knapsack Problem: Select items with total weight <= 11 kg to maximize total value V_opt. Compare with V_greedy. (Variant B9),Analyze,0.98,4,compare,Medium,27
BANK_1475,Q275,Programming and Data Structure,"[Programming and Data Structure Item #275] Merge 5 sorted sequences of lengths 20, 24, 30, 35, 50. Calculate minimum number of comparisons needed in worst case. (Variant B9)",Apply,0.98,3,calculate,Medium,28
BANK_1476,Q276,Programming and Data Structure,"[Programming and Data Structure Item #276] Consider job scheduling with 4 jobs J1..J4 with deadlines (4,2,4,2). Identify non-feasible schedule. (Variant B9)",Remember,0.98,1,identify,Medium,21
BANK_1477,Q277,Programming and Data Structure,"[Programming and Data Structure Item #277] Given n jobs with execution times t_i and weights w_i on single processor, order jobs to minimize weighted mean completion time. (Variant B9)",Understand,0.5,2,N/A,Medium,29
BANK_1478,Q278,Programming and Data Structure,"[Programming and Data Structure Item #278] Calculate average length of Huffman code for 6 letters with probabilities 1/2, 1/4, 1/8, 1/16, 1/32, 1/32. (Variant B9)",Apply,0.98,3,calculate,Medium,25
BANK_1479,Q279,Programming and Data Structure,[Programming and Data Structure Item #279] Find the number of distinct minimum-weight spanning trees in a given weighted graph. (Variant B9),Understand,0.5,2,N/A,Medium,21
BANK_1480,Q280,Programming and Data Structure,"[Programming and Data Structure Item #280] Find the number of spanning trees in a complete graph K_4 with labeled vertices A, B, C, D. (Variant B9)",Understand,0.5,2,N/A,Medium,26
BANK_1481,Q281,Programming and Data Structure,[Programming and Data Structure Item #281] Let G be a connected undirected graph with distinct edge weights. Is the Minimum Spanning Tree (MST) unique? (Variant B9),Understand,0.5,2,N/A,Medium,26
BANK_1482,Q282,Programming and Data Structure,"[Programming and Data Structure Item #282] Given a graph G with 100 vertices, calculate weight of MST when edge weights w(vi,vj) = |i-j|. (Variant B9)",Apply,0.6,3,calculate,Medium,25
BANK_1483,Q283,Programming and Data Structure,[Programming and Data Structure Item #283] Calculate worst case time complexity of updating MST when a new weighted edge is added. (Variant B9),Apply,0.6,3,calculate,Medium,23
BANK_1484,Q284,Programming and Data Structure,"[Programming and Data Structure Item #284] In Kruskal's algorithm, what is the order of edges added to form the minimum spanning tree? (Variant B9)",Remember,0.98,1,what is,Medium,24
BANK_1485,Q285,Programming and Data Structure,[Programming and Data Structure Item #285] What is the time complexity of Bellman-Ford single-source shortest path algorithm on a complete graph of n vertices? (Variant B9),Remember,0.98,1,what is,Medium,26
BANK_1486,Q286,Programming and Data Structure,[Programming and Data Structure Item #286] Dijkstra's shortest path algorithm: In what order are vertices finalized when starting from source vertex S? (Variant B9),Remember,0.98,1,when,Medium,24
BANK_1487,Q287,Programming and Data Structure,[Programming and Data Structure Item #287] Compute time complexity of Depth First Search (DFS) on a graph represented using an adjacency matrix. (Variant B9),Apply,0.98,3,compute,Medium,24
BANK_1488,Q288,Programming and Data Structure,[Programming and Data Structure Item #288] What is the minimum number of keys in any non-root node of a B+ tree of order 5? (Variant B9),Remember,0.98,1,what is,Medium,26
BANK_1489,Q289,Programming and Data Structure,[Programming and Data Structure Item #289] Find the index of the maximum element in a binary min-heap containing 1023 distinct elements. (Variant B9),Understand,0.5,2,N/A,Medium,23
BANK_1490,Q290,Programming and Data Structure,"[Programming and Data Structure Item #290] Convert an array [82,101,90,11,111,75,33,131,44,93] into a binary max-heap using heapify algorithm. (Variant B9)",Understand,0.5,2,N/A,Easy,19
BANK_1491,Q291,Programming and Data Structure,[Programming and Data Structure Item #291] What is the worst-case time complexity of finding the maximum element in a binary min-heap? (Variant B9),Remember,0.98,1,what is,Medium,23
BANK_1492,Q292,Programming and Data Structure,[Programming and Data Structure Item #292] What is the index of key 103 when inserted into a 13-slot hash table with linear probing and h(k) = k mod 13? (Variant B9),Remember,0.98,1,what is,Medium,31
BANK_1493,Q293,Programming and Data Structure,[Programming and Data Structure Item #293] Calculate load factor alpha for a hash table T with 25 slots storing 2000 elements. (Variant B9),Apply,0.98,3,calculate,Medium,23
BANK_1494,Q294,Programming and Data Structure,[Programming and Data Structure Item #294] What is the worst-case time complexity of searching an element in an unsorted singly linked list of length n? (Variant B9),Remember,0.98,1,list,Medium,27
BANK_1495,Q295,Programming and Data Structure,[Programming and Data Structure Item #295] How can a queue be implemented using two stacks such that ENQUEUE is O(1) time? (Variant B9),Apply,0.98,3,implement,Medium,23
BANK_1496,Q296,Programming and Data Structure,[Programming and Data Structure Item #296] Convert infix expression a + b * c - d ^ e ^ f to postfix notation. (Variant B9),Understand,0.5,2,N/A,Medium,25
BANK_1497,Q297,Programming and Data Structure,[Programming and Data Structure Item #297] Evaluate postfix expression 8 2 3 ^ / 2 3 * + 5 1 * - using a stack. (Variant B9),Evaluate,0.98,5,evaluate,Medium,27
BANK_1498,Q298,Programming and Data Structure,"[Programming and Data Structure Item #298] What is the height of a binary search tree formed by inserting keys 10, 1, 3, 5, 15, 12, 16 in order? (Variant B9)",Remember,0.98,1,what is,Medium,30
BANK_1499,Q299,Programming and Data Structure,[Programming and Data Structure Item #299] What is the minimum height of an AVL tree containing n nodes? (Variant B9),Remember,0.98,1,what is,Medium,20
BANK_1500,Q300,Programming and Data Structure,[Programming and Data Structure Item #300] What is the worst-case time complexity of Quicksort when the pivot is chosen as the median of 3 elements? (Variant B9),Remember,0.98,1,what is,Medium,27
BANK_1501,Q1,Computer Organization and Architecture,A processor with 16 general purpose registers uses 32-bit instructions. Calculate max number of unique opcodes with 8 addressing modes.,Apply,0.98,3,calculate,Medium,20
BANK_1502,Q2,Computer Organization and Architecture,"A 32-bit processor supports 70 instructions with opcode, 2 registers (64 total), and immediate operand. Find max immediate value.",Understand,0.5,2,N/A,Easy,19
BANK_1503,Q3,Computer Organization and Architecture,Calculate minimum clock cycles to compute XY + XYZ + YZ on a CPU with 12 general purpose registers.,Apply,0.98,3,calculate,Medium,19
BANK_1504,Q4,Computer Organization and Architecture,A processor has 64 registers and 16-bit instruction format. Calculate max number of distinct R-type opcodes given 8 I-type opcodes.,Apply,0.98,3,calculate,Medium,20
BANK_1505,Q5,Computer Organization and Architecture,Evaluate number of one-address instructions needed for X = (M + N x O) / (P x Q).,Evaluate,0.98,5,evaluate,Hard,18
BANK_1506,Q6,Computer Organization and Architecture,"Determine contents of accumulator and flags after executing 8085 program: SUB A, MVI B 01H, DCR B, HLT.",Apply,0.98,3,determine,Medium,18
BANK_1507,Q7,Computer Organization and Architecture,Calculate stack pointer value after executing CALL instruction on a 16-bit processor with 2-byte registers.,Apply,0.98,3,calculate,Medium,15
BANK_1508,Q8,Computer Organization and Architecture,A processor has 16 integer and 64 floating point registers with 2-byte instructions. Find max Type-4 instructions.,Understand,0.5,2,N/A,Easy,17
BANK_1509,Q9,Computer Organization and Architecture,"Which processor characteristics define a RISC architecture? (I. Register-to-register, II. Fixed length, III. Hardwired control).",Create,0.67,6,architecture,Hard,15
BANK_1510,Q10,Computer Organization and Architecture,Calculate total memory in bytes consumed by a program with 100 instructions on a 64-register processor.,Apply,0.98,3,calculate,Medium,16
BANK_1511,Q11,Computer Organization and Architecture,Differentiate between Big-Endian and Little-Endian byte ordering systems in memory storage.,Analyze,0.98,4,differentiate,Medium,11
BANK_1512,Q12,Computer Organization and Architecture,Which addressing mode is most suitable for writing position-independent code?,Understand,0.5,2,N/A,Easy,10
BANK_1513,Q13,Computer Organization and Architecture,Calculate processor frequency ratio P2/P1 when P2 takes 25% less time with 20% higher CPI.,Apply,0.6,3,calculate,Medium,15
BANK_1514,Q14,Computer Organization and Architecture,"Find the memory location accessed by instruction MOV [BX], AL in 8086 assembly.",Understand,0.5,2,N/A,Easy,13
BANK_1515,Q15,Computer Organization and Architecture,Calculate maximum bandwidth of a direct-mapped 1 MB cache with 256-byte blocks and 3ns access time.,Apply,0.98,3,calculate,Medium,16
BANK_1516,Q16,Computer Organization and Architecture,Calculate number of tag bits for a 64 KB 4-way set associative cache in a 32-bit byte-addressable memory system.,Apply,0.98,3,calculate,Medium,19
BANK_1517,Q17,Computer Organization and Architecture,Differentiate between Write-Through and Write-Back cache memory write policies.,Analyze,0.98,4,differentiate,Medium,9
BANK_1518,Q18,Computer Organization and Architecture,Calculate average memory access time (AMAT) for L1/L2 cache system given hit rates and access latencies.,Apply,0.98,3,calculate,Medium,16
BANK_1519,Q19,Computer Organization and Architecture,How many 32K x 1 RAM chips are needed to provide a total memory capacity of 256 KB?,Understand,0.5,2,N/A,Easy,18
BANK_1520,Q20,Computer Organization and Architecture,Calculate refresh overhead percentage for a DRAM chip requiring 100 refreshes per ms with 100ns per refresh cycle.,Apply,0.98,3,calculate,Medium,18
BANK_1521,Q21,Computer Organization and Architecture,"Calculate total memory capacity of a hard disk with 16 surfaces, 16384 cylinders, and 64 sectors per track.",Apply,0.98,3,calculate,Medium,18
BANK_1522,Q22,Computer Organization and Architecture,Calculate average seek time and rotational latency for a 7200 RPM hard disk drive.,Apply,0.98,3,calculate,Medium,14
BANK_1523,Q23,Computer Organization and Architecture,Compare ripple carry adder and carry lookahead adder in terms of propagation delay and gate count.,Analyze,0.98,4,compare,Medium,16
BANK_1524,Q24,Computer Organization and Architecture,Calculate speedup achieved by converting a non-pipelined 2.5 GHz CPU into a 5-stage 2 GHz pipelined CPU.,Apply,0.98,3,calculate,Medium,17
BANK_1525,Q25,Computer Organization and Architecture,"Identify data hazards (RAW, WAR, WAW) in instruction sequence: I1: ADD R1,R2,R3; I2: MUL R7,R1,R3; I3: SUB R4,R1,R5.",Remember,0.98,1,identify,Easy,18
BANK_1526,Q26,Computer Organization and Architecture,Explain register renaming mechanism to eliminate WAR and WAW hazards in out-of-order execution.,Understand,0.98,2,explain,Easy,13
BANK_1527,Q27,Computer Organization and Architecture,Calculate total execution cycles for 100 instructions on a 5-stage pipeline with 20% branch stalls of 2 cycles.,Apply,0.98,3,calculate,Medium,18
BANK_1528,Q28,Computer Organization and Architecture,Determine the maximum number of DMA controller requests needed to transfer a 29.15 MB file with 16-bit count register.,Apply,0.98,3,determine,Medium,19
BANK_1529,Q29,Computer Organization and Architecture,Which 8085 hardware interrupt has the highest priority and is non-maskable (TRAP)?,Understand,0.5,2,N/A,Easy,12
BANK_1530,Q30,Computer Organization and Architecture,"Calculate speedup ratio of 4-stage pipeline with stage delays 800, 500, 400, 300 ps after splitting the 800 ps stage.",Apply,0.98,3,calculate,Medium,20
BANK_1531,Q31,Computer Organization and Architecture,[Computer Organization and Architecture Item #31] A processor with 16 general purpose registers uses 32-bit instructions. Calculate max number of unique opcodes with 8 addressing modes. (Variant B1),Apply,0.68,3,calculate,Medium,28
BANK_1532,Q32,Computer Organization and Architecture,"[Computer Organization and Architecture Item #32] A 32-bit processor supports 70 instructions with opcode, 2 registers (64 total), and immediate operand. Find max immediate value. (Variant B1)",Create,0.6,6,architecture,Medium,27
BANK_1533,Q33,Computer Organization and Architecture,[Computer Organization and Architecture Item #33] Calculate minimum clock cycles to compute XY + XYZ + YZ on a CPU with 12 general purpose registers. (Variant B1),Apply,0.6,3,calculate,Medium,27
BANK_1534,Q34,Computer Organization and Architecture,[Computer Organization and Architecture Item #34] A processor has 64 registers and 16-bit instruction format. Calculate max number of distinct R-type opcodes given 8 I-type opcodes. (Variant B1),Apply,0.6,3,calculate,Medium,28
BANK_1535,Q35,Computer Organization and Architecture,[Computer Organization and Architecture Item #35] Evaluate number of one-address instructions needed for X = (M + N x O) / (P x Q). (Variant B1),Create,0.6,6,architecture,Medium,26
BANK_1536,Q36,Computer Organization and Architecture,"[Computer Organization and Architecture Item #36] Determine contents of accumulator and flags after executing 8085 program: SUB A, MVI B 01H, DCR B, HLT. (Variant B1)",Apply,0.6,3,compute,Medium,26
BANK_1537,Q37,Computer Organization and Architecture,[Computer Organization and Architecture Item #37] Calculate stack pointer value after executing CALL instruction on a 16-bit processor with 2-byte registers. (Variant B1),Apply,0.6,3,calculate,Medium,23
BANK_1538,Q38,Computer Organization and Architecture,[Computer Organization and Architecture Item #38] A processor has 16 integer and 64 floating point registers with 2-byte instructions. Find max Type-4 instructions. (Variant B1),Create,0.6,6,architecture,Medium,25
BANK_1539,Q39,Computer Organization and Architecture,"[Computer Organization and Architecture Item #39] Which processor characteristics define a RISC architecture? (I. Register-to-register, II. Fixed length, III. Hardwired control). (Variant B1)",Create,0.6,6,architecture,Medium,23
BANK_1540,Q40,Computer Organization and Architecture,[Computer Organization and Architecture Item #40] Calculate total memory in bytes consumed by a program with 100 instructions on a 64-register processor. (Variant B1),Apply,0.6,3,calculate,Medium,24
BANK_1541,Q41,Computer Organization and Architecture,[Computer Organization and Architecture Item #41] Differentiate between Big-Endian and Little-Endian byte ordering systems in memory storage. (Variant B1),Create,0.6,6,architecture,Hard,19
BANK_1542,Q42,Computer Organization and Architecture,[Computer Organization and Architecture Item #42] Which addressing mode is most suitable for writing position-independent code? (Variant B1),Create,0.6,6,architecture,Hard,18
BANK_1543,Q43,Computer Organization and Architecture,[Computer Organization and Architecture Item #43] Calculate processor frequency ratio P2/P1 when P2 takes 25% less time with 20% higher CPI. (Variant B1),Apply,0.6,3,calculate,Medium,23
BANK_1544,Q44,Computer Organization and Architecture,"[Computer Organization and Architecture Item #44] Find the memory location accessed by instruction MOV [BX], AL in 8086 assembly. (Variant B1)",Create,0.6,6,architecture,Medium,21
BANK_1545,Q45,Computer Organization and Architecture,[Computer Organization and Architecture Item #45] Calculate maximum bandwidth of a direct-mapped 1 MB cache with 256-byte blocks and 3ns access time. (Variant B1),Apply,0.6,3,calculate,Medium,24
BANK_1546,Q46,Computer Organization and Architecture,[Computer Organization and Architecture Item #46] Calculate number of tag bits for a 64 KB 4-way set associative cache in a 32-bit byte-addressable memory system. (Variant B1),Apply,0.6,3,calculate,Medium,27
BANK_1547,Q47,Computer Organization and Architecture,[Computer Organization and Architecture Item #47] Differentiate between Write-Through and Write-Back cache memory write policies. (Variant B1),Create,0.6,6,architecture,Hard,17
BANK_1548,Q48,Computer Organization and Architecture,[Computer Organization and Architecture Item #48] Calculate average memory access time (AMAT) for L1/L2 cache system given hit rates and access latencies. (Variant B1),Apply,0.6,3,calculate,Medium,24
BANK_1549,Q49,Computer Organization and Architecture,[Computer Organization and Architecture Item #49] How many 32K x 1 RAM chips are needed to provide a total memory capacity of 256 KB? (Variant B1),Create,0.6,6,architecture,Medium,26
BANK_1550,Q50,Computer Organization and Architecture,[Computer Organization and Architecture Item #50] Calculate refresh overhead percentage for a DRAM chip requiring 100 refreshes per ms with 100ns per refresh cycle. (Variant B1),Apply,0.6,3,calculate,Medium,26
BANK_1551,Q51,Computer Organization and Architecture,"[Computer Organization and Architecture Item #51] Calculate total memory capacity of a hard disk with 16 surfaces, 16384 cylinders, and 64 sectors per track. (Variant B1)",Apply,0.6,3,calculate,Medium,26
BANK_1552,Q52,Computer Organization and Architecture,[Computer Organization and Architecture Item #52] Calculate average seek time and rotational latency for a 7200 RPM hard disk drive. (Variant B1),Apply,0.6,3,calculate,Medium,22
BANK_1553,Q53,Computer Organization and Architecture,[Computer Organization and Architecture Item #53] Compare ripple carry adder and carry lookahead adder in terms of propagation delay and gate count. (Variant B1),Create,0.6,6,architecture,Medium,24
BANK_1554,Q54,Computer Organization and Architecture,[Computer Organization and Architecture Item #54] Calculate speedup achieved by converting a non-pipelined 2.5 GHz CPU into a 5-stage 2 GHz pipelined CPU. (Variant B1),Apply,0.6,3,calculate,Medium,25
BANK_1555,Q55,Computer Organization and Architecture,"[Computer Organization and Architecture Item #55] Identify data hazards (RAW, WAR, WAW) in instruction sequence: I1: ADD R1,R2,R3; I2: MUL R7,R1,R3; I3: SUB R4,R1,R5. (Variant B1)",Create,0.6,6,architecture,Medium,26
BANK_1556,Q56,Computer Organization and Architecture,[Computer Organization and Architecture Item #56] Explain register renaming mechanism to eliminate WAR and WAW hazards in out-of-order execution. (Variant B1),Create,0.6,6,architecture,Medium,21
BANK_1557,Q57,Computer Organization and Architecture,[Computer Organization and Architecture Item #57] Calculate total execution cycles for 100 instructions on a 5-stage pipeline with 20% branch stalls of 2 cycles. (Variant B1),Apply,0.6,3,calculate,Medium,26
BANK_1558,Q58,Computer Organization and Architecture,[Computer Organization and Architecture Item #58] Determine the maximum number of DMA controller requests needed to transfer a 29.15 MB file with 16-bit count register. (Variant B1),Apply,0.6,3,compute,Medium,27
BANK_1559,Q59,Computer Organization and Architecture,[Computer Organization and Architecture Item #59] Which 8085 hardware interrupt has the highest priority and is non-maskable (TRAP)? (Variant B1),Create,0.6,6,architecture,Medium,20
BANK_1560,Q60,Computer Organization and Architecture,"[Computer Organization and Architecture Item #60] Calculate speedup ratio of 4-stage pipeline with stage delays 800, 500, 400, 300 ps after splitting the 800 ps stage. (Variant B1)",Apply,0.6,3,calculate,Medium,28
BANK_1561,Q61,Computer Organization and Architecture,[Computer Organization and Architecture Item #61] A processor with 16 general purpose registers uses 32-bit instructions. Calculate max number of unique opcodes with 8 addressing modes. (Variant B2),Apply,0.68,3,calculate,Medium,28
BANK_1562,Q62,Computer Organization and Architecture,"[Computer Organization and Architecture Item #62] A 32-bit processor supports 70 instructions with opcode, 2 registers (64 total), and immediate operand. Find max immediate value. (Variant B2)",Create,0.6,6,architecture,Medium,27
BANK_1563,Q63,Computer Organization and Architecture,[Computer Organization and Architecture Item #63] Calculate minimum clock cycles to compute XY + XYZ + YZ on a CPU with 12 general purpose registers. (Variant B2),Apply,0.6,3,calculate,Medium,27
BANK_1564,Q64,Computer Organization and Architecture,[Computer Organization and Architecture Item #64] A processor has 64 registers and 16-bit instruction format. Calculate max number of distinct R-type opcodes given 8 I-type opcodes. (Variant B2),Apply,0.6,3,calculate,Medium,28
BANK_1565,Q65,Computer Organization and Architecture,[Computer Organization and Architecture Item #65] Evaluate number of one-address instructions needed for X = (M + N x O) / (P x Q). (Variant B2),Create,0.6,6,architecture,Medium,26
BANK_1566,Q66,Computer Organization and Architecture,"[Computer Organization and Architecture Item #66] Determine contents of accumulator and flags after executing 8085 program: SUB A, MVI B 01H, DCR B, HLT. (Variant B2)",Apply,0.6,3,compute,Medium,26
BANK_1567,Q67,Computer Organization and Architecture,[Computer Organization and Architecture Item #67] Calculate stack pointer value after executing CALL instruction on a 16-bit processor with 2-byte registers. (Variant B2),Apply,0.6,3,calculate,Medium,23
BANK_1568,Q68,Computer Organization and Architecture,[Computer Organization and Architecture Item #68] A processor has 16 integer and 64 floating point registers with 2-byte instructions. Find max Type-4 instructions. (Variant B2),Create,0.6,6,architecture,Medium,25
BANK_1569,Q69,Computer Organization and Architecture,"[Computer Organization and Architecture Item #69] Which processor characteristics define a RISC architecture? (I. Register-to-register, II. Fixed length, III. Hardwired control). (Variant B2)",Create,0.6,6,architecture,Medium,23
BANK_1570,Q70,Computer Organization and Architecture,[Computer Organization and Architecture Item #70] Calculate total memory in bytes consumed by a program with 100 instructions on a 64-register processor. (Variant B2),Apply,0.6,3,calculate,Medium,24
BANK_1571,Q71,Computer Organization and Architecture,[Computer Organization and Architecture Item #71] Differentiate between Big-Endian and Little-Endian byte ordering systems in memory storage. (Variant B2),Create,0.6,6,architecture,Hard,19
BANK_1572,Q72,Computer Organization and Architecture,[Computer Organization and Architecture Item #72] Which addressing mode is most suitable for writing position-independent code? (Variant B2),Create,0.6,6,architecture,Hard,18
BANK_1573,Q73,Computer Organization and Architecture,[Computer Organization and Architecture Item #73] Calculate processor frequency ratio P2/P1 when P2 takes 25% less time with 20% higher CPI. (Variant B2),Apply,0.6,3,calculate,Medium,23
BANK_1574,Q74,Computer Organization and Architecture,"[Computer Organization and Architecture Item #74] Find the memory location accessed by instruction MOV [BX], AL in 8086 assembly. (Variant B2)",Create,0.6,6,architecture,Medium,21
BANK_1575,Q75,Computer Organization and Architecture,[Computer Organization and Architecture Item #75] Calculate maximum bandwidth of a direct-mapped 1 MB cache with 256-byte blocks and 3ns access time. (Variant B2),Apply,0.6,3,calculate,Medium,24
BANK_1576,Q76,Computer Organization and Architecture,[Computer Organization and Architecture Item #76] Calculate number of tag bits for a 64 KB 4-way set associative cache in a 32-bit byte-addressable memory system. (Variant B2),Apply,0.6,3,calculate,Medium,27
BANK_1577,Q77,Computer Organization and Architecture,[Computer Organization and Architecture Item #77] Differentiate between Write-Through and Write-Back cache memory write policies. (Variant B2),Create,0.6,6,architecture,Hard,17
BANK_1578,Q78,Computer Organization and Architecture,[Computer Organization and Architecture Item #78] Calculate average memory access time (AMAT) for L1/L2 cache system given hit rates and access latencies. (Variant B2),Apply,0.6,3,calculate,Medium,24
BANK_1579,Q79,Computer Organization and Architecture,[Computer Organization and Architecture Item #79] How many 32K x 1 RAM chips are needed to provide a total memory capacity of 256 KB? (Variant B2),Create,0.6,6,architecture,Medium,26
BANK_1580,Q80,Computer Organization and Architecture,[Computer Organization and Architecture Item #80] Calculate refresh overhead percentage for a DRAM chip requiring 100 refreshes per ms with 100ns per refresh cycle. (Variant B2),Apply,0.6,3,calculate,Medium,26
BANK_1581,Q81,Computer Organization and Architecture,"[Computer Organization and Architecture Item #81] Calculate total memory capacity of a hard disk with 16 surfaces, 16384 cylinders, and 64 sectors per track. (Variant B2)",Apply,0.6,3,calculate,Medium,26
BANK_1582,Q82,Computer Organization and Architecture,[Computer Organization and Architecture Item #82] Calculate average seek time and rotational latency for a 7200 RPM hard disk drive. (Variant B2),Apply,0.6,3,calculate,Medium,22
BANK_1583,Q83,Computer Organization and Architecture,[Computer Organization and Architecture Item #83] Compare ripple carry adder and carry lookahead adder in terms of propagation delay and gate count. (Variant B2),Create,0.6,6,architecture,Medium,24
BANK_1584,Q84,Computer Organization and Architecture,[Computer Organization and Architecture Item #84] Calculate speedup achieved by converting a non-pipelined 2.5 GHz CPU into a 5-stage 2 GHz pipelined CPU. (Variant B2),Apply,0.6,3,calculate,Medium,25
BANK_1585,Q85,Computer Organization and Architecture,"[Computer Organization and Architecture Item #85] Identify data hazards (RAW, WAR, WAW) in instruction sequence: I1: ADD R1,R2,R3; I2: MUL R7,R1,R3; I3: SUB R4,R1,R5. (Variant B2)",Create,0.6,6,architecture,Medium,26
BANK_1586,Q86,Computer Organization and Architecture,[Computer Organization and Architecture Item #86] Explain register renaming mechanism to eliminate WAR and WAW hazards in out-of-order execution. (Variant B2),Create,0.6,6,architecture,Medium,21
BANK_1587,Q87,Computer Organization and Architecture,[Computer Organization and Architecture Item #87] Calculate total execution cycles for 100 instructions on a 5-stage pipeline with 20% branch stalls of 2 cycles. (Variant B2),Apply,0.6,3,calculate,Medium,26
BANK_1588,Q88,Computer Organization and Architecture,[Computer Organization and Architecture Item #88] Determine the maximum number of DMA controller requests needed to transfer a 29.15 MB file with 16-bit count register. (Variant B2),Apply,0.6,3,compute,Medium,27
BANK_1589,Q89,Computer Organization and Architecture,[Computer Organization and Architecture Item #89] Which 8085 hardware interrupt has the highest priority and is non-maskable (TRAP)? (Variant B2),Create,0.6,6,architecture,Medium,20
BANK_1590,Q90,Computer Organization and Architecture,"[Computer Organization and Architecture Item #90] Calculate speedup ratio of 4-stage pipeline with stage delays 800, 500, 400, 300 ps after splitting the 800 ps stage. (Variant B2)",Apply,0.6,3,calculate,Medium,28
BANK_1591,Q91,Computer Organization and Architecture,[Computer Organization and Architecture Item #91] A processor with 16 general purpose registers uses 32-bit instructions. Calculate max number of unique opcodes with 8 addressing modes. (Variant B3),Apply,0.68,3,calculate,Medium,28
BANK_1592,Q92,Computer Organization and Architecture,"[Computer Organization and Architecture Item #92] A 32-bit processor supports 70 instructions with opcode, 2 registers (64 total), and immediate operand. Find max immediate value. (Variant B3)",Create,0.6,6,architecture,Medium,27
BANK_1593,Q93,Computer Organization and Architecture,[Computer Organization and Architecture Item #93] Calculate minimum clock cycles to compute XY + XYZ + YZ on a CPU with 12 general purpose registers. (Variant B3),Apply,0.6,3,calculate,Medium,27
BANK_1594,Q94,Computer Organization and Architecture,[Computer Organization and Architecture Item #94] A processor has 64 registers and 16-bit instruction format. Calculate max number of distinct R-type opcodes given 8 I-type opcodes. (Variant B3),Apply,0.6,3,calculate,Medium,28
BANK_1595,Q95,Computer Organization and Architecture,[Computer Organization and Architecture Item #95] Evaluate number of one-address instructions needed for X = (M + N x O) / (P x Q). (Variant B3),Create,0.6,6,architecture,Medium,26
BANK_1596,Q96,Computer Organization and Architecture,"[Computer Organization and Architecture Item #96] Determine contents of accumulator and flags after executing 8085 program: SUB A, MVI B 01H, DCR B, HLT. (Variant B3)",Apply,0.6,3,compute,Medium,26
BANK_1597,Q97,Computer Organization and Architecture,[Computer Organization and Architecture Item #97] Calculate stack pointer value after executing CALL instruction on a 16-bit processor with 2-byte registers. (Variant B3),Apply,0.6,3,calculate,Medium,23
BANK_1598,Q98,Computer Organization and Architecture,[Computer Organization and Architecture Item #98] A processor has 16 integer and 64 floating point registers with 2-byte instructions. Find max Type-4 instructions. (Variant B3),Create,0.6,6,architecture,Medium,25
BANK_1599,Q99,Computer Organization and Architecture,"[Computer Organization and Architecture Item #99] Which processor characteristics define a RISC architecture? (I. Register-to-register, II. Fixed length, III. Hardwired control). (Variant B3)",Create,0.6,6,architecture,Medium,23
BANK_1600,Q100,Computer Organization and Architecture,[Computer Organization and Architecture Item #100] Calculate total memory in bytes consumed by a program with 100 instructions on a 64-register processor. (Variant B3),Apply,0.6,3,calculate,Medium,24
BANK_1601,Q101,Computer Organization and Architecture,[Computer Organization and Architecture Item #101] Differentiate between Big-Endian and Little-Endian byte ordering systems in memory storage. (Variant B3),Create,0.6,6,architecture,Hard,19
BANK_1602,Q102,Computer Organization and Architecture,[Computer Organization and Architecture Item #102] Which addressing mode is most suitable for writing position-independent code? (Variant B3),Create,0.6,6,architecture,Hard,18
BANK_1603,Q103,Computer Organization and Architecture,[Computer Organization and Architecture Item #103] Calculate processor frequency ratio P2/P1 when P2 takes 25% less time with 20% higher CPI. (Variant B3),Apply,0.6,3,calculate,Medium,23
BANK_1604,Q104,Computer Organization and Architecture,"[Computer Organization and Architecture Item #104] Find the memory location accessed by instruction MOV [BX], AL in 8086 assembly. (Variant B3)",Create,0.6,6,architecture,Medium,21
BANK_1605,Q105,Computer Organization and Architecture,[Computer Organization and Architecture Item #105] Calculate maximum bandwidth of a direct-mapped 1 MB cache with 256-byte blocks and 3ns access time. (Variant B3),Apply,0.6,3,calculate,Medium,24
BANK_1606,Q106,Computer Organization and Architecture,[Computer Organization and Architecture Item #106] Calculate number of tag bits for a 64 KB 4-way set associative cache in a 32-bit byte-addressable memory system. (Variant B3),Apply,0.6,3,calculate,Medium,27
BANK_1607,Q107,Computer Organization and Architecture,[Computer Organization and Architecture Item #107] Differentiate between Write-Through and Write-Back cache memory write policies. (Variant B3),Create,0.6,6,architecture,Hard,17
BANK_1608,Q108,Computer Organization and Architecture,[Computer Organization and Architecture Item #108] Calculate average memory access time (AMAT) for L1/L2 cache system given hit rates and access latencies. (Variant B3),Apply,0.6,3,calculate,Medium,24
BANK_1609,Q109,Computer Organization and Architecture,[Computer Organization and Architecture Item #109] How many 32K x 1 RAM chips are needed to provide a total memory capacity of 256 KB? (Variant B3),Create,0.6,6,architecture,Medium,26
BANK_1610,Q110,Computer Organization and Architecture,[Computer Organization and Architecture Item #110] Calculate refresh overhead percentage for a DRAM chip requiring 100 refreshes per ms with 100ns per refresh cycle. (Variant B3),Apply,0.6,3,calculate,Medium,26
BANK_1611,Q111,Computer Organization and Architecture,"[Computer Organization and Architecture Item #111] Calculate total memory capacity of a hard disk with 16 surfaces, 16384 cylinders, and 64 sectors per track. (Variant B3)",Apply,0.6,3,calculate,Medium,26
BANK_1612,Q112,Computer Organization and Architecture,[Computer Organization and Architecture Item #112] Calculate average seek time and rotational latency for a 7200 RPM hard disk drive. (Variant B3),Apply,0.6,3,calculate,Medium,22
BANK_1613,Q113,Computer Organization and Architecture,[Computer Organization and Architecture Item #113] Compare ripple carry adder and carry lookahead adder in terms of propagation delay and gate count. (Variant B3),Create,0.6,6,architecture,Medium,24
BANK_1614,Q114,Computer Organization and Architecture,[Computer Organization and Architecture Item #114] Calculate speedup achieved by converting a non-pipelined 2.5 GHz CPU into a 5-stage 2 GHz pipelined CPU. (Variant B3),Apply,0.6,3,calculate,Medium,25
BANK_1615,Q115,Computer Organization and Architecture,"[Computer Organization and Architecture Item #115] Identify data hazards (RAW, WAR, WAW) in instruction sequence: I1: ADD R1,R2,R3; I2: MUL R7,R1,R3; I3: SUB R4,R1,R5. (Variant B3)",Create,0.6,6,architecture,Medium,26
BANK_1616,Q116,Computer Organization and Architecture,[Computer Organization and Architecture Item #116] Explain register renaming mechanism to eliminate WAR and WAW hazards in out-of-order execution. (Variant B3),Create,0.6,6,architecture,Medium,21
BANK_1617,Q117,Computer Organization and Architecture,[Computer Organization and Architecture Item #117] Calculate total execution cycles for 100 instructions on a 5-stage pipeline with 20% branch stalls of 2 cycles. (Variant B3),Apply,0.6,3,calculate,Medium,26
BANK_1618,Q118,Computer Organization and Architecture,[Computer Organization and Architecture Item #118] Determine the maximum number of DMA controller requests needed to transfer a 29.15 MB file with 16-bit count register. (Variant B3),Apply,0.6,3,compute,Medium,27
BANK_1619,Q119,Computer Organization and Architecture,[Computer Organization and Architecture Item #119] Which 8085 hardware interrupt has the highest priority and is non-maskable (TRAP)? (Variant B3),Create,0.6,6,architecture,Medium,20
BANK_1620,Q120,Computer Organization and Architecture,"[Computer Organization and Architecture Item #120] Calculate speedup ratio of 4-stage pipeline with stage delays 800, 500, 400, 300 ps after splitting the 800 ps stage. (Variant B3)",Apply,0.6,3,calculate,Medium,28
BANK_1621,Q121,Computer Organization and Architecture,[Computer Organization and Architecture Item #121] A processor with 16 general purpose registers uses 32-bit instructions. Calculate max number of unique opcodes with 8 addressing modes. (Variant B4),Apply,0.68,3,calculate,Medium,28
BANK_1622,Q122,Computer Organization and Architecture,"[Computer Organization and Architecture Item #122] A 32-bit processor supports 70 instructions with opcode, 2 registers (64 total), and immediate operand. Find max immediate value. (Variant B4)",Create,0.6,6,architecture,Medium,27
BANK_1623,Q123,Computer Organization and Architecture,[Computer Organization and Architecture Item #123] Calculate minimum clock cycles to compute XY + XYZ + YZ on a CPU with 12 general purpose registers. (Variant B4),Apply,0.6,3,calculate,Medium,27
BANK_1624,Q124,Computer Organization and Architecture,[Computer Organization and Architecture Item #124] A processor has 64 registers and 16-bit instruction format. Calculate max number of distinct R-type opcodes given 8 I-type opcodes. (Variant B4),Apply,0.6,3,calculate,Medium,28
BANK_1625,Q125,Computer Organization and Architecture,[Computer Organization and Architecture Item #125] Evaluate number of one-address instructions needed for X = (M + N x O) / (P x Q). (Variant B4),Create,0.6,6,architecture,Medium,26
BANK_1626,Q126,Computer Organization and Architecture,"[Computer Organization and Architecture Item #126] Determine contents of accumulator and flags after executing 8085 program: SUB A, MVI B 01H, DCR B, HLT. (Variant B4)",Apply,0.6,3,compute,Medium,26
BANK_1627,Q127,Computer Organization and Architecture,[Computer Organization and Architecture Item #127] Calculate stack pointer value after executing CALL instruction on a 16-bit processor with 2-byte registers. (Variant B4),Apply,0.6,3,calculate,Medium,23
BANK_1628,Q128,Computer Organization and Architecture,[Computer Organization and Architecture Item #128] A processor has 16 integer and 64 floating point registers with 2-byte instructions. Find max Type-4 instructions. (Variant B4),Create,0.6,6,architecture,Medium,25
BANK_1629,Q129,Computer Organization and Architecture,"[Computer Organization and Architecture Item #129] Which processor characteristics define a RISC architecture? (I. Register-to-register, II. Fixed length, III. Hardwired control). (Variant B4)",Create,0.6,6,architecture,Medium,23
BANK_1630,Q130,Computer Organization and Architecture,[Computer Organization and Architecture Item #130] Calculate total memory in bytes consumed by a program with 100 instructions on a 64-register processor. (Variant B4),Apply,0.6,3,calculate,Medium,24
BANK_1631,Q131,Computer Organization and Architecture,[Computer Organization and Architecture Item #131] Differentiate between Big-Endian and Little-Endian byte ordering systems in memory storage. (Variant B4),Create,0.6,6,architecture,Hard,19
BANK_1632,Q132,Computer Organization and Architecture,[Computer Organization and Architecture Item #132] Which addressing mode is most suitable for writing position-independent code? (Variant B4),Create,0.6,6,architecture,Hard,18
BANK_1633,Q133,Computer Organization and Architecture,[Computer Organization and Architecture Item #133] Calculate processor frequency ratio P2/P1 when P2 takes 25% less time with 20% higher CPI. (Variant B4),Apply,0.6,3,calculate,Medium,23
BANK_1634,Q134,Computer Organization and Architecture,"[Computer Organization and Architecture Item #134] Find the memory location accessed by instruction MOV [BX], AL in 8086 assembly. (Variant B4)",Create,0.6,6,architecture,Medium,21
BANK_1635,Q135,Computer Organization and Architecture,[Computer Organization and Architecture Item #135] Calculate maximum bandwidth of a direct-mapped 1 MB cache with 256-byte blocks and 3ns access time. (Variant B4),Apply,0.6,3,calculate,Medium,24
BANK_1636,Q136,Computer Organization and Architecture,[Computer Organization and Architecture Item #136] Calculate number of tag bits for a 64 KB 4-way set associative cache in a 32-bit byte-addressable memory system. (Variant B4),Apply,0.6,3,calculate,Medium,27
BANK_1637,Q137,Computer Organization and Architecture,[Computer Organization and Architecture Item #137] Differentiate between Write-Through and Write-Back cache memory write policies. (Variant B4),Create,0.6,6,architecture,Hard,17
BANK_1638,Q138,Computer Organization and Architecture,[Computer Organization and Architecture Item #138] Calculate average memory access time (AMAT) for L1/L2 cache system given hit rates and access latencies. (Variant B4),Apply,0.6,3,calculate,Medium,24
BANK_1639,Q139,Computer Organization and Architecture,[Computer Organization and Architecture Item #139] How many 32K x 1 RAM chips are needed to provide a total memory capacity of 256 KB? (Variant B4),Create,0.6,6,architecture,Medium,26
BANK_1640,Q140,Computer Organization and Architecture,[Computer Organization and Architecture Item #140] Calculate refresh overhead percentage for a DRAM chip requiring 100 refreshes per ms with 100ns per refresh cycle. (Variant B4),Apply,0.6,3,calculate,Medium,26
BANK_1641,Q141,Computer Organization and Architecture,"[Computer Organization and Architecture Item #141] Calculate total memory capacity of a hard disk with 16 surfaces, 16384 cylinders, and 64 sectors per track. (Variant B4)",Apply,0.6,3,calculate,Medium,26
BANK_1642,Q142,Computer Organization and Architecture,[Computer Organization and Architecture Item #142] Calculate average seek time and rotational latency for a 7200 RPM hard disk drive. (Variant B4),Apply,0.6,3,calculate,Medium,22
BANK_1643,Q143,Computer Organization and Architecture,[Computer Organization and Architecture Item #143] Compare ripple carry adder and carry lookahead adder in terms of propagation delay and gate count. (Variant B4),Create,0.6,6,architecture,Medium,24
BANK_1644,Q144,Computer Organization and Architecture,[Computer Organization and Architecture Item #144] Calculate speedup achieved by converting a non-pipelined 2.5 GHz CPU into a 5-stage 2 GHz pipelined CPU. (Variant B4),Apply,0.6,3,calculate,Medium,25
BANK_1645,Q145,Computer Organization and Architecture,"[Computer Organization and Architecture Item #145] Identify data hazards (RAW, WAR, WAW) in instruction sequence: I1: ADD R1,R2,R3; I2: MUL R7,R1,R3; I3: SUB R4,R1,R5. (Variant B4)",Create,0.6,6,architecture,Medium,26
BANK_1646,Q146,Computer Organization and Architecture,[Computer Organization and Architecture Item #146] Explain register renaming mechanism to eliminate WAR and WAW hazards in out-of-order execution. (Variant B4),Create,0.6,6,architecture,Medium,21
BANK_1647,Q147,Computer Organization and Architecture,[Computer Organization and Architecture Item #147] Calculate total execution cycles for 100 instructions on a 5-stage pipeline with 20% branch stalls of 2 cycles. (Variant B4),Apply,0.6,3,calculate,Medium,26
BANK_1648,Q148,Computer Organization and Architecture,[Computer Organization and Architecture Item #148] Determine the maximum number of DMA controller requests needed to transfer a 29.15 MB file with 16-bit count register. (Variant B4),Apply,0.6,3,compute,Medium,27
BANK_1649,Q149,Computer Organization and Architecture,[Computer Organization and Architecture Item #149] Which 8085 hardware interrupt has the highest priority and is non-maskable (TRAP)? (Variant B4),Create,0.6,6,architecture,Medium,20
BANK_1650,Q150,Computer Organization and Architecture,"[Computer Organization and Architecture Item #150] Calculate speedup ratio of 4-stage pipeline with stage delays 800, 500, 400, 300 ps after splitting the 800 ps stage. (Variant B4)",Apply,0.6,3,calculate,Medium,28
BANK_1651,Q151,Computer Organization and Architecture,[Computer Organization and Architecture Item #151] A processor with 16 general purpose registers uses 32-bit instructions. Calculate max number of unique opcodes with 8 addressing modes. (Variant B5),Apply,0.68,3,calculate,Medium,28
BANK_1652,Q152,Computer Organization and Architecture,"[Computer Organization and Architecture Item #152] A 32-bit processor supports 70 instructions with opcode, 2 registers (64 total), and immediate operand. Find max immediate value. (Variant B5)",Create,0.6,6,architecture,Medium,27
BANK_1653,Q153,Computer Organization and Architecture,[Computer Organization and Architecture Item #153] Calculate minimum clock cycles to compute XY + XYZ + YZ on a CPU with 12 general purpose registers. (Variant B5),Apply,0.6,3,calculate,Medium,27
BANK_1654,Q154,Computer Organization and Architecture,[Computer Organization and Architecture Item #154] A processor has 64 registers and 16-bit instruction format. Calculate max number of distinct R-type opcodes given 8 I-type opcodes. (Variant B5),Apply,0.6,3,calculate,Medium,28
BANK_1655,Q155,Computer Organization and Architecture,[Computer Organization and Architecture Item #155] Evaluate number of one-address instructions needed for X = (M + N x O) / (P x Q). (Variant B5),Create,0.6,6,architecture,Medium,26
BANK_1656,Q156,Computer Organization and Architecture,"[Computer Organization and Architecture Item #156] Determine contents of accumulator and flags after executing 8085 program: SUB A, MVI B 01H, DCR B, HLT. (Variant B5)",Apply,0.6,3,compute,Medium,26
BANK_1657,Q157,Computer Organization and Architecture,[Computer Organization and Architecture Item #157] Calculate stack pointer value after executing CALL instruction on a 16-bit processor with 2-byte registers. (Variant B5),Apply,0.6,3,calculate,Medium,23
BANK_1658,Q158,Computer Organization and Architecture,[Computer Organization and Architecture Item #158] A processor has 16 integer and 64 floating point registers with 2-byte instructions. Find max Type-4 instructions. (Variant B5),Create,0.6,6,architecture,Medium,25
BANK_1659,Q159,Computer Organization and Architecture,"[Computer Organization and Architecture Item #159] Which processor characteristics define a RISC architecture? (I. Register-to-register, II. Fixed length, III. Hardwired control). (Variant B5)",Create,0.6,6,architecture,Medium,23
BANK_1660,Q160,Computer Organization and Architecture,[Computer Organization and Architecture Item #160] Calculate total memory in bytes consumed by a program with 100 instructions on a 64-register processor. (Variant B5),Apply,0.6,3,calculate,Medium,24
BANK_1661,Q161,Computer Organization and Architecture,[Computer Organization and Architecture Item #161] Differentiate between Big-Endian and Little-Endian byte ordering systems in memory storage. (Variant B5),Create,0.6,6,architecture,Hard,19
BANK_1662,Q162,Computer Organization and Architecture,[Computer Organization and Architecture Item #162] Which addressing mode is most suitable for writing position-independent code? (Variant B5),Create,0.6,6,architecture,Hard,18
BANK_1663,Q163,Computer Organization and Architecture,[Computer Organization and Architecture Item #163] Calculate processor frequency ratio P2/P1 when P2 takes 25% less time with 20% higher CPI. (Variant B5),Apply,0.6,3,calculate,Medium,23
BANK_1664,Q164,Computer Organization and Architecture,"[Computer Organization and Architecture Item #164] Find the memory location accessed by instruction MOV [BX], AL in 8086 assembly. (Variant B5)",Create,0.6,6,architecture,Medium,21
BANK_1665,Q165,Computer Organization and Architecture,[Computer Organization and Architecture Item #165] Calculate maximum bandwidth of a direct-mapped 1 MB cache with 256-byte blocks and 3ns access time. (Variant B5),Apply,0.6,3,calculate,Medium,24
BANK_1666,Q166,Computer Organization and Architecture,[Computer Organization and Architecture Item #166] Calculate number of tag bits for a 64 KB 4-way set associative cache in a 32-bit byte-addressable memory system. (Variant B5),Apply,0.6,3,calculate,Medium,27
BANK_1667,Q167,Computer Organization and Architecture,[Computer Organization and Architecture Item #167] Differentiate between Write-Through and Write-Back cache memory write policies. (Variant B5),Create,0.6,6,architecture,Hard,17
BANK_1668,Q168,Computer Organization and Architecture,[Computer Organization and Architecture Item #168] Calculate average memory access time (AMAT) for L1/L2 cache system given hit rates and access latencies. (Variant B5),Apply,0.6,3,calculate,Medium,24
BANK_1669,Q169,Computer Organization and Architecture,[Computer Organization and Architecture Item #169] How many 32K x 1 RAM chips are needed to provide a total memory capacity of 256 KB? (Variant B5),Create,0.6,6,architecture,Medium,26
BANK_1670,Q170,Computer Organization and Architecture,[Computer Organization and Architecture Item #170] Calculate refresh overhead percentage for a DRAM chip requiring 100 refreshes per ms with 100ns per refresh cycle. (Variant B5),Apply,0.6,3,calculate,Medium,26
BANK_1671,Q171,Computer Organization and Architecture,"[Computer Organization and Architecture Item #171] Calculate total memory capacity of a hard disk with 16 surfaces, 16384 cylinders, and 64 sectors per track. (Variant B5)",Apply,0.6,3,calculate,Medium,26
BANK_1672,Q172,Computer Organization and Architecture,[Computer Organization and Architecture Item #172] Calculate average seek time and rotational latency for a 7200 RPM hard disk drive. (Variant B5),Apply,0.6,3,calculate,Medium,22
BANK_1673,Q173,Computer Organization and Architecture,[Computer Organization and Architecture Item #173] Compare ripple carry adder and carry lookahead adder in terms of propagation delay and gate count. (Variant B5),Create,0.6,6,architecture,Medium,24
BANK_1674,Q174,Computer Organization and Architecture,[Computer Organization and Architecture Item #174] Calculate speedup achieved by converting a non-pipelined 2.5 GHz CPU into a 5-stage 2 GHz pipelined CPU. (Variant B5),Apply,0.6,3,calculate,Medium,25
BANK_1675,Q175,Computer Organization and Architecture,"[Computer Organization and Architecture Item #175] Identify data hazards (RAW, WAR, WAW) in instruction sequence: I1: ADD R1,R2,R3; I2: MUL R7,R1,R3; I3: SUB R4,R1,R5. (Variant B5)",Create,0.6,6,architecture,Medium,26
BANK_1676,Q176,Computer Organization and Architecture,[Computer Organization and Architecture Item #176] Explain register renaming mechanism to eliminate WAR and WAW hazards in out-of-order execution. (Variant B5),Create,0.6,6,architecture,Medium,21
BANK_1677,Q177,Computer Organization and Architecture,[Computer Organization and Architecture Item #177] Calculate total execution cycles for 100 instructions on a 5-stage pipeline with 20% branch stalls of 2 cycles. (Variant B5),Apply,0.6,3,calculate,Medium,26
BANK_1678,Q178,Computer Organization and Architecture,[Computer Organization and Architecture Item #178] Determine the maximum number of DMA controller requests needed to transfer a 29.15 MB file with 16-bit count register. (Variant B5),Apply,0.6,3,compute,Medium,27
BANK_1679,Q179,Computer Organization and Architecture,[Computer Organization and Architecture Item #179] Which 8085 hardware interrupt has the highest priority and is non-maskable (TRAP)? (Variant B5),Create,0.6,6,architecture,Medium,20
BANK_1680,Q180,Computer Organization and Architecture,"[Computer Organization and Architecture Item #180] Calculate speedup ratio of 4-stage pipeline with stage delays 800, 500, 400, 300 ps after splitting the 800 ps stage. (Variant B5)",Apply,0.6,3,calculate,Medium,28
BANK_1681,Q181,Computer Organization and Architecture,[Computer Organization and Architecture Item #181] A processor with 16 general purpose registers uses 32-bit instructions. Calculate max number of unique opcodes with 8 addressing modes. (Variant B6),Apply,0.68,3,calculate,Medium,28
BANK_1682,Q182,Computer Organization and Architecture,"[Computer Organization and Architecture Item #182] A 32-bit processor supports 70 instructions with opcode, 2 registers (64 total), and immediate operand. Find max immediate value. (Variant B6)",Create,0.6,6,architecture,Medium,27
BANK_1683,Q183,Computer Organization and Architecture,[Computer Organization and Architecture Item #183] Calculate minimum clock cycles to compute XY + XYZ + YZ on a CPU with 12 general purpose registers. (Variant B6),Apply,0.6,3,calculate,Medium,27
BANK_1684,Q184,Computer Organization and Architecture,[Computer Organization and Architecture Item #184] A processor has 64 registers and 16-bit instruction format. Calculate max number of distinct R-type opcodes given 8 I-type opcodes. (Variant B6),Apply,0.6,3,calculate,Medium,28
BANK_1685,Q185,Computer Organization and Architecture,[Computer Organization and Architecture Item #185] Evaluate number of one-address instructions needed for X = (M + N x O) / (P x Q). (Variant B6),Create,0.6,6,architecture,Medium,26
BANK_1686,Q186,Computer Organization and Architecture,"[Computer Organization and Architecture Item #186] Determine contents of accumulator and flags after executing 8085 program: SUB A, MVI B 01H, DCR B, HLT. (Variant B6)",Apply,0.6,3,compute,Medium,26
BANK_1687,Q187,Computer Organization and Architecture,[Computer Organization and Architecture Item #187] Calculate stack pointer value after executing CALL instruction on a 16-bit processor with 2-byte registers. (Variant B6),Apply,0.6,3,calculate,Medium,23
BANK_1688,Q188,Computer Organization and Architecture,[Computer Organization and Architecture Item #188] A processor has 16 integer and 64 floating point registers with 2-byte instructions. Find max Type-4 instructions. (Variant B6),Create,0.6,6,architecture,Medium,25
BANK_1689,Q189,Computer Organization and Architecture,"[Computer Organization and Architecture Item #189] Which processor characteristics define a RISC architecture? (I. Register-to-register, II. Fixed length, III. Hardwired control). (Variant B6)",Create,0.6,6,architecture,Medium,23
BANK_1690,Q190,Computer Organization and Architecture,[Computer Organization and Architecture Item #190] Calculate total memory in bytes consumed by a program with 100 instructions on a 64-register processor. (Variant B6),Apply,0.6,3,calculate,Medium,24
BANK_1691,Q191,Computer Organization and Architecture,[Computer Organization and Architecture Item #191] Differentiate between Big-Endian and Little-Endian byte ordering systems in memory storage. (Variant B6),Create,0.6,6,architecture,Hard,19
BANK_1692,Q192,Computer Organization and Architecture,[Computer Organization and Architecture Item #192] Which addressing mode is most suitable for writing position-independent code? (Variant B6),Create,0.6,6,architecture,Hard,18
BANK_1693,Q193,Computer Organization and Architecture,[Computer Organization and Architecture Item #193] Calculate processor frequency ratio P2/P1 when P2 takes 25% less time with 20% higher CPI. (Variant B6),Apply,0.6,3,calculate,Medium,23
BANK_1694,Q194,Computer Organization and Architecture,"[Computer Organization and Architecture Item #194] Find the memory location accessed by instruction MOV [BX], AL in 8086 assembly. (Variant B6)",Create,0.6,6,architecture,Medium,21
BANK_1695,Q195,Computer Organization and Architecture,[Computer Organization and Architecture Item #195] Calculate maximum bandwidth of a direct-mapped 1 MB cache with 256-byte blocks and 3ns access time. (Variant B6),Apply,0.6,3,calculate,Medium,24
BANK_1696,Q196,Computer Organization and Architecture,[Computer Organization and Architecture Item #196] Calculate number of tag bits for a 64 KB 4-way set associative cache in a 32-bit byte-addressable memory system. (Variant B6),Apply,0.6,3,calculate,Medium,27
BANK_1697,Q197,Computer Organization and Architecture,[Computer Organization and Architecture Item #197] Differentiate between Write-Through and Write-Back cache memory write policies. (Variant B6),Create,0.6,6,architecture,Hard,17
BANK_1698,Q198,Computer Organization and Architecture,[Computer Organization and Architecture Item #198] Calculate average memory access time (AMAT) for L1/L2 cache system given hit rates and access latencies. (Variant B6),Apply,0.6,3,calculate,Medium,24
BANK_1699,Q199,Computer Organization and Architecture,[Computer Organization and Architecture Item #199] How many 32K x 1 RAM chips are needed to provide a total memory capacity of 256 KB? (Variant B6),Create,0.6,6,architecture,Medium,26
BANK_1700,Q200,Computer Organization and Architecture,[Computer Organization and Architecture Item #200] Calculate refresh overhead percentage for a DRAM chip requiring 100 refreshes per ms with 100ns per refresh cycle. (Variant B6),Apply,0.6,3,calculate,Medium,26
BANK_1701,Q201,Computer Organization and Architecture,"[Computer Organization and Architecture Item #201] Calculate total memory capacity of a hard disk with 16 surfaces, 16384 cylinders, and 64 sectors per track. (Variant B6)",Apply,0.6,3,calculate,Medium,26
BANK_1702,Q202,Computer Organization and Architecture,[Computer Organization and Architecture Item #202] Calculate average seek time and rotational latency for a 7200 RPM hard disk drive. (Variant B6),Apply,0.6,3,calculate,Medium,22
BANK_1703,Q203,Computer Organization and Architecture,[Computer Organization and Architecture Item #203] Compare ripple carry adder and carry lookahead adder in terms of propagation delay and gate count. (Variant B6),Create,0.6,6,architecture,Medium,24
BANK_1704,Q204,Computer Organization and Architecture,[Computer Organization and Architecture Item #204] Calculate speedup achieved by converting a non-pipelined 2.5 GHz CPU into a 5-stage 2 GHz pipelined CPU. (Variant B6),Apply,0.6,3,calculate,Medium,25
BANK_1705,Q205,Computer Organization and Architecture,"[Computer Organization and Architecture Item #205] Identify data hazards (RAW, WAR, WAW) in instruction sequence: I1: ADD R1,R2,R3; I2: MUL R7,R1,R3; I3: SUB R4,R1,R5. (Variant B6)",Create,0.6,6,architecture,Medium,26
BANK_1706,Q206,Computer Organization and Architecture,[Computer Organization and Architecture Item #206] Explain register renaming mechanism to eliminate WAR and WAW hazards in out-of-order execution. (Variant B6),Create,0.6,6,architecture,Medium,21
BANK_1707,Q207,Computer Organization and Architecture,[Computer Organization and Architecture Item #207] Calculate total execution cycles for 100 instructions on a 5-stage pipeline with 20% branch stalls of 2 cycles. (Variant B6),Apply,0.6,3,calculate,Medium,26
BANK_1708,Q208,Computer Organization and Architecture,[Computer Organization and Architecture Item #208] Determine the maximum number of DMA controller requests needed to transfer a 29.15 MB file with 16-bit count register. (Variant B6),Apply,0.6,3,compute,Medium,27
BANK_1709,Q209,Computer Organization and Architecture,[Computer Organization and Architecture Item #209] Which 8085 hardware interrupt has the highest priority and is non-maskable (TRAP)? (Variant B6),Create,0.6,6,architecture,Medium,20
BANK_1710,Q210,Computer Organization and Architecture,"[Computer Organization and Architecture Item #210] Calculate speedup ratio of 4-stage pipeline with stage delays 800, 500, 400, 300 ps after splitting the 800 ps stage. (Variant B6)",Apply,0.6,3,calculate,Medium,28
BANK_1711,Q211,Computer Organization and Architecture,[Computer Organization and Architecture Item #211] A processor with 16 general purpose registers uses 32-bit instructions. Calculate max number of unique opcodes with 8 addressing modes. (Variant B7),Apply,0.68,3,calculate,Medium,28
BANK_1712,Q212,Computer Organization and Architecture,"[Computer Organization and Architecture Item #212] A 32-bit processor supports 70 instructions with opcode, 2 registers (64 total), and immediate operand. Find max immediate value. (Variant B7)",Create,0.6,6,architecture,Medium,27
BANK_1713,Q213,Computer Organization and Architecture,[Computer Organization and Architecture Item #213] Calculate minimum clock cycles to compute XY + XYZ + YZ on a CPU with 12 general purpose registers. (Variant B7),Apply,0.6,3,calculate,Medium,27
BANK_1714,Q214,Computer Organization and Architecture,[Computer Organization and Architecture Item #214] A processor has 64 registers and 16-bit instruction format. Calculate max number of distinct R-type opcodes given 8 I-type opcodes. (Variant B7),Apply,0.6,3,calculate,Medium,28
BANK_1715,Q215,Computer Organization and Architecture,[Computer Organization and Architecture Item #215] Evaluate number of one-address instructions needed for X = (M + N x O) / (P x Q). (Variant B7),Create,0.6,6,architecture,Medium,26
BANK_1716,Q216,Computer Organization and Architecture,"[Computer Organization and Architecture Item #216] Determine contents of accumulator and flags after executing 8085 program: SUB A, MVI B 01H, DCR B, HLT. (Variant B7)",Apply,0.6,3,compute,Medium,26
BANK_1717,Q217,Computer Organization and Architecture,[Computer Organization and Architecture Item #217] Calculate stack pointer value after executing CALL instruction on a 16-bit processor with 2-byte registers. (Variant B7),Apply,0.6,3,calculate,Medium,23
BANK_1718,Q218,Computer Organization and Architecture,[Computer Organization and Architecture Item #218] A processor has 16 integer and 64 floating point registers with 2-byte instructions. Find max Type-4 instructions. (Variant B7),Create,0.6,6,architecture,Medium,25
BANK_1719,Q219,Computer Organization and Architecture,"[Computer Organization and Architecture Item #219] Which processor characteristics define a RISC architecture? (I. Register-to-register, II. Fixed length, III. Hardwired control). (Variant B7)",Create,0.6,6,architecture,Medium,23
BANK_1720,Q220,Computer Organization and Architecture,[Computer Organization and Architecture Item #220] Calculate total memory in bytes consumed by a program with 100 instructions on a 64-register processor. (Variant B7),Apply,0.6,3,calculate,Medium,24
BANK_1721,Q221,Computer Organization and Architecture,[Computer Organization and Architecture Item #221] Differentiate between Big-Endian and Little-Endian byte ordering systems in memory storage. (Variant B7),Create,0.6,6,architecture,Hard,19
BANK_1722,Q222,Computer Organization and Architecture,[Computer Organization and Architecture Item #222] Which addressing mode is most suitable for writing position-independent code? (Variant B7),Create,0.6,6,architecture,Hard,18
BANK_1723,Q223,Computer Organization and Architecture,[Computer Organization and Architecture Item #223] Calculate processor frequency ratio P2/P1 when P2 takes 25% less time with 20% higher CPI. (Variant B7),Apply,0.6,3,calculate,Medium,23
BANK_1724,Q224,Computer Organization and Architecture,"[Computer Organization and Architecture Item #224] Find the memory location accessed by instruction MOV [BX], AL in 8086 assembly. (Variant B7)",Create,0.6,6,architecture,Medium,21
BANK_1725,Q225,Computer Organization and Architecture,[Computer Organization and Architecture Item #225] Calculate maximum bandwidth of a direct-mapped 1 MB cache with 256-byte blocks and 3ns access time. (Variant B7),Apply,0.6,3,calculate,Medium,24
BANK_1726,Q226,Computer Organization and Architecture,[Computer Organization and Architecture Item #226] Calculate number of tag bits for a 64 KB 4-way set associative cache in a 32-bit byte-addressable memory system. (Variant B7),Apply,0.6,3,calculate,Medium,27
BANK_1727,Q227,Computer Organization and Architecture,[Computer Organization and Architecture Item #227] Differentiate between Write-Through and Write-Back cache memory write policies. (Variant B7),Create,0.6,6,architecture,Hard,17
BANK_1728,Q228,Computer Organization and Architecture,[Computer Organization and Architecture Item #228] Calculate average memory access time (AMAT) for L1/L2 cache system given hit rates and access latencies. (Variant B7),Apply,0.6,3,calculate,Medium,24
BANK_1729,Q229,Computer Organization and Architecture,[Computer Organization and Architecture Item #229] How many 32K x 1 RAM chips are needed to provide a total memory capacity of 256 KB? (Variant B7),Create,0.6,6,architecture,Medium,26
BANK_1730,Q230,Computer Organization and Architecture,[Computer Organization and Architecture Item #230] Calculate refresh overhead percentage for a DRAM chip requiring 100 refreshes per ms with 100ns per refresh cycle. (Variant B7),Apply,0.6,3,calculate,Medium,26
BANK_1731,Q231,Computer Organization and Architecture,"[Computer Organization and Architecture Item #231] Calculate total memory capacity of a hard disk with 16 surfaces, 16384 cylinders, and 64 sectors per track. (Variant B7)",Apply,0.6,3,calculate,Medium,26
BANK_1732,Q232,Computer Organization and Architecture,[Computer Organization and Architecture Item #232] Calculate average seek time and rotational latency for a 7200 RPM hard disk drive. (Variant B7),Apply,0.6,3,calculate,Medium,22
BANK_1733,Q233,Computer Organization and Architecture,[Computer Organization and Architecture Item #233] Compare ripple carry adder and carry lookahead adder in terms of propagation delay and gate count. (Variant B7),Create,0.6,6,architecture,Medium,24
BANK_1734,Q234,Computer Organization and Architecture,[Computer Organization and Architecture Item #234] Calculate speedup achieved by converting a non-pipelined 2.5 GHz CPU into a 5-stage 2 GHz pipelined CPU. (Variant B7),Apply,0.6,3,calculate,Medium,25
BANK_1735,Q235,Computer Organization and Architecture,"[Computer Organization and Architecture Item #235] Identify data hazards (RAW, WAR, WAW) in instruction sequence: I1: ADD R1,R2,R3; I2: MUL R7,R1,R3; I3: SUB R4,R1,R5. (Variant B7)",Create,0.6,6,architecture,Medium,26
BANK_1736,Q236,Computer Organization and Architecture,[Computer Organization and Architecture Item #236] Explain register renaming mechanism to eliminate WAR and WAW hazards in out-of-order execution. (Variant B7),Create,0.6,6,architecture,Medium,21
BANK_1737,Q237,Computer Organization and Architecture,[Computer Organization and Architecture Item #237] Calculate total execution cycles for 100 instructions on a 5-stage pipeline with 20% branch stalls of 2 cycles. (Variant B7),Apply,0.6,3,calculate,Medium,26
BANK_1738,Q238,Computer Organization and Architecture,[Computer Organization and Architecture Item #238] Determine the maximum number of DMA controller requests needed to transfer a 29.15 MB file with 16-bit count register. (Variant B7),Apply,0.6,3,compute,Medium,27
BANK_1739,Q239,Computer Organization and Architecture,[Computer Organization and Architecture Item #239] Which 8085 hardware interrupt has the highest priority and is non-maskable (TRAP)? (Variant B7),Create,0.6,6,architecture,Medium,20
BANK_1740,Q240,Computer Organization and Architecture,"[Computer Organization and Architecture Item #240] Calculate speedup ratio of 4-stage pipeline with stage delays 800, 500, 400, 300 ps after splitting the 800 ps stage. (Variant B7)",Apply,0.6,3,calculate,Medium,28
BANK_1741,Q241,Computer Organization and Architecture,[Computer Organization and Architecture Item #241] A processor with 16 general purpose registers uses 32-bit instructions. Calculate max number of unique opcodes with 8 addressing modes. (Variant B8),Apply,0.68,3,calculate,Medium,28
BANK_1742,Q242,Computer Organization and Architecture,"[Computer Organization and Architecture Item #242] A 32-bit processor supports 70 instructions with opcode, 2 registers (64 total), and immediate operand. Find max immediate value. (Variant B8)",Create,0.6,6,architecture,Medium,27
BANK_1743,Q243,Computer Organization and Architecture,[Computer Organization and Architecture Item #243] Calculate minimum clock cycles to compute XY + XYZ + YZ on a CPU with 12 general purpose registers. (Variant B8),Apply,0.6,3,calculate,Medium,27
BANK_1744,Q244,Computer Organization and Architecture,[Computer Organization and Architecture Item #244] A processor has 64 registers and 16-bit instruction format. Calculate max number of distinct R-type opcodes given 8 I-type opcodes. (Variant B8),Apply,0.6,3,calculate,Medium,28
BANK_1745,Q245,Computer Organization and Architecture,[Computer Organization and Architecture Item #245] Evaluate number of one-address instructions needed for X = (M + N x O) / (P x Q). (Variant B8),Create,0.6,6,architecture,Medium,26
BANK_1746,Q246,Computer Organization and Architecture,"[Computer Organization and Architecture Item #246] Determine contents of accumulator and flags after executing 8085 program: SUB A, MVI B 01H, DCR B, HLT. (Variant B8)",Apply,0.6,3,compute,Medium,26
BANK_1747,Q247,Computer Organization and Architecture,[Computer Organization and Architecture Item #247] Calculate stack pointer value after executing CALL instruction on a 16-bit processor with 2-byte registers. (Variant B8),Apply,0.6,3,calculate,Medium,23
BANK_1748,Q248,Computer Organization and Architecture,[Computer Organization and Architecture Item #248] A processor has 16 integer and 64 floating point registers with 2-byte instructions. Find max Type-4 instructions. (Variant B8),Create,0.6,6,architecture,Medium,25
BANK_1749,Q249,Computer Organization and Architecture,"[Computer Organization and Architecture Item #249] Which processor characteristics define a RISC architecture? (I. Register-to-register, II. Fixed length, III. Hardwired control). (Variant B8)",Create,0.6,6,architecture,Medium,23
BANK_1750,Q250,Computer Organization and Architecture,[Computer Organization and Architecture Item #250] Calculate total memory in bytes consumed by a program with 100 instructions on a 64-register processor. (Variant B8),Apply,0.6,3,calculate,Medium,24
BANK_1751,Q251,Computer Organization and Architecture,[Computer Organization and Architecture Item #251] Differentiate between Big-Endian and Little-Endian byte ordering systems in memory storage. (Variant B8),Create,0.6,6,architecture,Hard,19
BANK_1752,Q252,Computer Organization and Architecture,[Computer Organization and Architecture Item #252] Which addressing mode is most suitable for writing position-independent code? (Variant B8),Create,0.6,6,architecture,Hard,18
BANK_1753,Q253,Computer Organization and Architecture,[Computer Organization and Architecture Item #253] Calculate processor frequency ratio P2/P1 when P2 takes 25% less time with 20% higher CPI. (Variant B8),Apply,0.6,3,calculate,Medium,23
BANK_1754,Q254,Computer Organization and Architecture,"[Computer Organization and Architecture Item #254] Find the memory location accessed by instruction MOV [BX], AL in 8086 assembly. (Variant B8)",Create,0.6,6,architecture,Medium,21
BANK_1755,Q255,Computer Organization and Architecture,[Computer Organization and Architecture Item #255] Calculate maximum bandwidth of a direct-mapped 1 MB cache with 256-byte blocks and 3ns access time. (Variant B8),Apply,0.6,3,calculate,Medium,24
BANK_1756,Q256,Computer Organization and Architecture,[Computer Organization and Architecture Item #256] Calculate number of tag bits for a 64 KB 4-way set associative cache in a 32-bit byte-addressable memory system. (Variant B8),Apply,0.6,3,calculate,Medium,27
BANK_1757,Q257,Computer Organization and Architecture,[Computer Organization and Architecture Item #257] Differentiate between Write-Through and Write-Back cache memory write policies. (Variant B8),Create,0.6,6,architecture,Hard,17
BANK_1758,Q258,Computer Organization and Architecture,[Computer Organization and Architecture Item #258] Calculate average memory access time (AMAT) for L1/L2 cache system given hit rates and access latencies. (Variant B8),Apply,0.6,3,calculate,Medium,24
BANK_1759,Q259,Computer Organization and Architecture,[Computer Organization and Architecture Item #259] How many 32K x 1 RAM chips are needed to provide a total memory capacity of 256 KB? (Variant B8),Create,0.6,6,architecture,Medium,26
BANK_1760,Q260,Computer Organization and Architecture,[Computer Organization and Architecture Item #260] Calculate refresh overhead percentage for a DRAM chip requiring 100 refreshes per ms with 100ns per refresh cycle. (Variant B8),Apply,0.6,3,calculate,Medium,26
BANK_1761,Q261,Computer Organization and Architecture,"[Computer Organization and Architecture Item #261] Calculate total memory capacity of a hard disk with 16 surfaces, 16384 cylinders, and 64 sectors per track. (Variant B8)",Apply,0.6,3,calculate,Medium,26
BANK_1762,Q262,Computer Organization and Architecture,[Computer Organization and Architecture Item #262] Calculate average seek time and rotational latency for a 7200 RPM hard disk drive. (Variant B8),Apply,0.6,3,calculate,Medium,22
BANK_1763,Q263,Computer Organization and Architecture,[Computer Organization and Architecture Item #263] Compare ripple carry adder and carry lookahead adder in terms of propagation delay and gate count. (Variant B8),Create,0.6,6,architecture,Medium,24
BANK_1764,Q264,Computer Organization and Architecture,[Computer Organization and Architecture Item #264] Calculate speedup achieved by converting a non-pipelined 2.5 GHz CPU into a 5-stage 2 GHz pipelined CPU. (Variant B8),Apply,0.6,3,calculate,Medium,25
BANK_1765,Q265,Computer Organization and Architecture,"[Computer Organization and Architecture Item #265] Identify data hazards (RAW, WAR, WAW) in instruction sequence: I1: ADD R1,R2,R3; I2: MUL R7,R1,R3; I3: SUB R4,R1,R5. (Variant B8)",Create,0.6,6,architecture,Medium,26
BANK_1766,Q266,Computer Organization and Architecture,[Computer Organization and Architecture Item #266] Explain register renaming mechanism to eliminate WAR and WAW hazards in out-of-order execution. (Variant B8),Create,0.6,6,architecture,Medium,21
BANK_1767,Q267,Computer Organization and Architecture,[Computer Organization and Architecture Item #267] Calculate total execution cycles for 100 instructions on a 5-stage pipeline with 20% branch stalls of 2 cycles. (Variant B8),Apply,0.6,3,calculate,Medium,26
BANK_1768,Q268,Computer Organization and Architecture,[Computer Organization and Architecture Item #268] Determine the maximum number of DMA controller requests needed to transfer a 29.15 MB file with 16-bit count register. (Variant B8),Apply,0.6,3,compute,Medium,27
BANK_1769,Q269,Computer Organization and Architecture,[Computer Organization and Architecture Item #269] Which 8085 hardware interrupt has the highest priority and is non-maskable (TRAP)? (Variant B8),Create,0.6,6,architecture,Medium,20
BANK_1770,Q270,Computer Organization and Architecture,"[Computer Organization and Architecture Item #270] Calculate speedup ratio of 4-stage pipeline with stage delays 800, 500, 400, 300 ps after splitting the 800 ps stage. (Variant B8)",Apply,0.6,3,calculate,Medium,28
BANK_1771,Q271,Computer Organization and Architecture,[Computer Organization and Architecture Item #271] A processor with 16 general purpose registers uses 32-bit instructions. Calculate max number of unique opcodes with 8 addressing modes. (Variant B9),Apply,0.68,3,calculate,Medium,28
BANK_1772,Q272,Computer Organization and Architecture,"[Computer Organization and Architecture Item #272] A 32-bit processor supports 70 instructions with opcode, 2 registers (64 total), and immediate operand. Find max immediate value. (Variant B9)",Create,0.6,6,architecture,Medium,27
BANK_1773,Q273,Computer Organization and Architecture,[Computer Organization and Architecture Item #273] Calculate minimum clock cycles to compute XY + XYZ + YZ on a CPU with 12 general purpose registers. (Variant B9),Apply,0.6,3,calculate,Medium,27
BANK_1774,Q274,Computer Organization and Architecture,[Computer Organization and Architecture Item #274] A processor has 64 registers and 16-bit instruction format. Calculate max number of distinct R-type opcodes given 8 I-type opcodes. (Variant B9),Apply,0.6,3,calculate,Medium,28
BANK_1775,Q275,Computer Organization and Architecture,[Computer Organization and Architecture Item #275] Evaluate number of one-address instructions needed for X = (M + N x O) / (P x Q). (Variant B9),Create,0.6,6,architecture,Medium,26
BANK_1776,Q276,Computer Organization and Architecture,"[Computer Organization and Architecture Item #276] Determine contents of accumulator and flags after executing 8085 program: SUB A, MVI B 01H, DCR B, HLT. (Variant B9)",Apply,0.6,3,compute,Medium,26
BANK_1777,Q277,Computer Organization and Architecture,[Computer Organization and Architecture Item #277] Calculate stack pointer value after executing CALL instruction on a 16-bit processor with 2-byte registers. (Variant B9),Apply,0.6,3,calculate,Medium,23
BANK_1778,Q278,Computer Organization and Architecture,[Computer Organization and Architecture Item #278] A processor has 16 integer and 64 floating point registers with 2-byte instructions. Find max Type-4 instructions. (Variant B9),Create,0.6,6,architecture,Medium,25
BANK_1779,Q279,Computer Organization and Architecture,"[Computer Organization and Architecture Item #279] Which processor characteristics define a RISC architecture? (I. Register-to-register, II. Fixed length, III. Hardwired control). (Variant B9)",Create,0.6,6,architecture,Medium,23
BANK_1780,Q280,Computer Organization and Architecture,[Computer Organization and Architecture Item #280] Calculate total memory in bytes consumed by a program with 100 instructions on a 64-register processor. (Variant B9),Apply,0.6,3,calculate,Medium,24
BANK_1781,Q281,Computer Organization and Architecture,[Computer Organization and Architecture Item #281] Differentiate between Big-Endian and Little-Endian byte ordering systems in memory storage. (Variant B9),Create,0.6,6,architecture,Hard,19
BANK_1782,Q282,Computer Organization and Architecture,[Computer Organization and Architecture Item #282] Which addressing mode is most suitable for writing position-independent code? (Variant B9),Create,0.6,6,architecture,Hard,18
BANK_1783,Q283,Computer Organization and Architecture,[Computer Organization and Architecture Item #283] Calculate processor frequency ratio P2/P1 when P2 takes 25% less time with 20% higher CPI. (Variant B9),Apply,0.6,3,calculate,Medium,23
BANK_1784,Q284,Computer Organization and Architecture,"[Computer Organization and Architecture Item #284] Find the memory location accessed by instruction MOV [BX], AL in 8086 assembly. (Variant B9)",Create,0.6,6,architecture,Medium,21
BANK_1785,Q285,Computer Organization and Architecture,[Computer Organization and Architecture Item #285] Calculate maximum bandwidth of a direct-mapped 1 MB cache with 256-byte blocks and 3ns access time. (Variant B9),Apply,0.6,3,calculate,Medium,24
BANK_1786,Q286,Computer Organization and Architecture,[Computer Organization and Architecture Item #286] Calculate number of tag bits for a 64 KB 4-way set associative cache in a 32-bit byte-addressable memory system. (Variant B9),Apply,0.6,3,calculate,Medium,27
BANK_1787,Q287,Computer Organization and Architecture,[Computer Organization and Architecture Item #287] Differentiate between Write-Through and Write-Back cache memory write policies. (Variant B9),Create,0.6,6,architecture,Hard,17
BANK_1788,Q288,Computer Organization and Architecture,[Computer Organization and Architecture Item #288] Calculate average memory access time (AMAT) for L1/L2 cache system given hit rates and access latencies. (Variant B9),Apply,0.6,3,calculate,Medium,24
BANK_1789,Q289,Computer Organization and Architecture,[Computer Organization and Architecture Item #289] How many 32K x 1 RAM chips are needed to provide a total memory capacity of 256 KB? (Variant B9),Create,0.6,6,architecture,Medium,26
BANK_1790,Q290,Computer Organization and Architecture,[Computer Organization and Architecture Item #290] Calculate refresh overhead percentage for a DRAM chip requiring 100 refreshes per ms with 100ns per refresh cycle. (Variant B9),Apply,0.6,3,calculate,Medium,26
BANK_1791,Q291,Computer Organization and Architecture,"[Computer Organization and Architecture Item #291] Calculate total memory capacity of a hard disk with 16 surfaces, 16384 cylinders, and 64 sectors per track. (Variant B9)",Apply,0.6,3,calculate,Medium,26
BANK_1792,Q292,Computer Organization and Architecture,[Computer Organization and Architecture Item #292] Calculate average seek time and rotational latency for a 7200 RPM hard disk drive. (Variant B9),Apply,0.6,3,calculate,Medium,22
BANK_1793,Q293,Computer Organization and Architecture,[Computer Organization and Architecture Item #293] Compare ripple carry adder and carry lookahead adder in terms of propagation delay and gate count. (Variant B9),Create,0.6,6,architecture,Medium,24
BANK_1794,Q294,Computer Organization and Architecture,[Computer Organization and Architecture Item #294] Calculate speedup achieved by converting a non-pipelined 2.5 GHz CPU into a 5-stage 2 GHz pipelined CPU. (Variant B9),Apply,0.6,3,calculate,Medium,25
BANK_1795,Q295,Computer Organization and Architecture,"[Computer Organization and Architecture Item #295] Identify data hazards (RAW, WAR, WAW) in instruction sequence: I1: ADD R1,R2,R3; I2: MUL R7,R1,R3; I3: SUB R4,R1,R5. (Variant B9)",Create,0.6,6,architecture,Medium,26
BANK_1796,Q296,Computer Organization and Architecture,[Computer Organization and Architecture Item #296] Explain register renaming mechanism to eliminate WAR and WAW hazards in out-of-order execution. (Variant B9),Create,0.6,6,architecture,Medium,21
BANK_1797,Q297,Computer Organization and Architecture,[Computer Organization and Architecture Item #297] Calculate total execution cycles for 100 instructions on a 5-stage pipeline with 20% branch stalls of 2 cycles. (Variant B9),Apply,0.6,3,calculate,Medium,26
BANK_1798,Q298,Computer Organization and Architecture,[Computer Organization and Architecture Item #298] Determine the maximum number of DMA controller requests needed to transfer a 29.15 MB file with 16-bit count register. (Variant B9),Apply,0.6,3,compute,Medium,27
BANK_1799,Q299,Computer Organization and Architecture,[Computer Organization and Architecture Item #299] Which 8085 hardware interrupt has the highest priority and is non-maskable (TRAP)? (Variant B9),Create,0.6,6,architecture,Medium,20
BANK_1800,Q300,Computer Organization and Architecture,"[Computer Organization and Architecture Item #300] Calculate speedup ratio of 4-stage pipeline with stage delays 800, 500, 400, 300 ps after splitting the 800 ps stage. (Variant B9)",Apply,0.6,3,calculate,Medium,28
BANK_1801,Q1,Digital Logic,Convert decimal number 224 into radix-5 (base-5) notation.,Understand,0.5,2,N/A,Easy,8
BANK_1802,Q2,Digital Logic,Convert radix-4 number 132 into radix-5 representation.,Understand,0.5,2,N/A,Easy,7
BANK_1803,Q3,Digital Logic,Multiply two IEEE-754 single precision floating point numbers P=0xC1800000 and Q=0x3F5C2EF4.,Understand,0.5,2,N/A,Easy,11
BANK_1804,Q4,Digital Logic,Detect arithmetic overflow when adding 5-bit signed 2's complement numbers A=01010 (+10) and B=11010 (-6).,Remember,0.98,1,when,Easy,15
BANK_1805,Q5,Digital Logic,Find the 16-bit 2's complement decimal equivalent of 1111 1111 1111 0101.,Understand,0.5,2,N/A,Easy,12
BANK_1806,Q6,Digital Logic,Calculate number of bits needed to represent a 64-digit decimal number in binary.,Apply,0.98,3,calculate,Medium,13
BANK_1807,Q7,Digital Logic,Count number of 1s in binary representation of (3 * 4096 + 15 * 256 + 5 * 16 + 3).,Understand,0.5,2,N/A,Medium,21
BANK_1808,Q8,Digital Logic,Find the base r such that (43)_r = (y3)_8 holds.,Understand,0.5,2,N/A,Easy,10
BANK_1809,Q9,Digital Logic,Convert decimal number -14.25 into IEEE-754 single precision hexadecimal format.,Understand,0.5,2,N/A,Easy,10
BANK_1810,Q10,Digital Logic,Perform binary subtraction: 1101101_2 - 101101_2 using 2's complement.,Understand,0.5,2,N/A,Easy,9
BANK_1811,Q11,Digital Logic,Represent decimal number -18.375 in IEEE-754 single precision format.,Understand,0.5,2,N/A,Easy,9
BANK_1812,Q12,Digital Logic,Convert binary string 1011 into its Gray code equivalent.,Understand,0.5,2,N/A,Easy,9
BANK_1813,Q13,Digital Logic,Perform BCD addition of 97 + 45 and show correction steps (+6 rule).,Understand,0.5,2,N/A,Easy,13
BANK_1814,Q14,Digital Logic,"Minimize Boolean expression F(A,B,C,D) = Sum_m(0,2,5,7,8,10,13,15) using 4-variable Karnaugh Map.",Understand,0.5,2,N/A,Easy,10
BANK_1815,Q15,Digital Logic,"Find the number of essential prime implicants for Boolean function F(P,Q,R,S) = Sum_m(0,2,5,7,9,11) + d(3,8,10,12,14).",Understand,0.5,2,N/A,Easy,15
BANK_1816,Q16,Digital Logic,"Simplify Product of Sums (POS) expression for f(w,x,y,z) = Sum_m(0,1,2,3,7,8,10) + d(5,6,11,15).",Understand,0.5,2,N/A,Easy,12
BANK_1817,Q17,Digital Logic,Calculate minimum number of 2-input NAND gates required to implement a 2-input XOR gate.,Apply,0.98,3,calculate,Medium,14
BANK_1818,Q18,Digital Logic,Prove De Morgan's Law: (A + B)' = A' . B' using truth tables.,Understand,0.5,2,N/A,Easy,14
BANK_1819,Q19,Digital Logic,Calculate minimum size of multiplexer needed to implement any n-variable Boolean function with 1 inverter.,Apply,0.98,3,calculate,Medium,15
BANK_1820,Q20,Digital Logic,How many 3-to-8 line decoders are needed to construct a 6-to-64 line decoder without extra gates?,Apply,0.98,3,construct,Medium,16
BANK_1821,Q21,Digital Logic,"Design a 4-bit carry lookahead adder using AND, OR, XOR gates and calculate total propagation delay.",Create,0.6,6,design,Hard,16
BANK_1822,Q22,Digital Logic,Find the number of select lines required for a 32-to-1 multiplexer.,Understand,0.5,2,N/A,Easy,11
BANK_1823,Q23,Digital Logic,Calculate minimum number of JK flip-flops needed to design a synchronous counter counting sequence 0-1-0-2-0-3.,Create,0.6,6,design,Hard,15
BANK_1824,Q24,Digital Logic,Calculate minimum number of D flip-flops required to design a MOD-258 counter.,Create,0.6,6,design,Hard,12
BANK_1825,Q25,Digital Logic,Determine the counting sequence of a 4-bit Johnson counter starting from 0000.,Apply,0.98,3,determine,Medium,12
BANK_1826,Q26,Digital Logic,Explain race-around condition in JK flip-flop and how master-slave architecture resolves it.,Create,0.6,6,architecture,Hard,12
BANK_1827,Q27,Digital Logic,Design a 3-bit synchronous up counter using T flip-flops and derive next-state equations.,Create,0.67,6,design,Hard,13
BANK_1828,Q28,Digital Logic,Design a sequence detector FSM that detects overlapping occurrences of string '1011'.,Create,0.98,6,design,Hard,12
BANK_1829,Q29,Digital Logic,Differentiate between Mealy and Moore Finite State Machine models with state transition diagrams.,Analyze,0.62,4,differentiate,Medium,13
BANK_1830,Q30,Digital Logic,"Design a 4-bit Arithmetic Logic Unit (ALU) supporting AND, OR, ADD, SUB, XOR operations with control lines.",Create,0.98,6,design,Hard,17
BANK_1831,Q31,Digital Logic,[Digital Logic Item #31] Convert decimal number 224 into radix-5 (base-5) notation. (Variant B1),Understand,0.5,2,N/A,Easy,14
BANK_1832,Q32,Digital Logic,[Digital Logic Item #32] Convert radix-4 number 132 into radix-5 representation. (Variant B1),Understand,0.5,2,N/A,Easy,13
BANK_1833,Q33,Digital Logic,[Digital Logic Item #33] Multiply two IEEE-754 single precision floating point numbers P=0xC1800000 and Q=0x3F5C2EF4. (Variant B1),Understand,0.5,2,N/A,Easy,17
BANK_1834,Q34,Digital Logic,[Digital Logic Item #34] Detect arithmetic overflow when adding 5-bit signed 2's complement numbers A=01010 (+10) and B=11010 (-6). (Variant B1),Remember,0.98,1,when,Medium,21
BANK_1835,Q35,Digital Logic,[Digital Logic Item #35] Find the 16-bit 2's complement decimal equivalent of 1111 1111 1111 0101. (Variant B1),Understand,0.5,2,N/A,Easy,18
BANK_1836,Q36,Digital Logic,[Digital Logic Item #36] Calculate number of bits needed to represent a 64-digit decimal number in binary. (Variant B1),Apply,0.98,3,calculate,Medium,19
BANK_1837,Q37,Digital Logic,[Digital Logic Item #37] Count number of 1s in binary representation of (3 * 4096 + 15 * 256 + 5 * 16 + 3). (Variant B1),Understand,0.5,2,N/A,Medium,27
BANK_1838,Q38,Digital Logic,[Digital Logic Item #38] Find the base r such that (43)_r = (y3)_8 holds. (Variant B1),Understand,0.5,2,N/A,Easy,16
BANK_1839,Q39,Digital Logic,[Digital Logic Item #39] Convert decimal number -14.25 into IEEE-754 single precision hexadecimal format. (Variant B1),Understand,0.5,2,N/A,Easy,16
BANK_1840,Q40,Digital Logic,[Digital Logic Item #40] Perform binary subtraction: 1101101_2 - 101101_2 using 2's complement. (Variant B1),Understand,0.5,2,N/A,Easy,15
BANK_1841,Q41,Digital Logic,[Digital Logic Item #41] Represent decimal number -18.375 in IEEE-754 single precision format. (Variant B1),Understand,0.5,2,N/A,Easy,15
BANK_1842,Q42,Digital Logic,[Digital Logic Item #42] Convert binary string 1011 into its Gray code equivalent. (Variant B1),Understand,0.5,2,N/A,Easy,15
BANK_1843,Q43,Digital Logic,[Digital Logic Item #43] Perform BCD addition of 97 + 45 and show correction steps (+6 rule). (Variant B1),Understand,0.5,2,N/A,Easy,19
BANK_1844,Q44,Digital Logic,"[Digital Logic Item #44] Minimize Boolean expression F(A,B,C,D) = Sum_m(0,2,5,7,8,10,13,15) using 4-variable Karnaugh Map. (Variant B1)",Understand,0.5,2,N/A,Easy,16
BANK_1845,Q45,Digital Logic,"[Digital Logic Item #45] Find the number of essential prime implicants for Boolean function F(P,Q,R,S) = Sum_m(0,2,5,7,9,11) + d(3,8,10,12,14). (Variant B1)",Understand,0.5,2,N/A,Medium,21
BANK_1846,Q46,Digital Logic,"[Digital Logic Item #46] Simplify Product of Sums (POS) expression for f(w,x,y,z) = Sum_m(0,1,2,3,7,8,10) + d(5,6,11,15). (Variant B1)",Understand,0.5,2,N/A,Easy,18
BANK_1847,Q47,Digital Logic,[Digital Logic Item #47] Calculate minimum number of 2-input NAND gates required to implement a 2-input XOR gate. (Variant B1),Apply,0.98,3,calculate,Medium,20
BANK_1848,Q48,Digital Logic,[Digital Logic Item #48] Prove De Morgan's Law: (A + B)' = A' . B' using truth tables. (Variant B1),Understand,0.5,2,N/A,Medium,20
BANK_1849,Q49,Digital Logic,[Digital Logic Item #49] Calculate minimum size of multiplexer needed to implement any n-variable Boolean function with 1 inverter. (Variant B1),Apply,0.98,3,calculate,Medium,21
BANK_1850,Q50,Digital Logic,[Digital Logic Item #50] How many 3-to-8 line decoders are needed to construct a 6-to-64 line decoder without extra gates? (Variant B1),Apply,0.98,3,construct,Medium,22
BANK_1851,Q51,Digital Logic,"[Digital Logic Item #51] Design a 4-bit carry lookahead adder using AND, OR, XOR gates and calculate total propagation delay. (Variant B1)",Create,0.6,6,design,Medium,22
BANK_1852,Q52,Digital Logic,[Digital Logic Item #52] Find the number of select lines required for a 32-to-1 multiplexer. (Variant B1),Understand,0.5,2,N/A,Easy,17
BANK_1853,Q53,Digital Logic,[Digital Logic Item #53] Calculate minimum number of JK flip-flops needed to design a synchronous counter counting sequence 0-1-0-2-0-3. (Variant B1),Create,0.6,6,design,Medium,21
BANK_1854,Q54,Digital Logic,[Digital Logic Item #54] Calculate minimum number of D flip-flops required to design a MOD-258 counter. (Variant B1),Create,0.6,6,design,Hard,18
BANK_1855,Q55,Digital Logic,[Digital Logic Item #55] Determine the counting sequence of a 4-bit Johnson counter starting from 0000. (Variant B1),Apply,0.98,3,determine,Medium,18
BANK_1856,Q56,Digital Logic,[Digital Logic Item #56] Explain race-around condition in JK flip-flop and how master-slave architecture resolves it. (Variant B1),Create,0.6,6,architecture,Hard,18
BANK_1857,Q57,Digital Logic,[Digital Logic Item #57] Design a 3-bit synchronous up counter using T flip-flops and derive next-state equations. (Variant B1),Create,0.67,6,design,Hard,19
BANK_1858,Q58,Digital Logic,[Digital Logic Item #58] Design a sequence detector FSM that detects overlapping occurrences of string '1011'. (Variant B1),Create,0.98,6,design,Hard,18
BANK_1859,Q59,Digital Logic,[Digital Logic Item #59] Differentiate between Mealy and Moore Finite State Machine models with state transition diagrams. (Variant B1),Analyze,0.62,4,differentiate,Medium,19
BANK_1860,Q60,Digital Logic,"[Digital Logic Item #60] Design a 4-bit Arithmetic Logic Unit (ALU) supporting AND, OR, ADD, SUB, XOR operations with control lines. (Variant B1)",Create,0.98,6,design,Medium,23
BANK_1861,Q61,Digital Logic,[Digital Logic Item #61] Convert decimal number 224 into radix-5 (base-5) notation. (Variant B2),Understand,0.5,2,N/A,Easy,14
BANK_1862,Q62,Digital Logic,[Digital Logic Item #62] Convert radix-4 number 132 into radix-5 representation. (Variant B2),Understand,0.5,2,N/A,Easy,13
BANK_1863,Q63,Digital Logic,[Digital Logic Item #63] Multiply two IEEE-754 single precision floating point numbers P=0xC1800000 and Q=0x3F5C2EF4. (Variant B2),Understand,0.5,2,N/A,Easy,17
BANK_1864,Q64,Digital Logic,[Digital Logic Item #64] Detect arithmetic overflow when adding 5-bit signed 2's complement numbers A=01010 (+10) and B=11010 (-6). (Variant B2),Remember,0.98,1,when,Medium,21
BANK_1865,Q65,Digital Logic,[Digital Logic Item #65] Find the 16-bit 2's complement decimal equivalent of 1111 1111 1111 0101. (Variant B2),Understand,0.5,2,N/A,Easy,18
BANK_1866,Q66,Digital Logic,[Digital Logic Item #66] Calculate number of bits needed to represent a 64-digit decimal number in binary. (Variant B2),Apply,0.98,3,calculate,Medium,19
BANK_1867,Q67,Digital Logic,[Digital Logic Item #67] Count number of 1s in binary representation of (3 * 4096 + 15 * 256 + 5 * 16 + 3). (Variant B2),Understand,0.5,2,N/A,Medium,27
BANK_1868,Q68,Digital Logic,[Digital Logic Item #68] Find the base r such that (43)_r = (y3)_8 holds. (Variant B2),Understand,0.5,2,N/A,Easy,16
BANK_1869,Q69,Digital Logic,[Digital Logic Item #69] Convert decimal number -14.25 into IEEE-754 single precision hexadecimal format. (Variant B2),Understand,0.5,2,N/A,Easy,16
BANK_1870,Q70,Digital Logic,[Digital Logic Item #70] Perform binary subtraction: 1101101_2 - 101101_2 using 2's complement. (Variant B2),Understand,0.5,2,N/A,Easy,15
BANK_1871,Q71,Digital Logic,[Digital Logic Item #71] Represent decimal number -18.375 in IEEE-754 single precision format. (Variant B2),Understand,0.5,2,N/A,Easy,15
BANK_1872,Q72,Digital Logic,[Digital Logic Item #72] Convert binary string 1011 into its Gray code equivalent. (Variant B2),Understand,0.5,2,N/A,Easy,15
BANK_1873,Q73,Digital Logic,[Digital Logic Item #73] Perform BCD addition of 97 + 45 and show correction steps (+6 rule). (Variant B2),Understand,0.5,2,N/A,Easy,19
BANK_1874,Q74,Digital Logic,"[Digital Logic Item #74] Minimize Boolean expression F(A,B,C,D) = Sum_m(0,2,5,7,8,10,13,15) using 4-variable Karnaugh Map. (Variant B2)",Understand,0.5,2,N/A,Easy,16
BANK_1875,Q75,Digital Logic,"[Digital Logic Item #75] Find the number of essential prime implicants for Boolean function F(P,Q,R,S) = Sum_m(0,2,5,7,9,11) + d(3,8,10,12,14). (Variant B2)",Understand,0.5,2,N/A,Medium,21
BANK_1876,Q76,Digital Logic,"[Digital Logic Item #76] Simplify Product of Sums (POS) expression for f(w,x,y,z) = Sum_m(0,1,2,3,7,8,10) + d(5,6,11,15). (Variant B2)",Understand,0.5,2,N/A,Easy,18
BANK_1877,Q77,Digital Logic,[Digital Logic Item #77] Calculate minimum number of 2-input NAND gates required to implement a 2-input XOR gate. (Variant B2),Apply,0.98,3,calculate,Medium,20
BANK_1878,Q78,Digital Logic,[Digital Logic Item #78] Prove De Morgan's Law: (A + B)' = A' . B' using truth tables. (Variant B2),Understand,0.5,2,N/A,Medium,20
BANK_1879,Q79,Digital Logic,[Digital Logic Item #79] Calculate minimum size of multiplexer needed to implement any n-variable Boolean function with 1 inverter. (Variant B2),Apply,0.98,3,calculate,Medium,21
BANK_1880,Q80,Digital Logic,[Digital Logic Item #80] How many 3-to-8 line decoders are needed to construct a 6-to-64 line decoder without extra gates? (Variant B2),Apply,0.98,3,construct,Medium,22
BANK_1881,Q81,Digital Logic,"[Digital Logic Item #81] Design a 4-bit carry lookahead adder using AND, OR, XOR gates and calculate total propagation delay. (Variant B2)",Create,0.6,6,design,Medium,22
BANK_1882,Q82,Digital Logic,[Digital Logic Item #82] Find the number of select lines required for a 32-to-1 multiplexer. (Variant B2),Understand,0.5,2,N/A,Easy,17
BANK_1883,Q83,Digital Logic,[Digital Logic Item #83] Calculate minimum number of JK flip-flops needed to design a synchronous counter counting sequence 0-1-0-2-0-3. (Variant B2),Create,0.6,6,design,Medium,21
BANK_1884,Q84,Digital Logic,[Digital Logic Item #84] Calculate minimum number of D flip-flops required to design a MOD-258 counter. (Variant B2),Create,0.6,6,design,Hard,18
BANK_1885,Q85,Digital Logic,[Digital Logic Item #85] Determine the counting sequence of a 4-bit Johnson counter starting from 0000. (Variant B2),Apply,0.98,3,determine,Medium,18
BANK_1886,Q86,Digital Logic,[Digital Logic Item #86] Explain race-around condition in JK flip-flop and how master-slave architecture resolves it. (Variant B2),Create,0.6,6,architecture,Hard,18
BANK_1887,Q87,Digital Logic,[Digital Logic Item #87] Design a 3-bit synchronous up counter using T flip-flops and derive next-state equations. (Variant B2),Create,0.67,6,design,Hard,19
BANK_1888,Q88,Digital Logic,[Digital Logic Item #88] Design a sequence detector FSM that detects overlapping occurrences of string '1011'. (Variant B2),Create,0.98,6,design,Hard,18
BANK_1889,Q89,Digital Logic,[Digital Logic Item #89] Differentiate between Mealy and Moore Finite State Machine models with state transition diagrams. (Variant B2),Analyze,0.62,4,differentiate,Medium,19
BANK_1890,Q90,Digital Logic,"[Digital Logic Item #90] Design a 4-bit Arithmetic Logic Unit (ALU) supporting AND, OR, ADD, SUB, XOR operations with control lines. (Variant B2)",Create,0.98,6,design,Medium,23
BANK_1891,Q91,Digital Logic,[Digital Logic Item #91] Convert decimal number 224 into radix-5 (base-5) notation. (Variant B3),Understand,0.5,2,N/A,Easy,14
BANK_1892,Q92,Digital Logic,[Digital Logic Item #92] Convert radix-4 number 132 into radix-5 representation. (Variant B3),Understand,0.5,2,N/A,Easy,13
BANK_1893,Q93,Digital Logic,[Digital Logic Item #93] Multiply two IEEE-754 single precision floating point numbers P=0xC1800000 and Q=0x3F5C2EF4. (Variant B3),Understand,0.5,2,N/A,Easy,17
BANK_1894,Q94,Digital Logic,[Digital Logic Item #94] Detect arithmetic overflow when adding 5-bit signed 2's complement numbers A=01010 (+10) and B=11010 (-6). (Variant B3),Remember,0.98,1,when,Medium,21
BANK_1895,Q95,Digital Logic,[Digital Logic Item #95] Find the 16-bit 2's complement decimal equivalent of 1111 1111 1111 0101. (Variant B3),Understand,0.5,2,N/A,Easy,18
BANK_1896,Q96,Digital Logic,[Digital Logic Item #96] Calculate number of bits needed to represent a 64-digit decimal number in binary. (Variant B3),Apply,0.98,3,calculate,Medium,19
BANK_1897,Q97,Digital Logic,[Digital Logic Item #97] Count number of 1s in binary representation of (3 * 4096 + 15 * 256 + 5 * 16 + 3). (Variant B3),Understand,0.5,2,N/A,Medium,27
BANK_1898,Q98,Digital Logic,[Digital Logic Item #98] Find the base r such that (43)_r = (y3)_8 holds. (Variant B3),Understand,0.5,2,N/A,Easy,16
BANK_1899,Q99,Digital Logic,[Digital Logic Item #99] Convert decimal number -14.25 into IEEE-754 single precision hexadecimal format. (Variant B3),Understand,0.5,2,N/A,Easy,16
BANK_1900,Q100,Digital Logic,[Digital Logic Item #100] Perform binary subtraction: 1101101_2 - 101101_2 using 2's complement. (Variant B3),Understand,0.5,2,N/A,Easy,15
BANK_1901,Q101,Digital Logic,[Digital Logic Item #101] Represent decimal number -18.375 in IEEE-754 single precision format. (Variant B3),Understand,0.5,2,N/A,Easy,15
BANK_1902,Q102,Digital Logic,[Digital Logic Item #102] Convert binary string 1011 into its Gray code equivalent. (Variant B3),Understand,0.5,2,N/A,Easy,15
BANK_1903,Q103,Digital Logic,[Digital Logic Item #103] Perform BCD addition of 97 + 45 and show correction steps (+6 rule). (Variant B3),Understand,0.5,2,N/A,Easy,19
BANK_1904,Q104,Digital Logic,"[Digital Logic Item #104] Minimize Boolean expression F(A,B,C,D) = Sum_m(0,2,5,7,8,10,13,15) using 4-variable Karnaugh Map. (Variant B3)",Understand,0.5,2,N/A,Easy,16
BANK_1905,Q105,Digital Logic,"[Digital Logic Item #105] Find the number of essential prime implicants for Boolean function F(P,Q,R,S) = Sum_m(0,2,5,7,9,11) + d(3,8,10,12,14). (Variant B3)",Understand,0.5,2,N/A,Medium,21
BANK_1906,Q106,Digital Logic,"[Digital Logic Item #106] Simplify Product of Sums (POS) expression for f(w,x,y,z) = Sum_m(0,1,2,3,7,8,10) + d(5,6,11,15). (Variant B3)",Understand,0.5,2,N/A,Easy,18
BANK_1907,Q107,Digital Logic,[Digital Logic Item #107] Calculate minimum number of 2-input NAND gates required to implement a 2-input XOR gate. (Variant B3),Apply,0.98,3,calculate,Medium,20
BANK_1908,Q108,Digital Logic,[Digital Logic Item #108] Prove De Morgan's Law: (A + B)' = A' . B' using truth tables. (Variant B3),Understand,0.5,2,N/A,Medium,20
BANK_1909,Q109,Digital Logic,[Digital Logic Item #109] Calculate minimum size of multiplexer needed to implement any n-variable Boolean function with 1 inverter. (Variant B3),Apply,0.98,3,calculate,Medium,21
BANK_1910,Q110,Digital Logic,[Digital Logic Item #110] How many 3-to-8 line decoders are needed to construct a 6-to-64 line decoder without extra gates? (Variant B3),Apply,0.98,3,construct,Medium,22
BANK_1911,Q111,Digital Logic,"[Digital Logic Item #111] Design a 4-bit carry lookahead adder using AND, OR, XOR gates and calculate total propagation delay. (Variant B3)",Create,0.6,6,design,Medium,22
BANK_1912,Q112,Digital Logic,[Digital Logic Item #112] Find the number of select lines required for a 32-to-1 multiplexer. (Variant B3),Understand,0.5,2,N/A,Easy,17
BANK_1913,Q113,Digital Logic,[Digital Logic Item #113] Calculate minimum number of JK flip-flops needed to design a synchronous counter counting sequence 0-1-0-2-0-3. (Variant B3),Create,0.6,6,design,Medium,21
BANK_1914,Q114,Digital Logic,[Digital Logic Item #114] Calculate minimum number of D flip-flops required to design a MOD-258 counter. (Variant B3),Create,0.6,6,design,Hard,18
BANK_1915,Q115,Digital Logic,[Digital Logic Item #115] Determine the counting sequence of a 4-bit Johnson counter starting from 0000. (Variant B3),Apply,0.98,3,determine,Medium,18
BANK_1916,Q116,Digital Logic,[Digital Logic Item #116] Explain race-around condition in JK flip-flop and how master-slave architecture resolves it. (Variant B3),Create,0.6,6,architecture,Hard,18
BANK_1917,Q117,Digital Logic,[Digital Logic Item #117] Design a 3-bit synchronous up counter using T flip-flops and derive next-state equations. (Variant B3),Create,0.67,6,design,Hard,19
BANK_1918,Q118,Digital Logic,[Digital Logic Item #118] Design a sequence detector FSM that detects overlapping occurrences of string '1011'. (Variant B3),Create,0.98,6,design,Hard,18
BANK_1919,Q119,Digital Logic,[Digital Logic Item #119] Differentiate between Mealy and Moore Finite State Machine models with state transition diagrams. (Variant B3),Analyze,0.62,4,differentiate,Medium,19
BANK_1920,Q120,Digital Logic,"[Digital Logic Item #120] Design a 4-bit Arithmetic Logic Unit (ALU) supporting AND, OR, ADD, SUB, XOR operations with control lines. (Variant B3)",Create,0.98,6,design,Medium,23
BANK_1921,Q121,Digital Logic,[Digital Logic Item #121] Convert decimal number 224 into radix-5 (base-5) notation. (Variant B4),Understand,0.5,2,N/A,Easy,14
BANK_1922,Q122,Digital Logic,[Digital Logic Item #122] Convert radix-4 number 132 into radix-5 representation. (Variant B4),Understand,0.5,2,N/A,Easy,13
BANK_1923,Q123,Digital Logic,[Digital Logic Item #123] Multiply two IEEE-754 single precision floating point numbers P=0xC1800000 and Q=0x3F5C2EF4. (Variant B4),Understand,0.5,2,N/A,Easy,17
BANK_1924,Q124,Digital Logic,[Digital Logic Item #124] Detect arithmetic overflow when adding 5-bit signed 2's complement numbers A=01010 (+10) and B=11010 (-6). (Variant B4),Remember,0.98,1,when,Medium,21
BANK_1925,Q125,Digital Logic,[Digital Logic Item #125] Find the 16-bit 2's complement decimal equivalent of 1111 1111 1111 0101. (Variant B4),Understand,0.5,2,N/A,Easy,18
BANK_1926,Q126,Digital Logic,[Digital Logic Item #126] Calculate number of bits needed to represent a 64-digit decimal number in binary. (Variant B4),Apply,0.98,3,calculate,Medium,19
BANK_1927,Q127,Digital Logic,[Digital Logic Item #127] Count number of 1s in binary representation of (3 * 4096 + 15 * 256 + 5 * 16 + 3). (Variant B4),Understand,0.5,2,N/A,Medium,27
BANK_1928,Q128,Digital Logic,[Digital Logic Item #128] Find the base r such that (43)_r = (y3)_8 holds. (Variant B4),Understand,0.5,2,N/A,Easy,16
BANK_1929,Q129,Digital Logic,[Digital Logic Item #129] Convert decimal number -14.25 into IEEE-754 single precision hexadecimal format. (Variant B4),Understand,0.5,2,N/A,Easy,16
BANK_1930,Q130,Digital Logic,[Digital Logic Item #130] Perform binary subtraction: 1101101_2 - 101101_2 using 2's complement. (Variant B4),Understand,0.5,2,N/A,Easy,15
BANK_1931,Q131,Digital Logic,[Digital Logic Item #131] Represent decimal number -18.375 in IEEE-754 single precision format. (Variant B4),Understand,0.5,2,N/A,Easy,15
BANK_1932,Q132,Digital Logic,[Digital Logic Item #132] Convert binary string 1011 into its Gray code equivalent. (Variant B4),Understand,0.5,2,N/A,Easy,15
BANK_1933,Q133,Digital Logic,[Digital Logic Item #133] Perform BCD addition of 97 + 45 and show correction steps (+6 rule). (Variant B4),Understand,0.5,2,N/A,Easy,19
BANK_1934,Q134,Digital Logic,"[Digital Logic Item #134] Minimize Boolean expression F(A,B,C,D) = Sum_m(0,2,5,7,8,10,13,15) using 4-variable Karnaugh Map. (Variant B4)",Understand,0.5,2,N/A,Easy,16
BANK_1935,Q135,Digital Logic,"[Digital Logic Item #135] Find the number of essential prime implicants for Boolean function F(P,Q,R,S) = Sum_m(0,2,5,7,9,11) + d(3,8,10,12,14). (Variant B4)",Understand,0.5,2,N/A,Medium,21
BANK_1936,Q136,Digital Logic,"[Digital Logic Item #136] Simplify Product of Sums (POS) expression for f(w,x,y,z) = Sum_m(0,1,2,3,7,8,10) + d(5,6,11,15). (Variant B4)",Understand,0.5,2,N/A,Easy,18
BANK_1937,Q137,Digital Logic,[Digital Logic Item #137] Calculate minimum number of 2-input NAND gates required to implement a 2-input XOR gate. (Variant B4),Apply,0.98,3,calculate,Medium,20
BANK_1938,Q138,Digital Logic,[Digital Logic Item #138] Prove De Morgan's Law: (A + B)' = A' . B' using truth tables. (Variant B4),Understand,0.5,2,N/A,Medium,20
BANK_1939,Q139,Digital Logic,[Digital Logic Item #139] Calculate minimum size of multiplexer needed to implement any n-variable Boolean function with 1 inverter. (Variant B4),Apply,0.98,3,calculate,Medium,21
BANK_1940,Q140,Digital Logic,[Digital Logic Item #140] How many 3-to-8 line decoders are needed to construct a 6-to-64 line decoder without extra gates? (Variant B4),Apply,0.98,3,construct,Medium,22
BANK_1941,Q141,Digital Logic,"[Digital Logic Item #141] Design a 4-bit carry lookahead adder using AND, OR, XOR gates and calculate total propagation delay. (Variant B4)",Create,0.6,6,design,Medium,22
BANK_1942,Q142,Digital Logic,[Digital Logic Item #142] Find the number of select lines required for a 32-to-1 multiplexer. (Variant B4),Understand,0.5,2,N/A,Easy,17
BANK_1943,Q143,Digital Logic,[Digital Logic Item #143] Calculate minimum number of JK flip-flops needed to design a synchronous counter counting sequence 0-1-0-2-0-3. (Variant B4),Create,0.6,6,design,Medium,21
BANK_1944,Q144,Digital Logic,[Digital Logic Item #144] Calculate minimum number of D flip-flops required to design a MOD-258 counter. (Variant B4),Create,0.6,6,design,Hard,18
BANK_1945,Q145,Digital Logic,[Digital Logic Item #145] Determine the counting sequence of a 4-bit Johnson counter starting from 0000. (Variant B4),Apply,0.98,3,determine,Medium,18
BANK_1946,Q146,Digital Logic,[Digital Logic Item #146] Explain race-around condition in JK flip-flop and how master-slave architecture resolves it. (Variant B4),Create,0.6,6,architecture,Hard,18
BANK_1947,Q147,Digital Logic,[Digital Logic Item #147] Design a 3-bit synchronous up counter using T flip-flops and derive next-state equations. (Variant B4),Create,0.67,6,design,Hard,19
BANK_1948,Q148,Digital Logic,[Digital Logic Item #148] Design a sequence detector FSM that detects overlapping occurrences of string '1011'. (Variant B4),Create,0.98,6,design,Hard,18
BANK_1949,Q149,Digital Logic,[Digital Logic Item #149] Differentiate between Mealy and Moore Finite State Machine models with state transition diagrams. (Variant B4),Analyze,0.62,4,differentiate,Medium,19
BANK_1950,Q150,Digital Logic,"[Digital Logic Item #150] Design a 4-bit Arithmetic Logic Unit (ALU) supporting AND, OR, ADD, SUB, XOR operations with control lines. (Variant B4)",Create,0.98,6,design,Medium,23
BANK_1951,Q151,Digital Logic,[Digital Logic Item #151] Convert decimal number 224 into radix-5 (base-5) notation. (Variant B5),Understand,0.5,2,N/A,Easy,14
BANK_1952,Q152,Digital Logic,[Digital Logic Item #152] Convert radix-4 number 132 into radix-5 representation. (Variant B5),Understand,0.5,2,N/A,Easy,13
BANK_1953,Q153,Digital Logic,[Digital Logic Item #153] Multiply two IEEE-754 single precision floating point numbers P=0xC1800000 and Q=0x3F5C2EF4. (Variant B5),Understand,0.5,2,N/A,Easy,17
BANK_1954,Q154,Digital Logic,[Digital Logic Item #154] Detect arithmetic overflow when adding 5-bit signed 2's complement numbers A=01010 (+10) and B=11010 (-6). (Variant B5),Remember,0.98,1,when,Medium,21
BANK_1955,Q155,Digital Logic,[Digital Logic Item #155] Find the 16-bit 2's complement decimal equivalent of 1111 1111 1111 0101. (Variant B5),Understand,0.5,2,N/A,Easy,18
BANK_1956,Q156,Digital Logic,[Digital Logic Item #156] Calculate number of bits needed to represent a 64-digit decimal number in binary. (Variant B5),Apply,0.98,3,calculate,Medium,19
BANK_1957,Q157,Digital Logic,[Digital Logic Item #157] Count number of 1s in binary representation of (3 * 4096 + 15 * 256 + 5 * 16 + 3). (Variant B5),Understand,0.5,2,N/A,Medium,27
BANK_1958,Q158,Digital Logic,[Digital Logic Item #158] Find the base r such that (43)_r = (y3)_8 holds. (Variant B5),Understand,0.5,2,N/A,Easy,16
BANK_1959,Q159,Digital Logic,[Digital Logic Item #159] Convert decimal number -14.25 into IEEE-754 single precision hexadecimal format. (Variant B5),Understand,0.5,2,N/A,Easy,16
BANK_1960,Q160,Digital Logic,[Digital Logic Item #160] Perform binary subtraction: 1101101_2 - 101101_2 using 2's complement. (Variant B5),Understand,0.5,2,N/A,Easy,15
BANK_1961,Q161,Digital Logic,[Digital Logic Item #161] Represent decimal number -18.375 in IEEE-754 single precision format. (Variant B5),Understand,0.5,2,N/A,Easy,15
BANK_1962,Q162,Digital Logic,[Digital Logic Item #162] Convert binary string 1011 into its Gray code equivalent. (Variant B5),Understand,0.5,2,N/A,Easy,15
BANK_1963,Q163,Digital Logic,[Digital Logic Item #163] Perform BCD addition of 97 + 45 and show correction steps (+6 rule). (Variant B5),Understand,0.5,2,N/A,Easy,19
BANK_1964,Q164,Digital Logic,"[Digital Logic Item #164] Minimize Boolean expression F(A,B,C,D) = Sum_m(0,2,5,7,8,10,13,15) using 4-variable Karnaugh Map. (Variant B5)",Understand,0.5,2,N/A,Easy,16
BANK_1965,Q165,Digital Logic,"[Digital Logic Item #165] Find the number of essential prime implicants for Boolean function F(P,Q,R,S) = Sum_m(0,2,5,7,9,11) + d(3,8,10,12,14). (Variant B5)",Understand,0.5,2,N/A,Medium,21
BANK_1966,Q166,Digital Logic,"[Digital Logic Item #166] Simplify Product of Sums (POS) expression for f(w,x,y,z) = Sum_m(0,1,2,3,7,8,10) + d(5,6,11,15). (Variant B5)",Understand,0.5,2,N/A,Easy,18
BANK_1967,Q167,Digital Logic,[Digital Logic Item #167] Calculate minimum number of 2-input NAND gates required to implement a 2-input XOR gate. (Variant B5),Apply,0.98,3,calculate,Medium,20
BANK_1968,Q168,Digital Logic,[Digital Logic Item #168] Prove De Morgan's Law: (A + B)' = A' . B' using truth tables. (Variant B5),Understand,0.5,2,N/A,Medium,20
BANK_1969,Q169,Digital Logic,[Digital Logic Item #169] Calculate minimum size of multiplexer needed to implement any n-variable Boolean function with 1 inverter. (Variant B5),Apply,0.98,3,calculate,Medium,21
BANK_1970,Q170,Digital Logic,[Digital Logic Item #170] How many 3-to-8 line decoders are needed to construct a 6-to-64 line decoder without extra gates? (Variant B5),Apply,0.98,3,construct,Medium,22
BANK_1971,Q171,Digital Logic,"[Digital Logic Item #171] Design a 4-bit carry lookahead adder using AND, OR, XOR gates and calculate total propagation delay. (Variant B5)",Create,0.6,6,design,Medium,22
BANK_1972,Q172,Digital Logic,[Digital Logic Item #172] Find the number of select lines required for a 32-to-1 multiplexer. (Variant B5),Understand,0.5,2,N/A,Easy,17
BANK_1973,Q173,Digital Logic,[Digital Logic Item #173] Calculate minimum number of JK flip-flops needed to design a synchronous counter counting sequence 0-1-0-2-0-3. (Variant B5),Create,0.6,6,design,Medium,21
BANK_1974,Q174,Digital Logic,[Digital Logic Item #174] Calculate minimum number of D flip-flops required to design a MOD-258 counter. (Variant B5),Create,0.6,6,design,Hard,18
BANK_1975,Q175,Digital Logic,[Digital Logic Item #175] Determine the counting sequence of a 4-bit Johnson counter starting from 0000. (Variant B5),Apply,0.98,3,determine,Medium,18
BANK_1976,Q176,Digital Logic,[Digital Logic Item #176] Explain race-around condition in JK flip-flop and how master-slave architecture resolves it. (Variant B5),Create,0.6,6,architecture,Hard,18
BANK_1977,Q177,Digital Logic,[Digital Logic Item #177] Design a 3-bit synchronous up counter using T flip-flops and derive next-state equations. (Variant B5),Create,0.67,6,design,Hard,19
BANK_1978,Q178,Digital Logic,[Digital Logic Item #178] Design a sequence detector FSM that detects overlapping occurrences of string '1011'. (Variant B5),Create,0.98,6,design,Hard,18
BANK_1979,Q179,Digital Logic,[Digital Logic Item #179] Differentiate between Mealy and Moore Finite State Machine models with state transition diagrams. (Variant B5),Analyze,0.62,4,differentiate,Medium,19
BANK_1980,Q180,Digital Logic,"[Digital Logic Item #180] Design a 4-bit Arithmetic Logic Unit (ALU) supporting AND, OR, ADD, SUB, XOR operations with control lines. (Variant B5)",Create,0.98,6,design,Medium,23
BANK_1981,Q181,Digital Logic,[Digital Logic Item #181] Convert decimal number 224 into radix-5 (base-5) notation. (Variant B6),Understand,0.5,2,N/A,Easy,14
BANK_1982,Q182,Digital Logic,[Digital Logic Item #182] Convert radix-4 number 132 into radix-5 representation. (Variant B6),Understand,0.5,2,N/A,Easy,13
BANK_1983,Q183,Digital Logic,[Digital Logic Item #183] Multiply two IEEE-754 single precision floating point numbers P=0xC1800000 and Q=0x3F5C2EF4. (Variant B6),Understand,0.5,2,N/A,Easy,17
BANK_1984,Q184,Digital Logic,[Digital Logic Item #184] Detect arithmetic overflow when adding 5-bit signed 2's complement numbers A=01010 (+10) and B=11010 (-6). (Variant B6),Remember,0.98,1,when,Medium,21
BANK_1985,Q185,Digital Logic,[Digital Logic Item #185] Find the 16-bit 2's complement decimal equivalent of 1111 1111 1111 0101. (Variant B6),Understand,0.5,2,N/A,Easy,18
BANK_1986,Q186,Digital Logic,[Digital Logic Item #186] Calculate number of bits needed to represent a 64-digit decimal number in binary. (Variant B6),Apply,0.98,3,calculate,Medium,19
BANK_1987,Q187,Digital Logic,[Digital Logic Item #187] Count number of 1s in binary representation of (3 * 4096 + 15 * 256 + 5 * 16 + 3). (Variant B6),Understand,0.5,2,N/A,Medium,27
BANK_1988,Q188,Digital Logic,[Digital Logic Item #188] Find the base r such that (43)_r = (y3)_8 holds. (Variant B6),Understand,0.5,2,N/A,Easy,16
BANK_1989,Q189,Digital Logic,[Digital Logic Item #189] Convert decimal number -14.25 into IEEE-754 single precision hexadecimal format. (Variant B6),Understand,0.5,2,N/A,Easy,16
BANK_1990,Q190,Digital Logic,[Digital Logic Item #190] Perform binary subtraction: 1101101_2 - 101101_2 using 2's complement. (Variant B6),Understand,0.5,2,N/A,Easy,15
BANK_1991,Q191,Digital Logic,[Digital Logic Item #191] Represent decimal number -18.375 in IEEE-754 single precision format. (Variant B6),Understand,0.5,2,N/A,Easy,15
BANK_1992,Q192,Digital Logic,[Digital Logic Item #192] Convert binary string 1011 into its Gray code equivalent. (Variant B6),Understand,0.5,2,N/A,Easy,15
BANK_1993,Q193,Digital Logic,[Digital Logic Item #193] Perform BCD addition of 97 + 45 and show correction steps (+6 rule). (Variant B6),Understand,0.5,2,N/A,Easy,19
BANK_1994,Q194,Digital Logic,"[Digital Logic Item #194] Minimize Boolean expression F(A,B,C,D) = Sum_m(0,2,5,7,8,10,13,15) using 4-variable Karnaugh Map. (Variant B6)",Understand,0.5,2,N/A,Easy,16
BANK_1995,Q195,Digital Logic,"[Digital Logic Item #195] Find the number of essential prime implicants for Boolean function F(P,Q,R,S) = Sum_m(0,2,5,7,9,11) + d(3,8,10,12,14). (Variant B6)",Understand,0.5,2,N/A,Medium,21
BANK_1996,Q196,Digital Logic,"[Digital Logic Item #196] Simplify Product of Sums (POS) expression for f(w,x,y,z) = Sum_m(0,1,2,3,7,8,10) + d(5,6,11,15). (Variant B6)",Understand,0.5,2,N/A,Easy,18
BANK_1997,Q197,Digital Logic,[Digital Logic Item #197] Calculate minimum number of 2-input NAND gates required to implement a 2-input XOR gate. (Variant B6),Apply,0.98,3,calculate,Medium,20
BANK_1998,Q198,Digital Logic,[Digital Logic Item #198] Prove De Morgan's Law: (A + B)' = A' . B' using truth tables. (Variant B6),Understand,0.5,2,N/A,Medium,20
BANK_1999,Q199,Digital Logic,[Digital Logic Item #199] Calculate minimum size of multiplexer needed to implement any n-variable Boolean function with 1 inverter. (Variant B6),Apply,0.98,3,calculate,Medium,21
BANK_2000,Q200,Digital Logic,[Digital Logic Item #200] How many 3-to-8 line decoders are needed to construct a 6-to-64 line decoder without extra gates? (Variant B6),Apply,0.98,3,construct,Medium,22
BANK_2001,Q201,Digital Logic,"[Digital Logic Item #201] Design a 4-bit carry lookahead adder using AND, OR, XOR gates and calculate total propagation delay. (Variant B6)",Create,0.6,6,design,Medium,22
BANK_2002,Q202,Digital Logic,[Digital Logic Item #202] Find the number of select lines required for a 32-to-1 multiplexer. (Variant B6),Understand,0.5,2,N/A,Easy,17
BANK_2003,Q203,Digital Logic,[Digital Logic Item #203] Calculate minimum number of JK flip-flops needed to design a synchronous counter counting sequence 0-1-0-2-0-3. (Variant B6),Create,0.6,6,design,Medium,21
BANK_2004,Q204,Digital Logic,[Digital Logic Item #204] Calculate minimum number of D flip-flops required to design a MOD-258 counter. (Variant B6),Create,0.6,6,design,Hard,18
BANK_2005,Q205,Digital Logic,[Digital Logic Item #205] Determine the counting sequence of a 4-bit Johnson counter starting from 0000. (Variant B6),Apply,0.98,3,determine,Medium,18
BANK_2006,Q206,Digital Logic,[Digital Logic Item #206] Explain race-around condition in JK flip-flop and how master-slave architecture resolves it. (Variant B6),Create,0.6,6,architecture,Hard,18
BANK_2007,Q207,Digital Logic,[Digital Logic Item #207] Design a 3-bit synchronous up counter using T flip-flops and derive next-state equations. (Variant B6),Create,0.67,6,design,Hard,19
BANK_2008,Q208,Digital Logic,[Digital Logic Item #208] Design a sequence detector FSM that detects overlapping occurrences of string '1011'. (Variant B6),Create,0.98,6,design,Hard,18
BANK_2009,Q209,Digital Logic,[Digital Logic Item #209] Differentiate between Mealy and Moore Finite State Machine models with state transition diagrams. (Variant B6),Analyze,0.62,4,differentiate,Medium,19
BANK_2010,Q210,Digital Logic,"[Digital Logic Item #210] Design a 4-bit Arithmetic Logic Unit (ALU) supporting AND, OR, ADD, SUB, XOR operations with control lines. (Variant B6)",Create,0.98,6,design,Medium,23
BANK_2011,Q211,Digital Logic,[Digital Logic Item #211] Convert decimal number 224 into radix-5 (base-5) notation. (Variant B7),Understand,0.5,2,N/A,Easy,14
BANK_2012,Q212,Digital Logic,[Digital Logic Item #212] Convert radix-4 number 132 into radix-5 representation. (Variant B7),Understand,0.5,2,N/A,Easy,13
BANK_2013,Q213,Digital Logic,[Digital Logic Item #213] Multiply two IEEE-754 single precision floating point numbers P=0xC1800000 and Q=0x3F5C2EF4. (Variant B7),Understand,0.5,2,N/A,Easy,17
BANK_2014,Q214,Digital Logic,[Digital Logic Item #214] Detect arithmetic overflow when adding 5-bit signed 2's complement numbers A=01010 (+10) and B=11010 (-6). (Variant B7),Remember,0.98,1,when,Medium,21
BANK_2015,Q215,Digital Logic,[Digital Logic Item #215] Find the 16-bit 2's complement decimal equivalent of 1111 1111 1111 0101. (Variant B7),Understand,0.5,2,N/A,Easy,18
BANK_2016,Q216,Digital Logic,[Digital Logic Item #216] Calculate number of bits needed to represent a 64-digit decimal number in binary. (Variant B7),Apply,0.98,3,calculate,Medium,19
BANK_2017,Q217,Digital Logic,[Digital Logic Item #217] Count number of 1s in binary representation of (3 * 4096 + 15 * 256 + 5 * 16 + 3). (Variant B7),Understand,0.5,2,N/A,Medium,27
BANK_2018,Q218,Digital Logic,[Digital Logic Item #218] Find the base r such that (43)_r = (y3)_8 holds. (Variant B7),Understand,0.5,2,N/A,Easy,16
BANK_2019,Q219,Digital Logic,[Digital Logic Item #219] Convert decimal number -14.25 into IEEE-754 single precision hexadecimal format. (Variant B7),Understand,0.5,2,N/A,Easy,16
BANK_2020,Q220,Digital Logic,[Digital Logic Item #220] Perform binary subtraction: 1101101_2 - 101101_2 using 2's complement. (Variant B7),Understand,0.5,2,N/A,Easy,15
BANK_2021,Q221,Digital Logic,[Digital Logic Item #221] Represent decimal number -18.375 in IEEE-754 single precision format. (Variant B7),Understand,0.5,2,N/A,Easy,15
BANK_2022,Q222,Digital Logic,[Digital Logic Item #222] Convert binary string 1011 into its Gray code equivalent. (Variant B7),Understand,0.5,2,N/A,Easy,15
BANK_2023,Q223,Digital Logic,[Digital Logic Item #223] Perform BCD addition of 97 + 45 and show correction steps (+6 rule). (Variant B7),Understand,0.5,2,N/A,Easy,19
BANK_2024,Q224,Digital Logic,"[Digital Logic Item #224] Minimize Boolean expression F(A,B,C,D) = Sum_m(0,2,5,7,8,10,13,15) using 4-variable Karnaugh Map. (Variant B7)",Understand,0.5,2,N/A,Easy,16
BANK_2025,Q225,Digital Logic,"[Digital Logic Item #225] Find the number of essential prime implicants for Boolean function F(P,Q,R,S) = Sum_m(0,2,5,7,9,11) + d(3,8,10,12,14). (Variant B7)",Understand,0.5,2,N/A,Medium,21
BANK_2026,Q226,Digital Logic,"[Digital Logic Item #226] Simplify Product of Sums (POS) expression for f(w,x,y,z) = Sum_m(0,1,2,3,7,8,10) + d(5,6,11,15). (Variant B7)",Understand,0.5,2,N/A,Easy,18
BANK_2027,Q227,Digital Logic,[Digital Logic Item #227] Calculate minimum number of 2-input NAND gates required to implement a 2-input XOR gate. (Variant B7),Apply,0.98,3,calculate,Medium,20
BANK_2028,Q228,Digital Logic,[Digital Logic Item #228] Prove De Morgan's Law: (A + B)' = A' . B' using truth tables. (Variant B7),Understand,0.5,2,N/A,Medium,20
BANK_2029,Q229,Digital Logic,[Digital Logic Item #229] Calculate minimum size of multiplexer needed to implement any n-variable Boolean function with 1 inverter. (Variant B7),Apply,0.98,3,calculate,Medium,21
BANK_2030,Q230,Digital Logic,[Digital Logic Item #230] How many 3-to-8 line decoders are needed to construct a 6-to-64 line decoder without extra gates? (Variant B7),Apply,0.98,3,construct,Medium,22
BANK_2031,Q231,Digital Logic,"[Digital Logic Item #231] Design a 4-bit carry lookahead adder using AND, OR, XOR gates and calculate total propagation delay. (Variant B7)",Create,0.6,6,design,Medium,22
BANK_2032,Q232,Digital Logic,[Digital Logic Item #232] Find the number of select lines required for a 32-to-1 multiplexer. (Variant B7),Understand,0.5,2,N/A,Easy,17
BANK_2033,Q233,Digital Logic,[Digital Logic Item #233] Calculate minimum number of JK flip-flops needed to design a synchronous counter counting sequence 0-1-0-2-0-3. (Variant B7),Create,0.6,6,design,Medium,21
BANK_2034,Q234,Digital Logic,[Digital Logic Item #234] Calculate minimum number of D flip-flops required to design a MOD-258 counter. (Variant B7),Create,0.6,6,design,Hard,18
BANK_2035,Q235,Digital Logic,[Digital Logic Item #235] Determine the counting sequence of a 4-bit Johnson counter starting from 0000. (Variant B7),Apply,0.98,3,determine,Medium,18
BANK_2036,Q236,Digital Logic,[Digital Logic Item #236] Explain race-around condition in JK flip-flop and how master-slave architecture resolves it. (Variant B7),Create,0.6,6,architecture,Hard,18
BANK_2037,Q237,Digital Logic,[Digital Logic Item #237] Design a 3-bit synchronous up counter using T flip-flops and derive next-state equations. (Variant B7),Create,0.67,6,design,Hard,19
BANK_2038,Q238,Digital Logic,[Digital Logic Item #238] Design a sequence detector FSM that detects overlapping occurrences of string '1011'. (Variant B7),Create,0.98,6,design,Hard,18
BANK_2039,Q239,Digital Logic,[Digital Logic Item #239] Differentiate between Mealy and Moore Finite State Machine models with state transition diagrams. (Variant B7),Analyze,0.62,4,differentiate,Medium,19
BANK_2040,Q240,Digital Logic,"[Digital Logic Item #240] Design a 4-bit Arithmetic Logic Unit (ALU) supporting AND, OR, ADD, SUB, XOR operations with control lines. (Variant B7)",Create,0.98,6,design,Medium,23
BANK_2041,Q241,Digital Logic,[Digital Logic Item #241] Convert decimal number 224 into radix-5 (base-5) notation. (Variant B8),Understand,0.5,2,N/A,Easy,14
BANK_2042,Q242,Digital Logic,[Digital Logic Item #242] Convert radix-4 number 132 into radix-5 representation. (Variant B8),Understand,0.5,2,N/A,Easy,13
BANK_2043,Q243,Digital Logic,[Digital Logic Item #243] Multiply two IEEE-754 single precision floating point numbers P=0xC1800000 and Q=0x3F5C2EF4. (Variant B8),Understand,0.5,2,N/A,Easy,17
BANK_2044,Q244,Digital Logic,[Digital Logic Item #244] Detect arithmetic overflow when adding 5-bit signed 2's complement numbers A=01010 (+10) and B=11010 (-6). (Variant B8),Remember,0.98,1,when,Medium,21
BANK_2045,Q245,Digital Logic,[Digital Logic Item #245] Find the 16-bit 2's complement decimal equivalent of 1111 1111 1111 0101. (Variant B8),Understand,0.5,2,N/A,Easy,18
BANK_2046,Q246,Digital Logic,[Digital Logic Item #246] Calculate number of bits needed to represent a 64-digit decimal number in binary. (Variant B8),Apply,0.98,3,calculate,Medium,19
BANK_2047,Q247,Digital Logic,[Digital Logic Item #247] Count number of 1s in binary representation of (3 * 4096 + 15 * 256 + 5 * 16 + 3). (Variant B8),Understand,0.5,2,N/A,Medium,27
BANK_2048,Q248,Digital Logic,[Digital Logic Item #248] Find the base r such that (43)_r = (y3)_8 holds. (Variant B8),Understand,0.5,2,N/A,Easy,16
BANK_2049,Q249,Digital Logic,[Digital Logic Item #249] Convert decimal number -14.25 into IEEE-754 single precision hexadecimal format. (Variant B8),Understand,0.5,2,N/A,Easy,16
BANK_2050,Q250,Digital Logic,[Digital Logic Item #250] Perform binary subtraction: 1101101_2 - 101101_2 using 2's complement. (Variant B8),Understand,0.5,2,N/A,Easy,15
BANK_2051,Q251,Digital Logic,[Digital Logic Item #251] Represent decimal number -18.375 in IEEE-754 single precision format. (Variant B8),Understand,0.5,2,N/A,Easy,15
BANK_2052,Q252,Digital Logic,[Digital Logic Item #252] Convert binary string 1011 into its Gray code equivalent. (Variant B8),Understand,0.5,2,N/A,Easy,15
BANK_2053,Q253,Digital Logic,[Digital Logic Item #253] Perform BCD addition of 97 + 45 and show correction steps (+6 rule). (Variant B8),Understand,0.5,2,N/A,Easy,19
BANK_2054,Q254,Digital Logic,"[Digital Logic Item #254] Minimize Boolean expression F(A,B,C,D) = Sum_m(0,2,5,7,8,10,13,15) using 4-variable Karnaugh Map. (Variant B8)",Understand,0.5,2,N/A,Easy,16
BANK_2055,Q255,Digital Logic,"[Digital Logic Item #255] Find the number of essential prime implicants for Boolean function F(P,Q,R,S) = Sum_m(0,2,5,7,9,11) + d(3,8,10,12,14). (Variant B8)",Understand,0.5,2,N/A,Medium,21
BANK_2056,Q256,Digital Logic,"[Digital Logic Item #256] Simplify Product of Sums (POS) expression for f(w,x,y,z) = Sum_m(0,1,2,3,7,8,10) + d(5,6,11,15). (Variant B8)",Understand,0.5,2,N/A,Easy,18
BANK_2057,Q257,Digital Logic,[Digital Logic Item #257] Calculate minimum number of 2-input NAND gates required to implement a 2-input XOR gate. (Variant B8),Apply,0.98,3,calculate,Medium,20
BANK_2058,Q258,Digital Logic,[Digital Logic Item #258] Prove De Morgan's Law: (A + B)' = A' . B' using truth tables. (Variant B8),Understand,0.5,2,N/A,Medium,20
BANK_2059,Q259,Digital Logic,[Digital Logic Item #259] Calculate minimum size of multiplexer needed to implement any n-variable Boolean function with 1 inverter. (Variant B8),Apply,0.98,3,calculate,Medium,21
BANK_2060,Q260,Digital Logic,[Digital Logic Item #260] How many 3-to-8 line decoders are needed to construct a 6-to-64 line decoder without extra gates? (Variant B8),Apply,0.98,3,construct,Medium,22
BANK_2061,Q261,Digital Logic,"[Digital Logic Item #261] Design a 4-bit carry lookahead adder using AND, OR, XOR gates and calculate total propagation delay. (Variant B8)",Create,0.6,6,design,Medium,22
BANK_2062,Q262,Digital Logic,[Digital Logic Item #262] Find the number of select lines required for a 32-to-1 multiplexer. (Variant B8),Understand,0.5,2,N/A,Easy,17
BANK_2063,Q263,Digital Logic,[Digital Logic Item #263] Calculate minimum number of JK flip-flops needed to design a synchronous counter counting sequence 0-1-0-2-0-3. (Variant B8),Create,0.6,6,design,Medium,21
BANK_2064,Q264,Digital Logic,[Digital Logic Item #264] Calculate minimum number of D flip-flops required to design a MOD-258 counter. (Variant B8),Create,0.6,6,design,Hard,18
BANK_2065,Q265,Digital Logic,[Digital Logic Item #265] Determine the counting sequence of a 4-bit Johnson counter starting from 0000. (Variant B8),Apply,0.98,3,determine,Medium,18
BANK_2066,Q266,Digital Logic,[Digital Logic Item #266] Explain race-around condition in JK flip-flop and how master-slave architecture resolves it. (Variant B8),Create,0.6,6,architecture,Hard,18
BANK_2067,Q267,Digital Logic,[Digital Logic Item #267] Design a 3-bit synchronous up counter using T flip-flops and derive next-state equations. (Variant B8),Create,0.67,6,design,Hard,19
BANK_2068,Q268,Digital Logic,[Digital Logic Item #268] Design a sequence detector FSM that detects overlapping occurrences of string '1011'. (Variant B8),Create,0.98,6,design,Hard,18
BANK_2069,Q269,Digital Logic,[Digital Logic Item #269] Differentiate between Mealy and Moore Finite State Machine models with state transition diagrams. (Variant B8),Analyze,0.62,4,differentiate,Medium,19
BANK_2070,Q270,Digital Logic,"[Digital Logic Item #270] Design a 4-bit Arithmetic Logic Unit (ALU) supporting AND, OR, ADD, SUB, XOR operations with control lines. (Variant B8)",Create,0.98,6,design,Medium,23
BANK_2071,Q271,Digital Logic,[Digital Logic Item #271] Convert decimal number 224 into radix-5 (base-5) notation. (Variant B9),Understand,0.5,2,N/A,Easy,14
BANK_2072,Q272,Digital Logic,[Digital Logic Item #272] Convert radix-4 number 132 into radix-5 representation. (Variant B9),Understand,0.5,2,N/A,Easy,13
BANK_2073,Q273,Digital Logic,[Digital Logic Item #273] Multiply two IEEE-754 single precision floating point numbers P=0xC1800000 and Q=0x3F5C2EF4. (Variant B9),Understand,0.5,2,N/A,Easy,17
BANK_2074,Q274,Digital Logic,[Digital Logic Item #274] Detect arithmetic overflow when adding 5-bit signed 2's complement numbers A=01010 (+10) and B=11010 (-6). (Variant B9),Remember,0.98,1,when,Medium,21
BANK_2075,Q275,Digital Logic,[Digital Logic Item #275] Find the 16-bit 2's complement decimal equivalent of 1111 1111 1111 0101. (Variant B9),Understand,0.5,2,N/A,Easy,18
BANK_2076,Q276,Digital Logic,[Digital Logic Item #276] Calculate number of bits needed to represent a 64-digit decimal number in binary. (Variant B9),Apply,0.98,3,calculate,Medium,19
BANK_2077,Q277,Digital Logic,[Digital Logic Item #277] Count number of 1s in binary representation of (3 * 4096 + 15 * 256 + 5 * 16 + 3). (Variant B9),Understand,0.5,2,N/A,Medium,27
BANK_2078,Q278,Digital Logic,[Digital Logic Item #278] Find the base r such that (43)_r = (y3)_8 holds. (Variant B9),Understand,0.5,2,N/A,Easy,16
BANK_2079,Q279,Digital Logic,[Digital Logic Item #279] Convert decimal number -14.25 into IEEE-754 single precision hexadecimal format. (Variant B9),Understand,0.5,2,N/A,Easy,16
BANK_2080,Q280,Digital Logic,[Digital Logic Item #280] Perform binary subtraction: 1101101_2 - 101101_2 using 2's complement. (Variant B9),Understand,0.5,2,N/A,Easy,15
BANK_2081,Q281,Digital Logic,[Digital Logic Item #281] Represent decimal number -18.375 in IEEE-754 single precision format. (Variant B9),Understand,0.5,2,N/A,Easy,15
BANK_2082,Q282,Digital Logic,[Digital Logic Item #282] Convert binary string 1011 into its Gray code equivalent. (Variant B9),Understand,0.5,2,N/A,Easy,15
BANK_2083,Q283,Digital Logic,[Digital Logic Item #283] Perform BCD addition of 97 + 45 and show correction steps (+6 rule). (Variant B9),Understand,0.5,2,N/A,Easy,19
BANK_2084,Q284,Digital Logic,"[Digital Logic Item #284] Minimize Boolean expression F(A,B,C,D) = Sum_m(0,2,5,7,8,10,13,15) using 4-variable Karnaugh Map. (Variant B9)",Understand,0.5,2,N/A,Easy,16
BANK_2085,Q285,Digital Logic,"[Digital Logic Item #285] Find the number of essential prime implicants for Boolean function F(P,Q,R,S) = Sum_m(0,2,5,7,9,11) + d(3,8,10,12,14). (Variant B9)",Understand,0.5,2,N/A,Medium,21
BANK_2086,Q286,Digital Logic,"[Digital Logic Item #286] Simplify Product of Sums (POS) expression for f(w,x,y,z) = Sum_m(0,1,2,3,7,8,10) + d(5,6,11,15). (Variant B9)",Understand,0.5,2,N/A,Easy,18
BANK_2087,Q287,Digital Logic,[Digital Logic Item #287] Calculate minimum number of 2-input NAND gates required to implement a 2-input XOR gate. (Variant B9),Apply,0.98,3,calculate,Medium,20
BANK_2088,Q288,Digital Logic,[Digital Logic Item #288] Prove De Morgan's Law: (A + B)' = A' . B' using truth tables. (Variant B9),Understand,0.5,2,N/A,Medium,20
BANK_2089,Q289,Digital Logic,[Digital Logic Item #289] Calculate minimum size of multiplexer needed to implement any n-variable Boolean function with 1 inverter. (Variant B9),Apply,0.98,3,calculate,Medium,21
BANK_2090,Q290,Digital Logic,[Digital Logic Item #290] How many 3-to-8 line decoders are needed to construct a 6-to-64 line decoder without extra gates? (Variant B9),Apply,0.98,3,construct,Medium,22
BANK_2091,Q291,Digital Logic,"[Digital Logic Item #291] Design a 4-bit carry lookahead adder using AND, OR, XOR gates and calculate total propagation delay. (Variant B9)",Create,0.6,6,design,Medium,22
BANK_2092,Q292,Digital Logic,[Digital Logic Item #292] Find the number of select lines required for a 32-to-1 multiplexer. (Variant B9),Understand,0.5,2,N/A,Easy,17
BANK_2093,Q293,Digital Logic,[Digital Logic Item #293] Calculate minimum number of JK flip-flops needed to design a synchronous counter counting sequence 0-1-0-2-0-3. (Variant B9),Create,0.6,6,design,Medium,21
BANK_2094,Q294,Digital Logic,[Digital Logic Item #294] Calculate minimum number of D flip-flops required to design a MOD-258 counter. (Variant B9),Create,0.6,6,design,Hard,18
BANK_2095,Q295,Digital Logic,[Digital Logic Item #295] Determine the counting sequence of a 4-bit Johnson counter starting from 0000. (Variant B9),Apply,0.98,3,determine,Medium,18
BANK_2096,Q296,Digital Logic,[Digital Logic Item #296] Explain race-around condition in JK flip-flop and how master-slave architecture resolves it. (Variant B9),Create,0.6,6,architecture,Hard,18
BANK_2097,Q297,Digital Logic,[Digital Logic Item #297] Design a 3-bit synchronous up counter using T flip-flops and derive next-state equations. (Variant B9),Create,0.67,6,design,Hard,19
BANK_2098,Q298,Digital Logic,[Digital Logic Item #298] Design a sequence detector FSM that detects overlapping occurrences of string '1011'. (Variant B9),Create,0.98,6,design,Hard,18
BANK_2099,Q299,Digital Logic,[Digital Logic Item #299] Differentiate between Mealy and Moore Finite State Machine models with state transition diagrams. (Variant B9),Analyze,0.62,4,differentiate,Medium,19
BANK_2100,Q300,Digital Logic,"[Digital Logic Item #300] Design a 4-bit Arithmetic Logic Unit (ALU) supporting AND, OR, ADD, SUB, XOR operations with control lines. (Variant B9)",Create,0.98,6,design,Medium,23
BANK_2101,Q1,Theory of Computation,"Count number of strings of length <= 5 over {0,1} not in regular expression r=0*+1* or s=01*+10*.",Understand,0.5,2,N/A,Easy,17
BANK_2102,Q2,Theory of Computation,Find regular expression representing the set of all binary strings divisible by 3.,Understand,0.5,2,N/A,Easy,13
BANK_2103,Q3,Theory of Computation,Construct regular expression for identifier syntax: letter followed by any number of letters or digits.,Apply,0.98,3,construct,Medium,15
BANK_2104,Q4,Theory of Computation,"Construct regular expression for language L = {w in {0,1}* | w has even number of 1s}.",Apply,0.98,3,construct,Medium,17
BANK_2105,Q5,Theory of Computation,"Find Myhill-Nerode equivalence classes for regular grammar S -> bS | aA, A -> aS | bA.",Understand,0.5,2,N/A,Easy,17
BANK_2106,Q6,Theory of Computation,Determine if language L = {a^(2+3k) | k >= 0} union {b^(10+12k) | k >= 0} satisfies Pumping Lemma.,Apply,0.98,3,determine,Medium,19
BANK_2107,Q7,Theory of Computation,"Calculate minimum number of states in a DFA accepting language L = {w in {a,b}* | w has even a's and even b's}.",Apply,0.6,3,calculate,Medium,23
BANK_2108,Q8,Theory of Computation,Calculate minimum number of states in DFA accepting binary strings whose last two symbols are the same.,Remember,0.6,1,state,Easy,17
BANK_2109,Q9,Theory of Computation,Calculate minimum number of states in DFA accepting all strings with number of a's divisible by 6 and b's divisible by 8.,Apply,0.6,3,calculate,Medium,22
BANK_2110,Q10,Theory of Computation,Prove that language L = {a^n b^n | n >= 0} is context-free but not regular using Pumping Lemma.,Understand,0.5,2,N/A,Easy,19
BANK_2111,Q11,Theory of Computation,Convert Context-Free Grammar S -> aSb | epsilon into Chomsky Normal Form (CNF).,Understand,0.5,2,N/A,Easy,13
BANK_2112,Q12,Theory of Computation,Determine if grammar S -> aSb | ab | ba | epsilon is ambiguous by giving 2 parse trees for 'ab'.,Apply,0.98,3,determine,Medium,21
BANK_2113,Q13,Theory of Computation,Design a Pushdown Automaton (PDA) accepting language L = {a^n b^n | n >= 0} by empty stack.,Create,0.98,6,design,Hard,18
BANK_2114,Q14,Theory of Computation,"Prove that context-free languages are closed under union, concatenation, and Kleene star.",Understand,0.5,2,N/A,Easy,12
BANK_2115,Q15,Theory of Computation,Prove that context-free languages are NOT closed under intersection or complementation.,Understand,0.5,2,N/A,Easy,11
BANK_2116,Q16,Theory of Computation,Convert a Pushdown Automaton (PDA) into an equivalent Context-Free Grammar (CFG).,Understand,0.5,2,N/A,Easy,11
BANK_2117,Q17,Theory of Computation,Prove that language L = {a^n b^n c^n | n >= 0} is context-sensitive but not context-free.,Understand,0.5,2,N/A,Easy,17
BANK_2118,Q18,Theory of Computation,"Formally define a Deterministic Turing Machine (DTM) M = (Q, Sigma, Gamma, delta, q0, q_accept, q_reject).",Remember,0.98,1,define,Easy,16
BANK_2119,Q19,Theory of Computation,"Design a Turing Machine that accepts language L = {w in {a,b}* | w has equal number of a's and b's}.",Create,0.98,6,design,Medium,21
BANK_2120,Q20,Theory of Computation,"Prove that the Halting Problem H = {<M, w> | M is a TM that halts on w} is undecidable using diagonal argument.",Understand,0.5,2,N/A,Medium,23
BANK_2121,Q21,Theory of Computation,Prove that Post Correspondence Problem (PCP) is undecidable by reduction from Halting Problem.,Understand,0.5,2,N/A,Easy,13
BANK_2122,Q22,Theory of Computation,Explain Rice's Theorem and its implications on non-trivial semantic properties of Turing machines.,Understand,0.98,2,explain,Easy,13
BANK_2123,Q23,Theory of Computation,Distinguish between Turing-decidable (recursive) and Turing-recognizable (recursively enumerable) languages.,Understand,0.5,2,N/A,Easy,9
BANK_2124,Q24,Theory of Computation,Prove that the complement of every recursive language is recursive.,Understand,0.5,2,N/A,Easy,10
BANK_2125,Q25,Theory of Computation,"Prove that if language L and its complement L' are recursively enumerable, then L is recursive.",Understand,0.5,2,N/A,Easy,16
BANK_2126,Q26,Theory of Computation,Calculate state complexity of converting an N-state NFA to an equivalent minimal DFA using subset construction.,Apply,0.74,3,calculate,Medium,16
BANK_2127,Q27,Theory of Computation,"Construct a regular expression for language avoiding substring '100' over alphabet {0,1}.",Apply,0.98,3,construct,Medium,12
BANK_2128,Q28,Theory of Computation,Design a 2-state Mealy Machine that replaces the first 1 in every block of consecutive 1s with 0.,Create,0.67,6,design,Hard,18
BANK_2129,Q29,Theory of Computation,Convert epsilon-NFA to equivalent DFA using epsilon-closure algorithm.,Understand,0.5,2,N/A,Easy,8
BANK_2130,Q30,Theory of Computation,"Prove whether language L = {w w | w in {a,b}*} is context-free using Context-Free Pumping Lemma.",Understand,0.5,2,N/A,Easy,17
BANK_2131,Q31,Theory of Computation,"[Theory of Computation Item #31] Count number of strings of length <= 5 over {0,1} not in regular expression r=0*+1* or s=01*+10*. (Variant B1)",Understand,0.5,2,N/A,Medium,24
BANK_2132,Q32,Theory of Computation,[Theory of Computation Item #32] Find regular expression representing the set of all binary strings divisible by 3. (Variant B1),Understand,0.5,2,N/A,Medium,20
BANK_2133,Q33,Theory of Computation,[Theory of Computation Item #33] Construct regular expression for identifier syntax: letter followed by any number of letters or digits. (Variant B1),Apply,0.98,3,construct,Medium,22
BANK_2134,Q34,Theory of Computation,"[Theory of Computation Item #34] Construct regular expression for language L = {w in {0,1}* | w has even number of 1s}. (Variant B1)",Apply,0.98,3,construct,Medium,24
BANK_2135,Q35,Theory of Computation,"[Theory of Computation Item #35] Find Myhill-Nerode equivalence classes for regular grammar S -> bS | aA, A -> aS | bA. (Variant B1)",Understand,0.5,2,N/A,Medium,24
BANK_2136,Q36,Theory of Computation,[Theory of Computation Item #36] Determine if language L = {a^(2+3k) | k >= 0} union {b^(10+12k) | k >= 0} satisfies Pumping Lemma. (Variant B1),Apply,0.98,3,determine,Medium,26
BANK_2137,Q37,Theory of Computation,"[Theory of Computation Item #37] Calculate minimum number of states in a DFA accepting language L = {w in {a,b}* | w has even a's and even b's}. (Variant B1)",Apply,0.6,3,calculate,Medium,30
BANK_2138,Q38,Theory of Computation,[Theory of Computation Item #38] Calculate minimum number of states in DFA accepting binary strings whose last two symbols are the same. (Variant B1),Remember,0.6,1,state,Medium,24
BANK_2139,Q39,Theory of Computation,[Theory of Computation Item #39] Calculate minimum number of states in DFA accepting all strings with number of a's divisible by 6 and b's divisible by 8. (Variant B1),Apply,0.6,3,calculate,Medium,29
BANK_2140,Q40,Theory of Computation,[Theory of Computation Item #40] Prove that language L = {a^n b^n | n >= 0} is context-free but not regular using Pumping Lemma. (Variant B1),Understand,0.5,2,N/A,Medium,26
BANK_2141,Q41,Theory of Computation,[Theory of Computation Item #41] Convert Context-Free Grammar S -> aSb | epsilon into Chomsky Normal Form (CNF). (Variant B1),Understand,0.5,2,N/A,Medium,20
BANK_2142,Q42,Theory of Computation,[Theory of Computation Item #42] Determine if grammar S -> aSb | ab | ba | epsilon is ambiguous by giving 2 parse trees for 'ab'. (Variant B1),Apply,0.98,3,determine,Medium,28
BANK_2143,Q43,Theory of Computation,[Theory of Computation Item #43] Design a Pushdown Automaton (PDA) accepting language L = {a^n b^n | n >= 0} by empty stack. (Variant B1),Create,0.98,6,design,Medium,25
BANK_2144,Q44,Theory of Computation,"[Theory of Computation Item #44] Prove that context-free languages are closed under union, concatenation, and Kleene star. (Variant B1)",Understand,0.5,2,N/A,Easy,19
BANK_2145,Q45,Theory of Computation,[Theory of Computation Item #45] Prove that context-free languages are NOT closed under intersection or complementation. (Variant B1),Understand,0.5,2,N/A,Easy,18
BANK_2146,Q46,Theory of Computation,[Theory of Computation Item #46] Convert a Pushdown Automaton (PDA) into an equivalent Context-Free Grammar (CFG). (Variant B1),Understand,0.5,2,N/A,Easy,18
BANK_2147,Q47,Theory of Computation,[Theory of Computation Item #47] Prove that language L = {a^n b^n c^n | n >= 0} is context-sensitive but not context-free. (Variant B1),Understand,0.5,2,N/A,Medium,24
BANK_2148,Q48,Theory of Computation,"[Theory of Computation Item #48] Formally define a Deterministic Turing Machine (DTM) M = (Q, Sigma, Gamma, delta, q0, q_accept, q_reject). (Variant B1)",Remember,0.98,1,define,Medium,23
BANK_2149,Q49,Theory of Computation,"[Theory of Computation Item #49] Design a Turing Machine that accepts language L = {w in {a,b}* | w has equal number of a's and b's}. (Variant B1)",Create,0.98,6,design,Medium,28
BANK_2150,Q50,Theory of Computation,"[Theory of Computation Item #50] Prove that the Halting Problem H = {<M, w> | M is a TM that halts on w} is undecidable using diagonal argument. (Variant B1)",Understand,0.5,2,N/A,Medium,30
BANK_2151,Q51,Theory of Computation,[Theory of Computation Item #51] Prove that Post Correspondence Problem (PCP) is undecidable by reduction from Halting Problem. (Variant B1),Understand,0.5,2,N/A,Medium,20
BANK_2152,Q52,Theory of Computation,[Theory of Computation Item #52] Explain Rice's Theorem and its implications on non-trivial semantic properties of Turing machines. (Variant B1),Understand,0.98,2,explain,Medium,20
BANK_2153,Q53,Theory of Computation,[Theory of Computation Item #53] Distinguish between Turing-decidable (recursive) and Turing-recognizable (recursively enumerable) languages. (Variant B1),Understand,0.5,2,N/A,Easy,16
BANK_2154,Q54,Theory of Computation,[Theory of Computation Item #54] Prove that the complement of every recursive language is recursive. (Variant B1),Understand,0.5,2,N/A,Easy,17
BANK_2155,Q55,Theory of Computation,"[Theory of Computation Item #55] Prove that if language L and its complement L' are recursively enumerable, then L is recursive. (Variant B1)",Understand,0.5,2,N/A,Medium,23
BANK_2156,Q56,Theory of Computation,[Theory of Computation Item #56] Calculate state complexity of converting an N-state NFA to an equivalent minimal DFA using subset construction. (Variant B1),Apply,0.74,3,calculate,Medium,23
BANK_2157,Q57,Theory of Computation,"[Theory of Computation Item #57] Construct a regular expression for language avoiding substring '100' over alphabet {0,1}. (Variant B1)",Apply,0.98,3,construct,Medium,19
BANK_2158,Q58,Theory of Computation,[Theory of Computation Item #58] Design a 2-state Mealy Machine that replaces the first 1 in every block of consecutive 1s with 0. (Variant B1),Create,0.67,6,design,Medium,25
BANK_2159,Q59,Theory of Computation,[Theory of Computation Item #59] Convert epsilon-NFA to equivalent DFA using epsilon-closure algorithm. (Variant B1),Understand,0.5,2,N/A,Easy,15
BANK_2160,Q60,Theory of Computation,"[Theory of Computation Item #60] Prove whether language L = {w w | w in {a,b}*} is context-free using Context-Free Pumping Lemma. (Variant B1)",Understand,0.5,2,N/A,Medium,24
BANK_2161,Q61,Theory of Computation,"[Theory of Computation Item #61] Count number of strings of length <= 5 over {0,1} not in regular expression r=0*+1* or s=01*+10*. (Variant B2)",Understand,0.5,2,N/A,Medium,24
BANK_2162,Q62,Theory of Computation,[Theory of Computation Item #62] Find regular expression representing the set of all binary strings divisible by 3. (Variant B2),Understand,0.5,2,N/A,Medium,20
BANK_2163,Q63,Theory of Computation,[Theory of Computation Item #63] Construct regular expression for identifier syntax: letter followed by any number of letters or digits. (Variant B2),Apply,0.98,3,construct,Medium,22
BANK_2164,Q64,Theory of Computation,"[Theory of Computation Item #64] Construct regular expression for language L = {w in {0,1}* | w has even number of 1s}. (Variant B2)",Apply,0.98,3,construct,Medium,24
BANK_2165,Q65,Theory of Computation,"[Theory of Computation Item #65] Find Myhill-Nerode equivalence classes for regular grammar S -> bS | aA, A -> aS | bA. (Variant B2)",Understand,0.5,2,N/A,Medium,24
BANK_2166,Q66,Theory of Computation,[Theory of Computation Item #66] Determine if language L = {a^(2+3k) | k >= 0} union {b^(10+12k) | k >= 0} satisfies Pumping Lemma. (Variant B2),Apply,0.98,3,determine,Medium,26
BANK_2167,Q67,Theory of Computation,"[Theory of Computation Item #67] Calculate minimum number of states in a DFA accepting language L = {w in {a,b}* | w has even a's and even b's}. (Variant B2)",Apply,0.6,3,calculate,Medium,30
BANK_2168,Q68,Theory of Computation,[Theory of Computation Item #68] Calculate minimum number of states in DFA accepting binary strings whose last two symbols are the same. (Variant B2),Remember,0.6,1,state,Medium,24
BANK_2169,Q69,Theory of Computation,[Theory of Computation Item #69] Calculate minimum number of states in DFA accepting all strings with number of a's divisible by 6 and b's divisible by 8. (Variant B2),Apply,0.6,3,calculate,Medium,29
BANK_2170,Q70,Theory of Computation,[Theory of Computation Item #70] Prove that language L = {a^n b^n | n >= 0} is context-free but not regular using Pumping Lemma. (Variant B2),Understand,0.5,2,N/A,Medium,26
BANK_2171,Q71,Theory of Computation,[Theory of Computation Item #71] Convert Context-Free Grammar S -> aSb | epsilon into Chomsky Normal Form (CNF). (Variant B2),Understand,0.5,2,N/A,Medium,20
BANK_2172,Q72,Theory of Computation,[Theory of Computation Item #72] Determine if grammar S -> aSb | ab | ba | epsilon is ambiguous by giving 2 parse trees for 'ab'. (Variant B2),Apply,0.98,3,determine,Medium,28
BANK_2173,Q73,Theory of Computation,[Theory of Computation Item #73] Design a Pushdown Automaton (PDA) accepting language L = {a^n b^n | n >= 0} by empty stack. (Variant B2),Create,0.98,6,design,Medium,25
BANK_2174,Q74,Theory of Computation,"[Theory of Computation Item #74] Prove that context-free languages are closed under union, concatenation, and Kleene star. (Variant B2)",Understand,0.5,2,N/A,Easy,19
BANK_2175,Q75,Theory of Computation,[Theory of Computation Item #75] Prove that context-free languages are NOT closed under intersection or complementation. (Variant B2),Understand,0.5,2,N/A,Easy,18
BANK_2176,Q76,Theory of Computation,[Theory of Computation Item #76] Convert a Pushdown Automaton (PDA) into an equivalent Context-Free Grammar (CFG). (Variant B2),Understand,0.5,2,N/A,Easy,18
BANK_2177,Q77,Theory of Computation,[Theory of Computation Item #77] Prove that language L = {a^n b^n c^n | n >= 0} is context-sensitive but not context-free. (Variant B2),Understand,0.5,2,N/A,Medium,24
BANK_2178,Q78,Theory of Computation,"[Theory of Computation Item #78] Formally define a Deterministic Turing Machine (DTM) M = (Q, Sigma, Gamma, delta, q0, q_accept, q_reject). (Variant B2)",Remember,0.98,1,define,Medium,23
BANK_2179,Q79,Theory of Computation,"[Theory of Computation Item #79] Design a Turing Machine that accepts language L = {w in {a,b}* | w has equal number of a's and b's}. (Variant B2)",Create,0.98,6,design,Medium,28
BANK_2180,Q80,Theory of Computation,"[Theory of Computation Item #80] Prove that the Halting Problem H = {<M, w> | M is a TM that halts on w} is undecidable using diagonal argument. (Variant B2)",Understand,0.5,2,N/A,Medium,30
BANK_2181,Q81,Theory of Computation,[Theory of Computation Item #81] Prove that Post Correspondence Problem (PCP) is undecidable by reduction from Halting Problem. (Variant B2),Understand,0.5,2,N/A,Medium,20
BANK_2182,Q82,Theory of Computation,[Theory of Computation Item #82] Explain Rice's Theorem and its implications on non-trivial semantic properties of Turing machines. (Variant B2),Understand,0.98,2,explain,Medium,20
BANK_2183,Q83,Theory of Computation,[Theory of Computation Item #83] Distinguish between Turing-decidable (recursive) and Turing-recognizable (recursively enumerable) languages. (Variant B2),Understand,0.5,2,N/A,Easy,16
BANK_2184,Q84,Theory of Computation,[Theory of Computation Item #84] Prove that the complement of every recursive language is recursive. (Variant B2),Understand,0.5,2,N/A,Easy,17
BANK_2185,Q85,Theory of Computation,"[Theory of Computation Item #85] Prove that if language L and its complement L' are recursively enumerable, then L is recursive. (Variant B2)",Understand,0.5,2,N/A,Medium,23
BANK_2186,Q86,Theory of Computation,[Theory of Computation Item #86] Calculate state complexity of converting an N-state NFA to an equivalent minimal DFA using subset construction. (Variant B2),Apply,0.74,3,calculate,Medium,23
BANK_2187,Q87,Theory of Computation,"[Theory of Computation Item #87] Construct a regular expression for language avoiding substring '100' over alphabet {0,1}. (Variant B2)",Apply,0.98,3,construct,Medium,19
BANK_2188,Q88,Theory of Computation,[Theory of Computation Item #88] Design a 2-state Mealy Machine that replaces the first 1 in every block of consecutive 1s with 0. (Variant B2),Create,0.67,6,design,Medium,25
BANK_2189,Q89,Theory of Computation,[Theory of Computation Item #89] Convert epsilon-NFA to equivalent DFA using epsilon-closure algorithm. (Variant B2),Understand,0.5,2,N/A,Easy,15
BANK_2190,Q90,Theory of Computation,"[Theory of Computation Item #90] Prove whether language L = {w w | w in {a,b}*} is context-free using Context-Free Pumping Lemma. (Variant B2)",Understand,0.5,2,N/A,Medium,24
BANK_2191,Q91,Theory of Computation,"[Theory of Computation Item #91] Count number of strings of length <= 5 over {0,1} not in regular expression r=0*+1* or s=01*+10*. (Variant B3)",Understand,0.5,2,N/A,Medium,24
BANK_2192,Q92,Theory of Computation,[Theory of Computation Item #92] Find regular expression representing the set of all binary strings divisible by 3. (Variant B3),Understand,0.5,2,N/A,Medium,20
BANK_2193,Q93,Theory of Computation,[Theory of Computation Item #93] Construct regular expression for identifier syntax: letter followed by any number of letters or digits. (Variant B3),Apply,0.98,3,construct,Medium,22
BANK_2194,Q94,Theory of Computation,"[Theory of Computation Item #94] Construct regular expression for language L = {w in {0,1}* | w has even number of 1s}. (Variant B3)",Apply,0.98,3,construct,Medium,24
BANK_2195,Q95,Theory of Computation,"[Theory of Computation Item #95] Find Myhill-Nerode equivalence classes for regular grammar S -> bS | aA, A -> aS | bA. (Variant B3)",Understand,0.5,2,N/A,Medium,24
BANK_2196,Q96,Theory of Computation,[Theory of Computation Item #96] Determine if language L = {a^(2+3k) | k >= 0} union {b^(10+12k) | k >= 0} satisfies Pumping Lemma. (Variant B3),Apply,0.98,3,determine,Medium,26
BANK_2197,Q97,Theory of Computation,"[Theory of Computation Item #97] Calculate minimum number of states in a DFA accepting language L = {w in {a,b}* | w has even a's and even b's}. (Variant B3)",Apply,0.6,3,calculate,Medium,30
BANK_2198,Q98,Theory of Computation,[Theory of Computation Item #98] Calculate minimum number of states in DFA accepting binary strings whose last two symbols are the same. (Variant B3),Remember,0.6,1,state,Medium,24
BANK_2199,Q99,Theory of Computation,[Theory of Computation Item #99] Calculate minimum number of states in DFA accepting all strings with number of a's divisible by 6 and b's divisible by 8. (Variant B3),Apply,0.6,3,calculate,Medium,29
BANK_2200,Q100,Theory of Computation,[Theory of Computation Item #100] Prove that language L = {a^n b^n | n >= 0} is context-free but not regular using Pumping Lemma. (Variant B3),Understand,0.5,2,N/A,Medium,26
BANK_2201,Q101,Theory of Computation,[Theory of Computation Item #101] Convert Context-Free Grammar S -> aSb | epsilon into Chomsky Normal Form (CNF). (Variant B3),Understand,0.5,2,N/A,Medium,20
BANK_2202,Q102,Theory of Computation,[Theory of Computation Item #102] Determine if grammar S -> aSb | ab | ba | epsilon is ambiguous by giving 2 parse trees for 'ab'. (Variant B3),Apply,0.98,3,determine,Medium,28
BANK_2203,Q103,Theory of Computation,[Theory of Computation Item #103] Design a Pushdown Automaton (PDA) accepting language L = {a^n b^n | n >= 0} by empty stack. (Variant B3),Create,0.98,6,design,Medium,25
BANK_2204,Q104,Theory of Computation,"[Theory of Computation Item #104] Prove that context-free languages are closed under union, concatenation, and Kleene star. (Variant B3)",Understand,0.5,2,N/A,Easy,19
BANK_2205,Q105,Theory of Computation,[Theory of Computation Item #105] Prove that context-free languages are NOT closed under intersection or complementation. (Variant B3),Understand,0.5,2,N/A,Easy,18
BANK_2206,Q106,Theory of Computation,[Theory of Computation Item #106] Convert a Pushdown Automaton (PDA) into an equivalent Context-Free Grammar (CFG). (Variant B3),Understand,0.5,2,N/A,Easy,18
BANK_2207,Q107,Theory of Computation,[Theory of Computation Item #107] Prove that language L = {a^n b^n c^n | n >= 0} is context-sensitive but not context-free. (Variant B3),Understand,0.5,2,N/A,Medium,24
BANK_2208,Q108,Theory of Computation,"[Theory of Computation Item #108] Formally define a Deterministic Turing Machine (DTM) M = (Q, Sigma, Gamma, delta, q0, q_accept, q_reject). (Variant B3)",Remember,0.98,1,define,Medium,23
BANK_2209,Q109,Theory of Computation,"[Theory of Computation Item #109] Design a Turing Machine that accepts language L = {w in {a,b}* | w has equal number of a's and b's}. (Variant B3)",Create,0.98,6,design,Medium,28
BANK_2210,Q110,Theory of Computation,"[Theory of Computation Item #110] Prove that the Halting Problem H = {<M, w> | M is a TM that halts on w} is undecidable using diagonal argument. (Variant B3)",Understand,0.5,2,N/A,Medium,30
BANK_2211,Q111,Theory of Computation,[Theory of Computation Item #111] Prove that Post Correspondence Problem (PCP) is undecidable by reduction from Halting Problem. (Variant B3),Understand,0.5,2,N/A,Medium,20
BANK_2212,Q112,Theory of Computation,[Theory of Computation Item #112] Explain Rice's Theorem and its implications on non-trivial semantic properties of Turing machines. (Variant B3),Understand,0.98,2,explain,Medium,20
BANK_2213,Q113,Theory of Computation,[Theory of Computation Item #113] Distinguish between Turing-decidable (recursive) and Turing-recognizable (recursively enumerable) languages. (Variant B3),Understand,0.5,2,N/A,Easy,16
BANK_2214,Q114,Theory of Computation,[Theory of Computation Item #114] Prove that the complement of every recursive language is recursive. (Variant B3),Understand,0.5,2,N/A,Easy,17
BANK_2215,Q115,Theory of Computation,"[Theory of Computation Item #115] Prove that if language L and its complement L' are recursively enumerable, then L is recursive. (Variant B3)",Understand,0.5,2,N/A,Medium,23
BANK_2216,Q116,Theory of Computation,[Theory of Computation Item #116] Calculate state complexity of converting an N-state NFA to an equivalent minimal DFA using subset construction. (Variant B3),Apply,0.74,3,calculate,Medium,23
BANK_2217,Q117,Theory of Computation,"[Theory of Computation Item #117] Construct a regular expression for language avoiding substring '100' over alphabet {0,1}. (Variant B3)",Apply,0.98,3,construct,Medium,19
BANK_2218,Q118,Theory of Computation,[Theory of Computation Item #118] Design a 2-state Mealy Machine that replaces the first 1 in every block of consecutive 1s with 0. (Variant B3),Create,0.67,6,design,Medium,25
BANK_2219,Q119,Theory of Computation,[Theory of Computation Item #119] Convert epsilon-NFA to equivalent DFA using epsilon-closure algorithm. (Variant B3),Understand,0.5,2,N/A,Easy,15
BANK_2220,Q120,Theory of Computation,"[Theory of Computation Item #120] Prove whether language L = {w w | w in {a,b}*} is context-free using Context-Free Pumping Lemma. (Variant B3)",Understand,0.5,2,N/A,Medium,24
BANK_2221,Q121,Theory of Computation,"[Theory of Computation Item #121] Count number of strings of length <= 5 over {0,1} not in regular expression r=0*+1* or s=01*+10*. (Variant B4)",Understand,0.5,2,N/A,Medium,24
BANK_2222,Q122,Theory of Computation,[Theory of Computation Item #122] Find regular expression representing the set of all binary strings divisible by 3. (Variant B4),Understand,0.5,2,N/A,Medium,20
BANK_2223,Q123,Theory of Computation,[Theory of Computation Item #123] Construct regular expression for identifier syntax: letter followed by any number of letters or digits. (Variant B4),Apply,0.98,3,construct,Medium,22
BANK_2224,Q124,Theory of Computation,"[Theory of Computation Item #124] Construct regular expression for language L = {w in {0,1}* | w has even number of 1s}. (Variant B4)",Apply,0.98,3,construct,Medium,24
BANK_2225,Q125,Theory of Computation,"[Theory of Computation Item #125] Find Myhill-Nerode equivalence classes for regular grammar S -> bS | aA, A -> aS | bA. (Variant B4)",Understand,0.5,2,N/A,Medium,24
BANK_2226,Q126,Theory of Computation,[Theory of Computation Item #126] Determine if language L = {a^(2+3k) | k >= 0} union {b^(10+12k) | k >= 0} satisfies Pumping Lemma. (Variant B4),Apply,0.98,3,determine,Medium,26
BANK_2227,Q127,Theory of Computation,"[Theory of Computation Item #127] Calculate minimum number of states in a DFA accepting language L = {w in {a,b}* | w has even a's and even b's}. (Variant B4)",Apply,0.6,3,calculate,Medium,30
BANK_2228,Q128,Theory of Computation,[Theory of Computation Item #128] Calculate minimum number of states in DFA accepting binary strings whose last two symbols are the same. (Variant B4),Remember,0.6,1,state,Medium,24
BANK_2229,Q129,Theory of Computation,[Theory of Computation Item #129] Calculate minimum number of states in DFA accepting all strings with number of a's divisible by 6 and b's divisible by 8. (Variant B4),Apply,0.6,3,calculate,Medium,29
BANK_2230,Q130,Theory of Computation,[Theory of Computation Item #130] Prove that language L = {a^n b^n | n >= 0} is context-free but not regular using Pumping Lemma. (Variant B4),Understand,0.5,2,N/A,Medium,26
BANK_2231,Q131,Theory of Computation,[Theory of Computation Item #131] Convert Context-Free Grammar S -> aSb | epsilon into Chomsky Normal Form (CNF). (Variant B4),Understand,0.5,2,N/A,Medium,20
BANK_2232,Q132,Theory of Computation,[Theory of Computation Item #132] Determine if grammar S -> aSb | ab | ba | epsilon is ambiguous by giving 2 parse trees for 'ab'. (Variant B4),Apply,0.98,3,determine,Medium,28
BANK_2233,Q133,Theory of Computation,[Theory of Computation Item #133] Design a Pushdown Automaton (PDA) accepting language L = {a^n b^n | n >= 0} by empty stack. (Variant B4),Create,0.98,6,design,Medium,25
BANK_2234,Q134,Theory of Computation,"[Theory of Computation Item #134] Prove that context-free languages are closed under union, concatenation, and Kleene star. (Variant B4)",Understand,0.5,2,N/A,Easy,19
BANK_2235,Q135,Theory of Computation,[Theory of Computation Item #135] Prove that context-free languages are NOT closed under intersection or complementation. (Variant B4),Understand,0.5,2,N/A,Easy,18
BANK_2236,Q136,Theory of Computation,[Theory of Computation Item #136] Convert a Pushdown Automaton (PDA) into an equivalent Context-Free Grammar (CFG). (Variant B4),Understand,0.5,2,N/A,Easy,18
BANK_2237,Q137,Theory of Computation,[Theory of Computation Item #137] Prove that language L = {a^n b^n c^n | n >= 0} is context-sensitive but not context-free. (Variant B4),Understand,0.5,2,N/A,Medium,24
BANK_2238,Q138,Theory of Computation,"[Theory of Computation Item #138] Formally define a Deterministic Turing Machine (DTM) M = (Q, Sigma, Gamma, delta, q0, q_accept, q_reject). (Variant B4)",Remember,0.98,1,define,Medium,23
BANK_2239,Q139,Theory of Computation,"[Theory of Computation Item #139] Design a Turing Machine that accepts language L = {w in {a,b}* | w has equal number of a's and b's}. (Variant B4)",Create,0.98,6,design,Medium,28
BANK_2240,Q140,Theory of Computation,"[Theory of Computation Item #140] Prove that the Halting Problem H = {<M, w> | M is a TM that halts on w} is undecidable using diagonal argument. (Variant B4)",Understand,0.5,2,N/A,Medium,30
BANK_2241,Q141,Theory of Computation,[Theory of Computation Item #141] Prove that Post Correspondence Problem (PCP) is undecidable by reduction from Halting Problem. (Variant B4),Understand,0.5,2,N/A,Medium,20
BANK_2242,Q142,Theory of Computation,[Theory of Computation Item #142] Explain Rice's Theorem and its implications on non-trivial semantic properties of Turing machines. (Variant B4),Understand,0.98,2,explain,Medium,20
BANK_2243,Q143,Theory of Computation,[Theory of Computation Item #143] Distinguish between Turing-decidable (recursive) and Turing-recognizable (recursively enumerable) languages. (Variant B4),Understand,0.5,2,N/A,Easy,16
BANK_2244,Q144,Theory of Computation,[Theory of Computation Item #144] Prove that the complement of every recursive language is recursive. (Variant B4),Understand,0.5,2,N/A,Easy,17
BANK_2245,Q145,Theory of Computation,"[Theory of Computation Item #145] Prove that if language L and its complement L' are recursively enumerable, then L is recursive. (Variant B4)",Understand,0.5,2,N/A,Medium,23
BANK_2246,Q146,Theory of Computation,[Theory of Computation Item #146] Calculate state complexity of converting an N-state NFA to an equivalent minimal DFA using subset construction. (Variant B4),Apply,0.74,3,calculate,Medium,23
BANK_2247,Q147,Theory of Computation,"[Theory of Computation Item #147] Construct a regular expression for language avoiding substring '100' over alphabet {0,1}. (Variant B4)",Apply,0.98,3,construct,Medium,19
BANK_2248,Q148,Theory of Computation,[Theory of Computation Item #148] Design a 2-state Mealy Machine that replaces the first 1 in every block of consecutive 1s with 0. (Variant B4),Create,0.67,6,design,Medium,25
BANK_2249,Q149,Theory of Computation,[Theory of Computation Item #149] Convert epsilon-NFA to equivalent DFA using epsilon-closure algorithm. (Variant B4),Understand,0.5,2,N/A,Easy,15
BANK_2250,Q150,Theory of Computation,"[Theory of Computation Item #150] Prove whether language L = {w w | w in {a,b}*} is context-free using Context-Free Pumping Lemma. (Variant B4)",Understand,0.5,2,N/A,Medium,24
BANK_2251,Q151,Theory of Computation,"[Theory of Computation Item #151] Count number of strings of length <= 5 over {0,1} not in regular expression r=0*+1* or s=01*+10*. (Variant B5)",Understand,0.5,2,N/A,Medium,24
BANK_2252,Q152,Theory of Computation,[Theory of Computation Item #152] Find regular expression representing the set of all binary strings divisible by 3. (Variant B5),Understand,0.5,2,N/A,Medium,20
BANK_2253,Q153,Theory of Computation,[Theory of Computation Item #153] Construct regular expression for identifier syntax: letter followed by any number of letters or digits. (Variant B5),Apply,0.98,3,construct,Medium,22
BANK_2254,Q154,Theory of Computation,"[Theory of Computation Item #154] Construct regular expression for language L = {w in {0,1}* | w has even number of 1s}. (Variant B5)",Apply,0.98,3,construct,Medium,24
BANK_2255,Q155,Theory of Computation,"[Theory of Computation Item #155] Find Myhill-Nerode equivalence classes for regular grammar S -> bS | aA, A -> aS | bA. (Variant B5)",Understand,0.5,2,N/A,Medium,24
BANK_2256,Q156,Theory of Computation,[Theory of Computation Item #156] Determine if language L = {a^(2+3k) | k >= 0} union {b^(10+12k) | k >= 0} satisfies Pumping Lemma. (Variant B5),Apply,0.98,3,determine,Medium,26
BANK_2257,Q157,Theory of Computation,"[Theory of Computation Item #157] Calculate minimum number of states in a DFA accepting language L = {w in {a,b}* | w has even a's and even b's}. (Variant B5)",Apply,0.6,3,calculate,Medium,30
BANK_2258,Q158,Theory of Computation,[Theory of Computation Item #158] Calculate minimum number of states in DFA accepting binary strings whose last two symbols are the same. (Variant B5),Remember,0.6,1,state,Medium,24
BANK_2259,Q159,Theory of Computation,[Theory of Computation Item #159] Calculate minimum number of states in DFA accepting all strings with number of a's divisible by 6 and b's divisible by 8. (Variant B5),Apply,0.6,3,calculate,Medium,29
BANK_2260,Q160,Theory of Computation,[Theory of Computation Item #160] Prove that language L = {a^n b^n | n >= 0} is context-free but not regular using Pumping Lemma. (Variant B5),Understand,0.5,2,N/A,Medium,26
BANK_2261,Q161,Theory of Computation,[Theory of Computation Item #161] Convert Context-Free Grammar S -> aSb | epsilon into Chomsky Normal Form (CNF). (Variant B5),Understand,0.5,2,N/A,Medium,20
BANK_2262,Q162,Theory of Computation,[Theory of Computation Item #162] Determine if grammar S -> aSb | ab | ba | epsilon is ambiguous by giving 2 parse trees for 'ab'. (Variant B5),Apply,0.98,3,determine,Medium,28
BANK_2263,Q163,Theory of Computation,[Theory of Computation Item #163] Design a Pushdown Automaton (PDA) accepting language L = {a^n b^n | n >= 0} by empty stack. (Variant B5),Create,0.98,6,design,Medium,25
BANK_2264,Q164,Theory of Computation,"[Theory of Computation Item #164] Prove that context-free languages are closed under union, concatenation, and Kleene star. (Variant B5)",Understand,0.5,2,N/A,Easy,19
BANK_2265,Q165,Theory of Computation,[Theory of Computation Item #165] Prove that context-free languages are NOT closed under intersection or complementation. (Variant B5),Understand,0.5,2,N/A,Easy,18
BANK_2266,Q166,Theory of Computation,[Theory of Computation Item #166] Convert a Pushdown Automaton (PDA) into an equivalent Context-Free Grammar (CFG). (Variant B5),Understand,0.5,2,N/A,Easy,18
BANK_2267,Q167,Theory of Computation,[Theory of Computation Item #167] Prove that language L = {a^n b^n c^n | n >= 0} is context-sensitive but not context-free. (Variant B5),Understand,0.5,2,N/A,Medium,24
BANK_2268,Q168,Theory of Computation,"[Theory of Computation Item #168] Formally define a Deterministic Turing Machine (DTM) M = (Q, Sigma, Gamma, delta, q0, q_accept, q_reject). (Variant B5)",Remember,0.98,1,define,Medium,23
BANK_2269,Q169,Theory of Computation,"[Theory of Computation Item #169] Design a Turing Machine that accepts language L = {w in {a,b}* | w has equal number of a's and b's}. (Variant B5)",Create,0.98,6,design,Medium,28
BANK_2270,Q170,Theory of Computation,"[Theory of Computation Item #170] Prove that the Halting Problem H = {<M, w> | M is a TM that halts on w} is undecidable using diagonal argument. (Variant B5)",Understand,0.5,2,N/A,Medium,30
BANK_2271,Q171,Theory of Computation,[Theory of Computation Item #171] Prove that Post Correspondence Problem (PCP) is undecidable by reduction from Halting Problem. (Variant B5),Understand,0.5,2,N/A,Medium,20
BANK_2272,Q172,Theory of Computation,[Theory of Computation Item #172] Explain Rice's Theorem and its implications on non-trivial semantic properties of Turing machines. (Variant B5),Understand,0.98,2,explain,Medium,20
BANK_2273,Q173,Theory of Computation,[Theory of Computation Item #173] Distinguish between Turing-decidable (recursive) and Turing-recognizable (recursively enumerable) languages. (Variant B5),Understand,0.5,2,N/A,Easy,16
BANK_2274,Q174,Theory of Computation,[Theory of Computation Item #174] Prove that the complement of every recursive language is recursive. (Variant B5),Understand,0.5,2,N/A,Easy,17
BANK_2275,Q175,Theory of Computation,"[Theory of Computation Item #175] Prove that if language L and its complement L' are recursively enumerable, then L is recursive. (Variant B5)",Understand,0.5,2,N/A,Medium,23
BANK_2276,Q176,Theory of Computation,[Theory of Computation Item #176] Calculate state complexity of converting an N-state NFA to an equivalent minimal DFA using subset construction. (Variant B5),Apply,0.74,3,calculate,Medium,23
BANK_2277,Q177,Theory of Computation,"[Theory of Computation Item #177] Construct a regular expression for language avoiding substring '100' over alphabet {0,1}. (Variant B5)",Apply,0.98,3,construct,Medium,19
BANK_2278,Q178,Theory of Computation,[Theory of Computation Item #178] Design a 2-state Mealy Machine that replaces the first 1 in every block of consecutive 1s with 0. (Variant B5),Create,0.67,6,design,Medium,25
BANK_2279,Q179,Theory of Computation,[Theory of Computation Item #179] Convert epsilon-NFA to equivalent DFA using epsilon-closure algorithm. (Variant B5),Understand,0.5,2,N/A,Easy,15
BANK_2280,Q180,Theory of Computation,"[Theory of Computation Item #180] Prove whether language L = {w w | w in {a,b}*} is context-free using Context-Free Pumping Lemma. (Variant B5)",Understand,0.5,2,N/A,Medium,24
BANK_2281,Q181,Theory of Computation,"[Theory of Computation Item #181] Count number of strings of length <= 5 over {0,1} not in regular expression r=0*+1* or s=01*+10*. (Variant B6)",Understand,0.5,2,N/A,Medium,24
BANK_2282,Q182,Theory of Computation,[Theory of Computation Item #182] Find regular expression representing the set of all binary strings divisible by 3. (Variant B6),Understand,0.5,2,N/A,Medium,20
BANK_2283,Q183,Theory of Computation,[Theory of Computation Item #183] Construct regular expression for identifier syntax: letter followed by any number of letters or digits. (Variant B6),Apply,0.98,3,construct,Medium,22
BANK_2284,Q184,Theory of Computation,"[Theory of Computation Item #184] Construct regular expression for language L = {w in {0,1}* | w has even number of 1s}. (Variant B6)",Apply,0.98,3,construct,Medium,24
BANK_2285,Q185,Theory of Computation,"[Theory of Computation Item #185] Find Myhill-Nerode equivalence classes for regular grammar S -> bS | aA, A -> aS | bA. (Variant B6)",Understand,0.5,2,N/A,Medium,24
BANK_2286,Q186,Theory of Computation,[Theory of Computation Item #186] Determine if language L = {a^(2+3k) | k >= 0} union {b^(10+12k) | k >= 0} satisfies Pumping Lemma. (Variant B6),Apply,0.98,3,determine,Medium,26
BANK_2287,Q187,Theory of Computation,"[Theory of Computation Item #187] Calculate minimum number of states in a DFA accepting language L = {w in {a,b}* | w has even a's and even b's}. (Variant B6)",Apply,0.6,3,calculate,Medium,30
BANK_2288,Q188,Theory of Computation,[Theory of Computation Item #188] Calculate minimum number of states in DFA accepting binary strings whose last two symbols are the same. (Variant B6),Remember,0.6,1,state,Medium,24
BANK_2289,Q189,Theory of Computation,[Theory of Computation Item #189] Calculate minimum number of states in DFA accepting all strings with number of a's divisible by 6 and b's divisible by 8. (Variant B6),Apply,0.6,3,calculate,Medium,29
BANK_2290,Q190,Theory of Computation,[Theory of Computation Item #190] Prove that language L = {a^n b^n | n >= 0} is context-free but not regular using Pumping Lemma. (Variant B6),Understand,0.5,2,N/A,Medium,26
BANK_2291,Q191,Theory of Computation,[Theory of Computation Item #191] Convert Context-Free Grammar S -> aSb | epsilon into Chomsky Normal Form (CNF). (Variant B6),Understand,0.5,2,N/A,Medium,20
BANK_2292,Q192,Theory of Computation,[Theory of Computation Item #192] Determine if grammar S -> aSb | ab | ba | epsilon is ambiguous by giving 2 parse trees for 'ab'. (Variant B6),Apply,0.98,3,determine,Medium,28
BANK_2293,Q193,Theory of Computation,[Theory of Computation Item #193] Design a Pushdown Automaton (PDA) accepting language L = {a^n b^n | n >= 0} by empty stack. (Variant B6),Create,0.98,6,design,Medium,25
BANK_2294,Q194,Theory of Computation,"[Theory of Computation Item #194] Prove that context-free languages are closed under union, concatenation, and Kleene star. (Variant B6)",Understand,0.5,2,N/A,Easy,19
BANK_2295,Q195,Theory of Computation,[Theory of Computation Item #195] Prove that context-free languages are NOT closed under intersection or complementation. (Variant B6),Understand,0.5,2,N/A,Easy,18
BANK_2296,Q196,Theory of Computation,[Theory of Computation Item #196] Convert a Pushdown Automaton (PDA) into an equivalent Context-Free Grammar (CFG). (Variant B6),Understand,0.5,2,N/A,Easy,18
BANK_2297,Q197,Theory of Computation,[Theory of Computation Item #197] Prove that language L = {a^n b^n c^n | n >= 0} is context-sensitive but not context-free. (Variant B6),Understand,0.5,2,N/A,Medium,24
BANK_2298,Q198,Theory of Computation,"[Theory of Computation Item #198] Formally define a Deterministic Turing Machine (DTM) M = (Q, Sigma, Gamma, delta, q0, q_accept, q_reject). (Variant B6)",Remember,0.98,1,define,Medium,23
BANK_2299,Q199,Theory of Computation,"[Theory of Computation Item #199] Design a Turing Machine that accepts language L = {w in {a,b}* | w has equal number of a's and b's}. (Variant B6)",Create,0.98,6,design,Medium,28
BANK_2300,Q200,Theory of Computation,"[Theory of Computation Item #200] Prove that the Halting Problem H = {<M, w> | M is a TM that halts on w} is undecidable using diagonal argument. (Variant B6)",Understand,0.5,2,N/A,Medium,30
BANK_2301,Q201,Theory of Computation,[Theory of Computation Item #201] Prove that Post Correspondence Problem (PCP) is undecidable by reduction from Halting Problem. (Variant B6),Understand,0.5,2,N/A,Medium,20
BANK_2302,Q202,Theory of Computation,[Theory of Computation Item #202] Explain Rice's Theorem and its implications on non-trivial semantic properties of Turing machines. (Variant B6),Understand,0.98,2,explain,Medium,20
BANK_2303,Q203,Theory of Computation,[Theory of Computation Item #203] Distinguish between Turing-decidable (recursive) and Turing-recognizable (recursively enumerable) languages. (Variant B6),Understand,0.5,2,N/A,Easy,16
BANK_2304,Q204,Theory of Computation,[Theory of Computation Item #204] Prove that the complement of every recursive language is recursive. (Variant B6),Understand,0.5,2,N/A,Easy,17
BANK_2305,Q205,Theory of Computation,"[Theory of Computation Item #205] Prove that if language L and its complement L' are recursively enumerable, then L is recursive. (Variant B6)",Understand,0.5,2,N/A,Medium,23
BANK_2306,Q206,Theory of Computation,[Theory of Computation Item #206] Calculate state complexity of converting an N-state NFA to an equivalent minimal DFA using subset construction. (Variant B6),Apply,0.74,3,calculate,Medium,23
BANK_2307,Q207,Theory of Computation,"[Theory of Computation Item #207] Construct a regular expression for language avoiding substring '100' over alphabet {0,1}. (Variant B6)",Apply,0.98,3,construct,Medium,19
BANK_2308,Q208,Theory of Computation,[Theory of Computation Item #208] Design a 2-state Mealy Machine that replaces the first 1 in every block of consecutive 1s with 0. (Variant B6),Create,0.67,6,design,Medium,25
BANK_2309,Q209,Theory of Computation,[Theory of Computation Item #209] Convert epsilon-NFA to equivalent DFA using epsilon-closure algorithm. (Variant B6),Understand,0.5,2,N/A,Easy,15
BANK_2310,Q210,Theory of Computation,"[Theory of Computation Item #210] Prove whether language L = {w w | w in {a,b}*} is context-free using Context-Free Pumping Lemma. (Variant B6)",Understand,0.5,2,N/A,Medium,24
BANK_2311,Q211,Theory of Computation,"[Theory of Computation Item #211] Count number of strings of length <= 5 over {0,1} not in regular expression r=0*+1* or s=01*+10*. (Variant B7)",Understand,0.5,2,N/A,Medium,24
BANK_2312,Q212,Theory of Computation,[Theory of Computation Item #212] Find regular expression representing the set of all binary strings divisible by 3. (Variant B7),Understand,0.5,2,N/A,Medium,20
BANK_2313,Q213,Theory of Computation,[Theory of Computation Item #213] Construct regular expression for identifier syntax: letter followed by any number of letters or digits. (Variant B7),Apply,0.98,3,construct,Medium,22
BANK_2314,Q214,Theory of Computation,"[Theory of Computation Item #214] Construct regular expression for language L = {w in {0,1}* | w has even number of 1s}. (Variant B7)",Apply,0.98,3,construct,Medium,24
BANK_2315,Q215,Theory of Computation,"[Theory of Computation Item #215] Find Myhill-Nerode equivalence classes for regular grammar S -> bS | aA, A -> aS | bA. (Variant B7)",Understand,0.5,2,N/A,Medium,24
BANK_2316,Q216,Theory of Computation,[Theory of Computation Item #216] Determine if language L = {a^(2+3k) | k >= 0} union {b^(10+12k) | k >= 0} satisfies Pumping Lemma. (Variant B7),Apply,0.98,3,determine,Medium,26
BANK_2317,Q217,Theory of Computation,"[Theory of Computation Item #217] Calculate minimum number of states in a DFA accepting language L = {w in {a,b}* | w has even a's and even b's}. (Variant B7)",Apply,0.6,3,calculate,Medium,30
BANK_2318,Q218,Theory of Computation,[Theory of Computation Item #218] Calculate minimum number of states in DFA accepting binary strings whose last two symbols are the same. (Variant B7),Remember,0.6,1,state,Medium,24
BANK_2319,Q219,Theory of Computation,[Theory of Computation Item #219] Calculate minimum number of states in DFA accepting all strings with number of a's divisible by 6 and b's divisible by 8. (Variant B7),Apply,0.6,3,calculate,Medium,29
BANK_2320,Q220,Theory of Computation,[Theory of Computation Item #220] Prove that language L = {a^n b^n | n >= 0} is context-free but not regular using Pumping Lemma. (Variant B7),Understand,0.5,2,N/A,Medium,26
BANK_2321,Q221,Theory of Computation,[Theory of Computation Item #221] Convert Context-Free Grammar S -> aSb | epsilon into Chomsky Normal Form (CNF). (Variant B7),Understand,0.5,2,N/A,Medium,20
BANK_2322,Q222,Theory of Computation,[Theory of Computation Item #222] Determine if grammar S -> aSb | ab | ba | epsilon is ambiguous by giving 2 parse trees for 'ab'. (Variant B7),Apply,0.98,3,determine,Medium,28
BANK_2323,Q223,Theory of Computation,[Theory of Computation Item #223] Design a Pushdown Automaton (PDA) accepting language L = {a^n b^n | n >= 0} by empty stack. (Variant B7),Create,0.98,6,design,Medium,25
BANK_2324,Q224,Theory of Computation,"[Theory of Computation Item #224] Prove that context-free languages are closed under union, concatenation, and Kleene star. (Variant B7)",Understand,0.5,2,N/A,Easy,19
BANK_2325,Q225,Theory of Computation,[Theory of Computation Item #225] Prove that context-free languages are NOT closed under intersection or complementation. (Variant B7),Understand,0.5,2,N/A,Easy,18
BANK_2326,Q226,Theory of Computation,[Theory of Computation Item #226] Convert a Pushdown Automaton (PDA) into an equivalent Context-Free Grammar (CFG). (Variant B7),Understand,0.5,2,N/A,Easy,18
BANK_2327,Q227,Theory of Computation,[Theory of Computation Item #227] Prove that language L = {a^n b^n c^n | n >= 0} is context-sensitive but not context-free. (Variant B7),Understand,0.5,2,N/A,Medium,24
BANK_2328,Q228,Theory of Computation,"[Theory of Computation Item #228] Formally define a Deterministic Turing Machine (DTM) M = (Q, Sigma, Gamma, delta, q0, q_accept, q_reject). (Variant B7)",Remember,0.98,1,define,Medium,23
BANK_2329,Q229,Theory of Computation,"[Theory of Computation Item #229] Design a Turing Machine that accepts language L = {w in {a,b}* | w has equal number of a's and b's}. (Variant B7)",Create,0.98,6,design,Medium,28
BANK_2330,Q230,Theory of Computation,"[Theory of Computation Item #230] Prove that the Halting Problem H = {<M, w> | M is a TM that halts on w} is undecidable using diagonal argument. (Variant B7)",Understand,0.5,2,N/A,Medium,30
BANK_2331,Q231,Theory of Computation,[Theory of Computation Item #231] Prove that Post Correspondence Problem (PCP) is undecidable by reduction from Halting Problem. (Variant B7),Understand,0.5,2,N/A,Medium,20
BANK_2332,Q232,Theory of Computation,[Theory of Computation Item #232] Explain Rice's Theorem and its implications on non-trivial semantic properties of Turing machines. (Variant B7),Understand,0.98,2,explain,Medium,20
BANK_2333,Q233,Theory of Computation,[Theory of Computation Item #233] Distinguish between Turing-decidable (recursive) and Turing-recognizable (recursively enumerable) languages. (Variant B7),Understand,0.5,2,N/A,Easy,16
BANK_2334,Q234,Theory of Computation,[Theory of Computation Item #234] Prove that the complement of every recursive language is recursive. (Variant B7),Understand,0.5,2,N/A,Easy,17
BANK_2335,Q235,Theory of Computation,"[Theory of Computation Item #235] Prove that if language L and its complement L' are recursively enumerable, then L is recursive. (Variant B7)",Understand,0.5,2,N/A,Medium,23
BANK_2336,Q236,Theory of Computation,[Theory of Computation Item #236] Calculate state complexity of converting an N-state NFA to an equivalent minimal DFA using subset construction. (Variant B7),Apply,0.74,3,calculate,Medium,23
BANK_2337,Q237,Theory of Computation,"[Theory of Computation Item #237] Construct a regular expression for language avoiding substring '100' over alphabet {0,1}. (Variant B7)",Apply,0.98,3,construct,Medium,19
BANK_2338,Q238,Theory of Computation,[Theory of Computation Item #238] Design a 2-state Mealy Machine that replaces the first 1 in every block of consecutive 1s with 0. (Variant B7),Create,0.67,6,design,Medium,25
BANK_2339,Q239,Theory of Computation,[Theory of Computation Item #239] Convert epsilon-NFA to equivalent DFA using epsilon-closure algorithm. (Variant B7),Understand,0.5,2,N/A,Easy,15
BANK_2340,Q240,Theory of Computation,"[Theory of Computation Item #240] Prove whether language L = {w w | w in {a,b}*} is context-free using Context-Free Pumping Lemma. (Variant B7)",Understand,0.5,2,N/A,Medium,24
BANK_2341,Q241,Theory of Computation,"[Theory of Computation Item #241] Count number of strings of length <= 5 over {0,1} not in regular expression r=0*+1* or s=01*+10*. (Variant B8)",Understand,0.5,2,N/A,Medium,24
BANK_2342,Q242,Theory of Computation,[Theory of Computation Item #242] Find regular expression representing the set of all binary strings divisible by 3. (Variant B8),Understand,0.5,2,N/A,Medium,20
BANK_2343,Q243,Theory of Computation,[Theory of Computation Item #243] Construct regular expression for identifier syntax: letter followed by any number of letters or digits. (Variant B8),Apply,0.98,3,construct,Medium,22
BANK_2344,Q244,Theory of Computation,"[Theory of Computation Item #244] Construct regular expression for language L = {w in {0,1}* | w has even number of 1s}. (Variant B8)",Apply,0.98,3,construct,Medium,24
BANK_2345,Q245,Theory of Computation,"[Theory of Computation Item #245] Find Myhill-Nerode equivalence classes for regular grammar S -> bS | aA, A -> aS | bA. (Variant B8)",Understand,0.5,2,N/A,Medium,24
BANK_2346,Q246,Theory of Computation,[Theory of Computation Item #246] Determine if language L = {a^(2+3k) | k >= 0} union {b^(10+12k) | k >= 0} satisfies Pumping Lemma. (Variant B8),Apply,0.98,3,determine,Medium,26
BANK_2347,Q247,Theory of Computation,"[Theory of Computation Item #247] Calculate minimum number of states in a DFA accepting language L = {w in {a,b}* | w has even a's and even b's}. (Variant B8)",Apply,0.6,3,calculate,Medium,30
BANK_2348,Q248,Theory of Computation,[Theory of Computation Item #248] Calculate minimum number of states in DFA accepting binary strings whose last two symbols are the same. (Variant B8),Remember,0.6,1,state,Medium,24
BANK_2349,Q249,Theory of Computation,[Theory of Computation Item #249] Calculate minimum number of states in DFA accepting all strings with number of a's divisible by 6 and b's divisible by 8. (Variant B8),Apply,0.6,3,calculate,Medium,29
BANK_2350,Q250,Theory of Computation,[Theory of Computation Item #250] Prove that language L = {a^n b^n | n >= 0} is context-free but not regular using Pumping Lemma. (Variant B8),Understand,0.5,2,N/A,Medium,26
BANK_2351,Q251,Theory of Computation,[Theory of Computation Item #251] Convert Context-Free Grammar S -> aSb | epsilon into Chomsky Normal Form (CNF). (Variant B8),Understand,0.5,2,N/A,Medium,20
BANK_2352,Q252,Theory of Computation,[Theory of Computation Item #252] Determine if grammar S -> aSb | ab | ba | epsilon is ambiguous by giving 2 parse trees for 'ab'. (Variant B8),Apply,0.98,3,determine,Medium,28
BANK_2353,Q253,Theory of Computation,[Theory of Computation Item #253] Design a Pushdown Automaton (PDA) accepting language L = {a^n b^n | n >= 0} by empty stack. (Variant B8),Create,0.98,6,design,Medium,25
BANK_2354,Q254,Theory of Computation,"[Theory of Computation Item #254] Prove that context-free languages are closed under union, concatenation, and Kleene star. (Variant B8)",Understand,0.5,2,N/A,Easy,19
BANK_2355,Q255,Theory of Computation,[Theory of Computation Item #255] Prove that context-free languages are NOT closed under intersection or complementation. (Variant B8),Understand,0.5,2,N/A,Easy,18
BANK_2356,Q256,Theory of Computation,[Theory of Computation Item #256] Convert a Pushdown Automaton (PDA) into an equivalent Context-Free Grammar (CFG). (Variant B8),Understand,0.5,2,N/A,Easy,18
BANK_2357,Q257,Theory of Computation,[Theory of Computation Item #257] Prove that language L = {a^n b^n c^n | n >= 0} is context-sensitive but not context-free. (Variant B8),Understand,0.5,2,N/A,Medium,24
BANK_2358,Q258,Theory of Computation,"[Theory of Computation Item #258] Formally define a Deterministic Turing Machine (DTM) M = (Q, Sigma, Gamma, delta, q0, q_accept, q_reject). (Variant B8)",Remember,0.98,1,define,Medium,23
BANK_2359,Q259,Theory of Computation,"[Theory of Computation Item #259] Design a Turing Machine that accepts language L = {w in {a,b}* | w has equal number of a's and b's}. (Variant B8)",Create,0.98,6,design,Medium,28
BANK_2360,Q260,Theory of Computation,"[Theory of Computation Item #260] Prove that the Halting Problem H = {<M, w> | M is a TM that halts on w} is undecidable using diagonal argument. (Variant B8)",Understand,0.5,2,N/A,Medium,30
BANK_2361,Q261,Theory of Computation,[Theory of Computation Item #261] Prove that Post Correspondence Problem (PCP) is undecidable by reduction from Halting Problem. (Variant B8),Understand,0.5,2,N/A,Medium,20
BANK_2362,Q262,Theory of Computation,[Theory of Computation Item #262] Explain Rice's Theorem and its implications on non-trivial semantic properties of Turing machines. (Variant B8),Understand,0.98,2,explain,Medium,20
BANK_2363,Q263,Theory of Computation,[Theory of Computation Item #263] Distinguish between Turing-decidable (recursive) and Turing-recognizable (recursively enumerable) languages. (Variant B8),Understand,0.5,2,N/A,Easy,16
BANK_2364,Q264,Theory of Computation,[Theory of Computation Item #264] Prove that the complement of every recursive language is recursive. (Variant B8),Understand,0.5,2,N/A,Easy,17
BANK_2365,Q265,Theory of Computation,"[Theory of Computation Item #265] Prove that if language L and its complement L' are recursively enumerable, then L is recursive. (Variant B8)",Understand,0.5,2,N/A,Medium,23
BANK_2366,Q266,Theory of Computation,[Theory of Computation Item #266] Calculate state complexity of converting an N-state NFA to an equivalent minimal DFA using subset construction. (Variant B8),Apply,0.74,3,calculate,Medium,23
BANK_2367,Q267,Theory of Computation,"[Theory of Computation Item #267] Construct a regular expression for language avoiding substring '100' over alphabet {0,1}. (Variant B8)",Apply,0.98,3,construct,Medium,19
BANK_2368,Q268,Theory of Computation,[Theory of Computation Item #268] Design a 2-state Mealy Machine that replaces the first 1 in every block of consecutive 1s with 0. (Variant B8),Create,0.67,6,design,Medium,25
BANK_2369,Q269,Theory of Computation,[Theory of Computation Item #269] Convert epsilon-NFA to equivalent DFA using epsilon-closure algorithm. (Variant B8),Understand,0.5,2,N/A,Easy,15
BANK_2370,Q270,Theory of Computation,"[Theory of Computation Item #270] Prove whether language L = {w w | w in {a,b}*} is context-free using Context-Free Pumping Lemma. (Variant B8)",Understand,0.5,2,N/A,Medium,24
BANK_2371,Q271,Theory of Computation,"[Theory of Computation Item #271] Count number of strings of length <= 5 over {0,1} not in regular expression r=0*+1* or s=01*+10*. (Variant B9)",Understand,0.5,2,N/A,Medium,24
BANK_2372,Q272,Theory of Computation,[Theory of Computation Item #272] Find regular expression representing the set of all binary strings divisible by 3. (Variant B9),Understand,0.5,2,N/A,Medium,20
BANK_2373,Q273,Theory of Computation,[Theory of Computation Item #273] Construct regular expression for identifier syntax: letter followed by any number of letters or digits. (Variant B9),Apply,0.98,3,construct,Medium,22
BANK_2374,Q274,Theory of Computation,"[Theory of Computation Item #274] Construct regular expression for language L = {w in {0,1}* | w has even number of 1s}. (Variant B9)",Apply,0.98,3,construct,Medium,24
BANK_2375,Q275,Theory of Computation,"[Theory of Computation Item #275] Find Myhill-Nerode equivalence classes for regular grammar S -> bS | aA, A -> aS | bA. (Variant B9)",Understand,0.5,2,N/A,Medium,24
BANK_2376,Q276,Theory of Computation,[Theory of Computation Item #276] Determine if language L = {a^(2+3k) | k >= 0} union {b^(10+12k) | k >= 0} satisfies Pumping Lemma. (Variant B9),Apply,0.98,3,determine,Medium,26
BANK_2377,Q277,Theory of Computation,"[Theory of Computation Item #277] Calculate minimum number of states in a DFA accepting language L = {w in {a,b}* | w has even a's and even b's}. (Variant B9)",Apply,0.6,3,calculate,Medium,30
BANK_2378,Q278,Theory of Computation,[Theory of Computation Item #278] Calculate minimum number of states in DFA accepting binary strings whose last two symbols are the same. (Variant B9),Remember,0.6,1,state,Medium,24
BANK_2379,Q279,Theory of Computation,[Theory of Computation Item #279] Calculate minimum number of states in DFA accepting all strings with number of a's divisible by 6 and b's divisible by 8. (Variant B9),Apply,0.6,3,calculate,Medium,29
BANK_2380,Q280,Theory of Computation,[Theory of Computation Item #280] Prove that language L = {a^n b^n | n >= 0} is context-free but not regular using Pumping Lemma. (Variant B9),Understand,0.5,2,N/A,Medium,26
BANK_2381,Q281,Theory of Computation,[Theory of Computation Item #281] Convert Context-Free Grammar S -> aSb | epsilon into Chomsky Normal Form (CNF). (Variant B9),Understand,0.5,2,N/A,Medium,20
BANK_2382,Q282,Theory of Computation,[Theory of Computation Item #282] Determine if grammar S -> aSb | ab | ba | epsilon is ambiguous by giving 2 parse trees for 'ab'. (Variant B9),Apply,0.98,3,determine,Medium,28
BANK_2383,Q283,Theory of Computation,[Theory of Computation Item #283] Design a Pushdown Automaton (PDA) accepting language L = {a^n b^n | n >= 0} by empty stack. (Variant B9),Create,0.98,6,design,Medium,25
BANK_2384,Q284,Theory of Computation,"[Theory of Computation Item #284] Prove that context-free languages are closed under union, concatenation, and Kleene star. (Variant B9)",Understand,0.5,2,N/A,Easy,19
BANK_2385,Q285,Theory of Computation,[Theory of Computation Item #285] Prove that context-free languages are NOT closed under intersection or complementation. (Variant B9),Understand,0.5,2,N/A,Easy,18
BANK_2386,Q286,Theory of Computation,[Theory of Computation Item #286] Convert a Pushdown Automaton (PDA) into an equivalent Context-Free Grammar (CFG). (Variant B9),Understand,0.5,2,N/A,Easy,18
BANK_2387,Q287,Theory of Computation,[Theory of Computation Item #287] Prove that language L = {a^n b^n c^n | n >= 0} is context-sensitive but not context-free. (Variant B9),Understand,0.5,2,N/A,Medium,24
BANK_2388,Q288,Theory of Computation,"[Theory of Computation Item #288] Formally define a Deterministic Turing Machine (DTM) M = (Q, Sigma, Gamma, delta, q0, q_accept, q_reject). (Variant B9)",Remember,0.98,1,define,Medium,23
BANK_2389,Q289,Theory of Computation,"[Theory of Computation Item #289] Design a Turing Machine that accepts language L = {w in {a,b}* | w has equal number of a's and b's}. (Variant B9)",Create,0.98,6,design,Medium,28
BANK_2390,Q290,Theory of Computation,"[Theory of Computation Item #290] Prove that the Halting Problem H = {<M, w> | M is a TM that halts on w} is undecidable using diagonal argument. (Variant B9)",Understand,0.5,2,N/A,Medium,30
BANK_2391,Q291,Theory of Computation,[Theory of Computation Item #291] Prove that Post Correspondence Problem (PCP) is undecidable by reduction from Halting Problem. (Variant B9),Understand,0.5,2,N/A,Medium,20
BANK_2392,Q292,Theory of Computation,[Theory of Computation Item #292] Explain Rice's Theorem and its implications on non-trivial semantic properties of Turing machines. (Variant B9),Understand,0.98,2,explain,Medium,20
BANK_2393,Q293,Theory of Computation,[Theory of Computation Item #293] Distinguish between Turing-decidable (recursive) and Turing-recognizable (recursively enumerable) languages. (Variant B9),Understand,0.5,2,N/A,Easy,16
BANK_2394,Q294,Theory of Computation,[Theory of Computation Item #294] Prove that the complement of every recursive language is recursive. (Variant B9),Understand,0.5,2,N/A,Easy,17
BANK_2395,Q295,Theory of Computation,"[Theory of Computation Item #295] Prove that if language L and its complement L' are recursively enumerable, then L is recursive. (Variant B9)",Understand,0.5,2,N/A,Medium,23
BANK_2396,Q296,Theory of Computation,[Theory of Computation Item #296] Calculate state complexity of converting an N-state NFA to an equivalent minimal DFA using subset construction. (Variant B9),Apply,0.74,3,calculate,Medium,23
BANK_2397,Q297,Theory of Computation,"[Theory of Computation Item #297] Construct a regular expression for language avoiding substring '100' over alphabet {0,1}. (Variant B9)",Apply,0.98,3,construct,Medium,19
BANK_2398,Q298,Theory of Computation,[Theory of Computation Item #298] Design a 2-state Mealy Machine that replaces the first 1 in every block of consecutive 1s with 0. (Variant B9),Create,0.67,6,design,Medium,25
BANK_2399,Q299,Theory of Computation,[Theory of Computation Item #299] Convert epsilon-NFA to equivalent DFA using epsilon-closure algorithm. (Variant B9),Understand,0.5,2,N/A,Easy,15
BANK_2400,Q300,Theory of Computation,"[Theory of Computation Item #300] Prove whether language L = {w w | w in {a,b}*} is context-free using Context-Free Pumping Lemma. (Variant B9)",Understand,0.5,2,N/A,Medium,24
